﻿鄉鎮市區,交易標的,土地區段位置/建物區段門牌,土地移轉總面積(平方公尺),都市土地使用分區,非都市土地使用分區,非都市土地使用編定,交易年月日,交易筆棟數,移轉層次,總樓層數,建物型態,主要用途,主要建材,建築完成年月,建物移轉總面積(平方公尺),建物現況格局-房,建物現況格局-廳,建物現況格局-衛,建物現況格局-隔間,有無管理組織,總價(元),單價(元/平方公尺),車位類別,車位移轉總面積(平方公尺),車位總價(元),備註,編號
The villages and towns urban district,transaction sign,land sector position/building sector house number plate,land shifting total area (square meter),the use zoning or compiles and checks,the non-metropolis land use district,non-metropolis land use,transaction year, month and day,transaction pen number,shifting level,total floor number,building state,main use,main building materials,construction to complete the years,building shifting total area,Building present situation pattern - room,building present situation pattern - hall,building present situation pattern - health,building present situation pattern - compartmented,Whether there is manages the organization,total price (Yuan),the unit price (a Yuan/square meter),the berth category,berth shifting total area (square meter),the berth total price (Yuan),the note,serial number
文山區,房地(土地+建物)+車位,臺北市文山區福興路21巷1~30號,29.32,住,,,1070628,土地1建物1車位1,二層,七層,華廈(10層含以下有電梯),住家用,鋼筋混凝土造,0851122,152.86,2,2,2,有,無,14700000,96166,升降機械,41.5,0,,RPOOMLNLPHNFFAA67CA
文山區,房地(土地+建物)+車位,臺北市文山區和興路26巷11弄31~60號,28.01,住,,,1070618,土地1建物1車位1,二層,八層,華廈(10層含以下有電梯),住家用,鋼筋混凝土造,0940418,121.02000000000001,3,2,1,有,有,16500000,136341,坡道機械,7.51,0,,RPPOMLNLPHNFFAA77CA
文山區,車位,臺北市文山區辛亥路六段31~60號,2.24,住,,,1070623,土地0建物0車位1,,,其他,,,,32.05,0,0,0,有,有,1380000,,坡道平面,32.05,1380000,,RPPNMLQLPHNFFAA97CA
萬華區,房地(土地+建物),臺北市萬華區雙園街21巷9弄1~30號,43.0,住,,,1070624,土地1建物1車位0,二層,二層,公寓(5樓含以下無電梯),住家用,加強磚造,0470723,68.69,3,1,1,有,無,8300000,120833,,0.0,0,,RPOOMLNLPHNFFBA77CA
萬華區,房地(土地+建物),臺北市萬華區武成街35巷16弄1~30號,24.25,住,,,1070626,土地1建物1車位0,一層,四層,公寓(5樓含以下無電梯),工業用,鋼筋混凝土造,0610715,66.48,3,2,1,有,無,11050000,166215,,0.0,0,地下室及一樓空地增建,RPWNMLOLPHNFFBA58CA
文山區,房地(土地+建物),臺北市文山區羅斯福路五段170巷8弄1~30號,34.44,住,,,1070626,土地1建物1車位0,一層，停車場,五層,公寓(5樓含以下無電梯),住商用,鋼筋混凝土造,,122.94,4,2,2,有,無,21000000,170815,,0.0,0,,RPXNMLRLPHNFFAA88CA
文山區,房地(土地+建物)+車位,臺北市文山區興隆路四段213巷1~30號,26.22,住,,,1070603,土地1建物1車位1,二層,八層,華廈(10層含以下有電梯),住家用,鋼筋混凝土造,0950322,170.8,3,2,2,有,有,23500000,137596,坡道平面,27.22,0,含增建或未登記建物。;內含獨立產權車位，未包含在棟數內。,RPPNMLLMPHNFFAA57CA
大同區,房地(土地+建物),臺北市大同區重慶北路一段1~30號,43.07,商,,,1070702,土地1建物1車位0,九層,十二層,住宅大樓(11層含以上有電梯),商業用,鋼筋混凝土造,0700130,483.33,32,1,30,有,有,60500000,125171,,0.0,0,,RPSOMLOKQHNFFBA28CA
中山區,房地(土地+建物),臺北市中山區農安街227巷3弄1~30號,31.46,住,,,1070527,土地1建物1車位0,五層,七層,華廈(10層含以下有電梯),住家用,鋼筋混凝土造,0720817,166.19,4,2,2,有,無,27000000,162465,,0.0,0,,RPRRMLNLPHNFFCA48CA
中山區,車位,臺北市中山區大直街67巷31~60號,4.24,住,,,1070717,土地0建物0車位1,地下層,五層,其他,商業用,鋼筋混凝土造,0740703,22.2,0,0,0,有,無,2200000,,坡道平面,0.0,2200000,,RPOOMLOLPHNFFCA97CA
中山區,房地(土地+建物),臺北市中山區撫順街1~30號,8.49,商,,,1070422,土地1建物1車位0,八層,九層,華廈(10層含以下有電梯),住家用,鋼筋混凝土造,0840823,63.14,1,2,1,有,有,12000000,190054,,0.0,0,,RPPOMLOLPHNFFCA08CA
內湖區,房地(土地+建物),臺北市內湖區民權東路六段121~150號,4.86,商,,,1070618,土地1建物1車位0,六層,十二層,套房(1房1廳1衛),住家用,鋼筋混凝土造,0960621,48.4,1,1,1,有,有,8050000,166322,,0.0,0,,RPPQMLOLPHNFFCA28CA
中山區,房地(土地+建物),臺北市中山區民權東路三段1~30號,17.62,商,,,1070318,土地1建物1車位0,六層,七層,華廈(10層含以下有電梯),住商用,鋼筋混凝土造,0671214,88.41,2,2,1,有,有,16500000,186630,,0.0,0,含增建或未登記建物。,RPRQMLOLPHNFFCA48CA
中山區,房地(土地+建物)+車位,臺北市中山區建國北路一段31~60號,12.5,其他,,,1070630,土地2建物1車位1,六層,十五層,住宅大樓(11層含以上有電梯),住家用,鋼筋混凝土造,0960913,160.66,2,1,2,有,有,29000000,205363,坡道平面,31.62,2500000,,RPUNMLPLPHNFFCA58CA
內湖區,房地(土地+建物),臺北市內湖區康樂街186巷31~60號,11.64,住,,,1070708,土地1建物1車位0,一層,七層,華廈(10層含以下有電梯),住家用,鋼筋混凝土造,0850517,40.27,1,2,1,有,有,5980000,148498,,0.0,0,,RPPOMLPLPHNFFCA18CA
中山區,房地(土地+建物)+車位,臺北市中山區雙城街49巷1~30號,16.91,商,,,1070616,土地1建物1車位1,三層,七層,華廈(10層含以下有電梯),住家用,鋼筋混凝土造,1031113,124.98,3,1,1,有,無,20350000,197506,升降機械,29.54,1500000,含增建或未登記建物。,RPTNMLQLPHNFFCA58CA
中山區,土地,吉林段三小段841~870地號,14.38,其他,,,1070620,土地5建物0車位0,,,其他,,,,0.0,0,0,0,有,無,4203304,292302,,0.0,0,,RPUOMLRLPHNFFCA88CA
中山區,房地(土地+建物),臺北市中山區農安街1~30號,3.74,商,,,1070524,土地1建物1車位0,二層,十四層,套房(1房1廳1衛),商業用,鋼筋混凝土造,0980622,64.15,1,1,1,有,有,11000000,171473,,0.0,0,,RPVOMLRLPHNFFCA98CA
內湖區,房地(土地+建物)+車位,臺北市內湖區金湖路121~150號,44.28,住,,,1070603,土地1建物1車位3,五層,二十六層,住宅大樓(11層含以上有電梯),住家用,見其他登記事項,1011121,367.34000000000003,3,2,3,有,有,78500000,213698,坡道平面,98.0,0,,RPROMLKMPHNFFCA97CA
內湖區,房地(土地+建物),臺北市內湖區內湖路一段61~90號,31.44,工,,,1070622,土地2建物1車位0,四層,五層,公寓(5樓含以下無電梯),工業用,鋼筋混凝土造,0730211,103.49,3,2,2,有,無,9880000,95468,,0.0,0,,RPXPMLKMPHNFFCA68CA
內湖區,土地,潭美段三小段841~870地號,148.0,工,,,1070411,土地2建物0車位0,,,其他,,,,0.0,0,0,0,有,無,38054500,257125,,0.0,0,,RPTNMLSJQHNFFCA68CA
內湖區,土地,潭美段三小段781~810地號,20.5,工,,,1070328,土地3建物0車位0,,,其他,,,,0.0,0,0,0,有,無,5087420,248167,,0.0,0,"受實施耕者有其田自耕保留地交換註記登記限制,台北市政府地政局函於民國106.12.7北市地權字第10633250400號塗銷註記始辦理移轉登記",RPWOMLTJQHNFFCA56CA
內湖區,土地,潭美段三小段781~810地號,171.28,工,,,1070328,土地5建物0車位0,,,其他,,,,0.0,0,0,0,有,無,42522209,248261,,0.0,0,"受實施耕者有其田自耕保留地交換註記登記限制,台北市政府地政局函於民國105.7.7北市地權字第10531709801號及民國106.12.7北市地權字第10633250400號塗銷註記始辦理移轉登記",RPXOMLTJQHNFFCA66CA
內湖區,土地,潭美段三小段781~810地號,20.5,工,,,1070328,土地3建物0車位0,,,其他,,,,0.0,0,0,0,有,無,5087566,248174,,0.0,0,"受實施耕者有其田自耕保留地交換註記登記限制,台北市政府地政局函於民國106.12.7北市地權字第10633250400號塗銷註記始辦理移轉登記",RPPPMLTJQHNFFCA58CA
內湖區,土地,潭美段三小段781~810地號,170.92,工,,,1070328,土地5建物0車位0,,,其他,,,,0.0,0,0,0,有,無,42430725,248249,,0.0,0,"受實施耕者有其田自耕保留地交換註記登記限制,台北市政府地政局函分別於民國105.7.7北市地權字第10531709801號及民國106.12.7北市地權字第10633250400號塗銷註記始辦理移轉登記",RPSPMLTJQHNFFCA88CA
內湖區,土地,潭美段三小段781~810地號,20.5,工,,,1070328,土地3建物0車位0,,,其他,,,,0.0,0,0,0,有,無,5087420,248167,,0.0,0,"受實施耕者有其田自耕保留地交換註記登記限制,台北市政府地政局函於民國106.12.7北市地權字第10633250400號塗銷註記始辦理移轉登記",RPTPMLTJQHNFFCA98CA
內湖區,土地,潭美段三小段781~810地號,60.34,工,,,1070328,土地5建物0車位0,,,其他,,,,0.0,0,0,0,有,無,15150322,251083,,0.0,0,"受實施耕者有其田自耕保留地交換註記登記限制,台北市政府地政局函分別於民國105.7.7北市地權字第10531709801號及民國106.12.7北市地權字第10633250400號塗銷註記始辦理移轉登記,2.本件含未辦保存登記房屋一棟.",RPWNMLNKQHNFFCA58CA
中山區,房地(土地+建物),臺北市中山區五常街31~60號,11.22,住,,,1070705,土地2建物1車位0,四層,十二層,套房(1房1廳1衛),住家用,鋼筋混凝土造,1050115,60.55,1,1,1,有,有,17000000,280760,,0.0,0,,RPXNMLNKQHNFFCA68CA
內湖區,土地,潭美段三小段781~810地號,136.98,工,,,1070425,土地5建物0車位0,,,其他,,,,0.0,0,0,0,有,無,33149920,242006,,0.0,0,"受實施耕者有其田自耕保留地交換註記登記限制,台北市政府地政局函分別於民國105.7.7北市地權字第10531709801號及民國106.12.7北市地權字第10633250400號塗銷註記始辦理移轉登記",RPPOMLNKQHNFFCA97CA
內湖區,土地,潭美段三小段781~810地號,80.74,工,,,1070328,土地1建物0車位0,,,其他,,,,0.0,0,0,0,有,無,20271173,251067,,0.0,0,"受實施耕者有其田自耕保留地交換註記登記限制,台北市政府地政局函於民國105.7.7北市地權字第10531709801號塗銷註記始辦理移轉登記",RPTOMLNKQHNFFCA38CA
內湖區,土地,潭美段三小段781~810地號,80.74,工,,,1070328,土地1建物0車位0,,,其他,,,,0.0,0,0,0,有,無,20271173,251067,,0.0,0,"受實施耕者有其田自耕保留地交換註記登記限制,台北市政府地政局函於民國105.7.7北市地權字第10531709801號塗銷註記始辦理移轉登記.",RPOPMLNKQHNFFCA97CA
中山區,房地(土地+建物),臺北市中山區民族東路91~120號,35.0,住,,,1070626,土地1建物1車位0,一層，騎樓,三層,公寓(5樓含以下無電梯),,加強磚造,,88.31,2,1,1,有,無,24020000,271996,,0.0,0,權利人等二人  .   防火巷增建,RPSQMLKMPHNFFCA28CA
中山區,房地(土地+建物)+車位,臺北市中山區農安街1巷31~60號,16.39,商,,,1070608,土地1建物1車位1,六層,十四層,住宅大樓(11層含以上有電梯),見其他登記事項,鋼筋混凝土造,1050829,217.05,3,2,2,有,有,40220000,185303,坡道平面,52.45,0,,RPXQMLKMPHNFFCA78CA
中山區,房地(土地+建物),臺北市中山區長安東路二段31~60號,8.24,商,,,1070615,土地2建物1車位0,九層,十一層,辦公商業大樓,商業用,鋼筋混凝土造,0640203,56.900000000000006,0,0,0,無,有,9800000,172232,,0.0,0,,RPXNMLLMPHNFFCA58CA
中山區,房地(土地+建物)+車位,臺北市中山區樂群二路121~150號,50.87,住,,,1070615,土地1建物1車位1,二層,十層,華廈(10層含以下有電梯),住家用,鋼筋混凝土造,0890628,174.06,3,2,2,有,有,26150000,150236,坡道平面,0.0,0,陽台外推，所有權人共3人。,RPPOMLLJQHNFFCA67CA
中山區,房地(土地+建物)+車位,臺北市中山區堤頂大道二段271~300號,102.24,住,,,1070606,土地1建物1車位2,九層,十層,華廈(10層含以下有電梯),住家用,鋼骨鋼筋混凝土造,1021014,441.41999999999996,0,0,0,無,有,154800000,408254,坡道平面,79.88,7200000,,RPSOMLNJQHNFFCA18CA
內湖區,房地(土地+建物)+車位,臺北市內湖區瑞光路258巷1~30號,61.39,其他,,,1070622,土地1建物1車位4,三層,十層,廠辦,工業用,見使用執照,0920530,497.92999999999995,3,1,0,有,有,65000000,130540,坡道平面,142.24,0,,RPRNMLPJQHNFFCA18CA
內湖區,房地(土地+建物)+車位,臺北市內湖區成功路四段151~180號,20.32,其他,,,1021230,土地1建物1車位2,二十五層,二十九層,住宅大樓(11層含以上有電梯),住家用,見其他登記事項,1070223,305.94,0,0,0,無,無,79240000,296965,坡道平面,58.2,5670000,1.毛胚屋。2.本案為預售。,RPOQMLQKQHNFFCA38CA
內湖區,房地(土地+建物)+車位,臺北市內湖區成功路四段151~180號,17.38,其他,,,1030919,土地1建物1車位2,二十五層,二十九層,住宅大樓(11層含以上有電梯),住家用,見其他登記事項,1070223,267.55,0,0,0,無,無,75050000,332696,坡道平面,58.2,5400000,1.毛胚屋。2.本案為預售。,RPPQMLQKQHNFFCA48CA
內湖區,房地(土地+建物)+車位,臺北市內湖區成功路四段151~180號,20.32,其他,,,1030914,土地1建物1車位2,二十五層,二十九層,住宅大樓(11層含以上有電梯),住家用,見其他登記事項,1070223,305.94,0,0,0,無,無,89200000,338258,坡道平面,58.2,5400000,1.毛胚屋。2.本案為預售。,RPQQMLQKQHNFFCA58CA
內湖區,房地(土地+建物)+車位,臺北市內湖區成功路四段151~180號,21.11,其他,,,1021202,土地1建物1車位4,二十七層,二十九層,住宅大樓(11層含以上有電梯),住家用,見其他登記事項,1070223,362.74,0,0,0,無,無,93990000,337704,坡道平面,116.4,10800000,1.毛胚屋。2.本案為預售。,RPTQMLQKQHNFFCA88CA
內湖區,房地(土地+建物)+車位,臺北市內湖區成功路四段151~180號,16.97,其他,,,1030103,土地1建物1車位1,二十一層,二十九層,住宅大樓(11層含以上有電梯),住家用,見其他登記事項,1070223,238.63,0,0,0,無,無,70360000,322436,坡道平面,29.1,2800000,1.毛胚屋。2.本案為預售。,RPUQMLQKQHNFFCA98CA
中山區,房地(土地+建物)+車位,臺北市中山區遼寧街62巷1~30號,24.16,住,,,1070618,土地1建物1車位1,二層,六層,華廈(10層含以下有電梯),住家用,鋼筋混凝土造,0870617,109.56,2,2,1,有,有,17350000,158361,坡道平面,0.0,0,,RPPQMLQJQHNFFCA38CA
南港區,房地(土地+建物),臺北市南港區研究院路三段12巷1~30號,62.91,住,,,1070602,土地2建物1車位0,二層,九層,華廈(10層含以下有電梯),住家用,鋼筋混凝土造,0921204,161.01,3,2,2,有,有,16880000,104838,,0.0,0,含增建或未登記建物。,RPUOMLNLPHNFFDA58CA
南港區,房地(土地+建物)+車位,臺北市南港區舊莊街一段241~270號,13.15,住,,,1070505,土地1建物1車位1,七層,七層,套房(1房1廳1衛),見其他登記事項,鋼筋混凝土造,1061228,73.63,1,1,1,有,有,12500000,169768,升降平面,20.61,0,,RPUUMLOLPHNFFDA66CA
南港區,房地(土地+建物)+車位,臺北市南港區舊莊街一段241~270號,24.05,住,,,1070505,土地1建物1車位1,六層,七層,華廈(10層含以下有電梯),見其他登記事項,鋼筋混凝土造,1061228,136.97,2,1,1,有,有,23280000,169964,升降平面,41.22,0,,RPRVMLOLPHNFFDA09CA
松山區,房地(土地+建物)+車位,臺北市松山區南京東路五段151~180號,18.5,其他,,,1070624,土地1建物1車位1,十二層,十八層,住宅大樓(11層含以上有電梯),住家用,見其他登記事項,0991112,279.14,0,0,0,無,有,67500000,241814,坡道平面,35.56,0,,RPWVMLOLPHNFFDA96CA
信義區,房地(土地+建物),臺北市信義區虎林街120巷1~30號,22.5,住,,,1070523,土地1建物1車位0,三層,四層,公寓(5樓含以下無電梯),住家用,鋼筋混凝土造,0600416,70.34,3,2,1,有,無,13500000,191925,,0.0,0,,RPUWMLOLPHNFFDA86CA
信義區,房地(土地+建物),臺北市信義區林口街61~90號,27.25,住,,,1070630,土地1建物1車位0,四層，陽台,四層,公寓(5樓含以下無電梯),住家用,鋼筋混凝土造,,85.31,2,2,1,有,無,15000000,175829,,0.0,0,,RPUNMLPLPHNFFDA68CA
信義區,房地(土地+建物),臺北市信義區松隆路301~330號,28.92,商,,,1070626,土地2建物1車位0,三層,七層,華廈(10層含以下有電梯),住家用,鋼筋混凝土造,0700831,132.71,3,2,2,有,無,21500000,162007,,0.0,0,,RPVOMLPLPHNFFDA88CA
信義區,土地,福德段一小段871~900地號,299.0,其他,,,1070615,土地1建物0車位0,,,其他,,,,0.0,0,0,0,有,無,7433140,24860,,0.0,0,公共設施用地買賣,RPSQMLRLPHNFFDA98CA
信義區,房地(土地+建物),臺北市信義區基隆路一段35巷11弄1~30號,10.15,住,,,1070622,土地1建物1車位0,一層，平台,四層,公寓(5樓含以下無電梯),住家用,鋼筋混凝土造,0640403,86.2,4,2,2,有,無,13100000,151972,,0.0,0,,RPWNMLKMPHNFFDA48CA
南港區,房地(土地+建物),臺北市南港區福德街421~450號,29.6,住,,,1070531,土地1建物1車位0,十八層,十八層,住宅大樓(11層含以上有電梯),見其他登記事項,鋼筋混凝土造,0870521,174.74,4,2,2,有,有,17600000,100721,,0.0,0,,RPVPMLLMPHNFFDA68CA
信義區,房地(土地+建物),臺北市信義區吳興街91~120號,20.75,住,,,1070208,土地1建物1車位0,二層，陽台,四層,公寓(5樓含以下無電梯),,鋼筋混凝土造,,76.81,3,2,2,有,無,14620000,190340,,0.0,0,,RPQRMLLMPHNFFDA38CA
松山區,房地(土地+建物),臺北市松山區南京東路五段211~240號,11.22,其他,,,1070622,土地1建物1車位0,九層,十六層,住宅大樓(11層含以上有電梯),住家用,鋼筋混凝土造,0711110,151.68,4,2,2,有,有,26880000,177215,,0.0,0,,RPOOMLMJQHNFFDA77CA
北投區,房地(土地+建物),臺北市北投區吉利街241~270號,27.66,住,,,1070703,土地3建物1車位0,四層,五層,公寓(5樓含以下無電梯),住家用,鋼筋混凝土造,0720406,104.35999999999999,3,2,2,有,無,12800000,122652,,0.0,0,,RPPQMLNLPHNFFEA38CA
北投區,房地(土地+建物)+車位,臺北市北投區光明路181~210號,5.73,其他,,,1070609,土地1建物1車位1,十二層,十四層,套房(1房1廳1衛),見其他登記事項,鋼筋混凝土造,0940322,55.25,0,0,0,無,有,7500000,135747,坡道平面,0.0,0,增建夾層、陽台外推,RPSQMLNLPHNFFEA68CA
北投區,房地(土地+建物)+車位,臺北市北投區大度路三段271~300號,18.71,住,,,1070625,土地3建物2車位1,十三層,十四層,住宅大樓(11層含以上有電梯),住家用,鋼筋混凝土造,0971013,183.04000000000002,3,2,2,有,有,19500000,106540,坡道平面,40.01,0,含增建或未登記建物。本案二戶打通使用。,RPROMLOLPHNFFEA48CA
士林區,房地(土地+建物)+車位,臺北市士林區大南路301~330號,18.5,工,,,1070608,土地1建物1車位1,十三層,十四層,其他,見其他登記事項,鋼筋混凝土造,0961205,131.07,2,2,1,有,有,18800000,155520,坡道平面,26.26,2500000,含增建或未登記建物。,RPSOMLOLPHNFFEA58CA
士林區,房地(土地+建物),臺北市士林區前港街1~30號,24.0,住,,,1070701,土地1建物1車位0,三層,四層,公寓(5樓含以下無電梯),住家用,鋼筋混凝土造,0620911,76.05,2,2,1,有,無,12300000,161736,,0.0,0,,RPRPMLOLPHNFFEA58CA
士林區,房地(土地+建物)+車位,臺北市士林區重慶北路四段211~240號,14.21,住,,,1070712,土地2建物1車位1,九層,十四層,住宅大樓(11層含以上有電梯),住家用,鋼筋混凝土造,1060413,128.29,1,2,1,有,有,20000000,155885,坡道平面,37.41,0,,RPQNMLPLPHNFFEA38CA
北投區,房地(土地+建物)+車位,臺北市北投區稻香路135巷1~30號,35.22,住,,,1070706,土地1建物1車位1,四層，五層,五層,公寓(5樓含以下無電梯),住家用,鋼筋混凝土造,0791023,161.77,5,2,2,有,有,12400000,76652,坡道平面,0.0,0,,RPSNMLPLPHNFFEA58CA
北投區,車位,臺北市北投區中央北路一段31~60號,4.06,住,,,1070615,土地0建物0車位1,地下二層,十三層,其他,見使用執照,鋼筋混凝土造,0791123,12.98,0,0,0,有,有,1200000,,升降機械,12.98,1200000,,RPQOMLKMPHNFFEA08CA
士林區,土地,溪洲段三小段541~570地號,140.4,其他,,,1070702,土地3建物0車位0,,,其他,,,,0.0,0,0,0,有,無,4671700,33274,,0.0,0,,RPSNMLMJQHNFFEA18CA
北投區,房地(土地+建物)+車位,臺北市北投區文林北路121~150號,13.42,住,,,1070529,土地1建物1車位1,十層,二十五層,住宅大樓(11層含以上有電梯),住家用,見其他登記事項,1060220,193.39999999999998,0,0,0,無,有,48500000,281767,坡道平面,28.37,2000000,,RPRPMLMJQHNFFEA28CA
士林區,房地(土地+建物),臺北市士林區天母西路50巷31~60號,48.4,住,,,1070605,土地1建物1車位0,八層,十二層,住宅大樓(11層含以上有電梯),住家用,鋼筋混凝土造,0871125,225.71,3,2,3,有,有,66580000,294980,,0.0,0,,RPXOMLQJQHNFFEA56CA
士林區,車位,臺北市士林區天母西路50巷31~60號,16.8,住,,,1070605,土地0建物0車位3,,,其他,,,,111.47,0,0,0,有,有,9000000,,坡道平面,0.0,9000000,,RPPPMLQJQHNFFEA48CA
松山區,房地(土地+建物),臺北市松山區民生東路五段36巷4弄1~30號,19.35,其他,,,1070628,土地1建物2車位0,一層,四層,店面(店鋪),商業用,鋼筋混凝土造,0670602,51.73,0,0,0,無,無,17000000,328629,,0.0,0,,RPVOMLKMPHNFFDA48CA
松山區,房地(土地+建物),臺北市松山區八德路四段601~630號,12.64,商,,,1070622,土地1建物1車位0,十二層,十二層,住宅大樓(11層含以上有電梯),住家用,鋼筋混凝土造,0770816,81.26,2,1,1,有,有,12500000,153827,,0.0,0,,RPWOMLKMPHNFFDA58CA
北投區,土地,泉源段二小段661~690地號,22.0,農,,,1070717,土地1建物0車位0,,,其他,,,,0.0,0,0,0,有,無,300000,13636,,0.0,0,,RPSOMLQLPHNFFEA78CA
大安區,房地(土地+建物),臺北市大安區和平東路一段1~30號,8.47,商,,,1070605,土地1建物1車位0,六層,十二層,住宅大樓(11層含以上有電梯),見使用執照,鋼筋混凝土造,0760303,95.87,3,2,2,有,有,23300000,243037,,0.0,0,,RPPOMLOLPHNFFFA38CA
大安區,房地(土地+建物)+車位,臺北市大安區仁愛路三段1~30號,64.53,住,,,1070712,土地2建物2車位6,四層,十四層,辦公商業大樓,見其他登記事項,見其他登記事項,0931220,697.12,0,0,0,無,有,172916000,248043,坡道平面,270.72,0,,RPUNMLSJQHNFFFA09CA
大安區,房地(土地+建物)+車位,臺北市大安區建國南路一段301~330號,19.34,住,,,1050202,土地2建物1車位1,十三層,十四層,住宅大樓(11層含以上有電梯),住家用,鋼筋混凝土造,1070412,188.45,0,0,0,無,有,68820000,431663,坡道機械,35.97,3000000,,RPWNMLKKQHNFFFA58CA
大安區,房地(土地+建物),臺北市大安區建國南路一段301~330號,7.03,住,,,1070518,土地2建物1車位0,二層,十四層,住宅大樓(11層含以上有電梯),住家用,鋼筋混凝土造,1070412,53.75,0,0,0,無,有,21220000,394791,,0.0,0,,RPQOMLKKQHNFFFA08CA
大安區,房地(土地+建物)+車位,臺北市大安區建國南路一段301~330號,20.04,住,,,1070518,土地2建物1車位1,二層,十四層,住宅大樓(11層含以上有電梯),住家用,鋼筋混凝土造,1070412,198.72,0,0,0,無,有,65780000,391756,坡道平面,41.02,4000000,,SPQOMLKKQHNFFFA18CA
大安區,房地(土地+建物)+車位,臺北市大安區建國南路一段301~330號,13.3,住,,,1040924,土地2建物1車位1,七層,十四層,住宅大樓(11層含以上有電梯),住家用,鋼筋混凝土造,1070412,143.97,2,1,1,有,有,46230000,407685,坡道機械,35.97,2200000,,RPROMLKKQHNFFFA18CA
大安區,房地(土地+建物),臺北市大安區建國南路一段301~330號,5.1,住,,,1041129,土地2建物1車位0,十二層,十四層,住宅大樓(11層含以上有電梯),住家用,鋼筋混凝土造,1070412,40.31,0,0,0,無,有,18180000,451005,,0.0,0,,RPQOMLNKQHNFFFA38CA
大安區,房地(土地+建物),臺北市大安區建國南路一段301~330號,6.09,住,,,1040925,土地2建物1車位0,五層,十四層,住宅大樓(11層含以上有電梯),住家用,鋼筋混凝土造,1070412,47.370000000000005,0,0,0,無,有,18000000,379987,,0.0,0,,RPROMLNKQHNFFFA48CA
大安區,房地(土地+建物),臺北市大安區建國南路一段301~330號,6.09,住,,,1040930,土地2建物1車位0,四層,十四層,住宅大樓(11層含以上有電梯),住家用,鋼筋混凝土造,1070412,47.370000000000005,0,0,0,無,有,17830000,376399,,0.0,0,,RPSOMLNKQHNFFFA58CA
大安區,房地(土地+建物),臺北市大安區建國南路一段301~330號,10.37,住,,,1041219,土地2建物1車位0,十一層,十四層,住宅大樓(11層含以上有電梯),住家用,鋼筋混凝土造,1070412,81.81,0,0,0,無,有,37000000,452267,,0.0,0,,RPUOMLNKQHNFFFA78CA
北投區,房地(土地+建物)+車位,臺北市北投區西安街二段275巷1~30號,24.64,商,,,1070611,土地1建物1車位1,七層,七層,華廈(10層含以下有電梯),住家用,鋼筋混凝土造,1030609,150.69,3,2,1,有,有,24950000,172744,升降機械,14.94,1500000,,RPOOMLRLPHNFFEA48CA
士林區,土地,中洲段361~390地號,759.0,其他,,,1070704,土地2建物0車位0,,,其他,,,,0.0,0,0,0,有,無,37420000,49302,,0.0,0,,RPRNMLKMPHNFFEA08CA
大安區,房地(土地+建物),臺北市大安區和平東路三段228巷61~90號,28.25,住,,,1070612,土地1建物1車位0,四層,四層,公寓(5樓含以下無電梯),,加強磚造,0570602,89.15,2,1,2,有,有,12400000,139091,,0.0,0,,RPOPMLKMPHNFFFA08CA
中正區,房地(土地+建物),臺北市中正區羅斯福路一段83巷1~30號,7.29,商,,,1070612,土地3建物1車位0,十三層,十四層,住宅大樓(11層含以上有電梯),住家用,鋼筋混凝土造,0980903,64.32,2,1,1,有,有,22500000,349813,,0.0,0,含增建或未登記建物。,RPSNMLTLPHNFFAA68DA
文山區,房地(土地+建物)+車位,臺北市文山區木新路三段95巷7弄1~30號,36.62,住,,,1070525,土地1建物1車位2,十三層，夾層,十三層,住宅大樓(11層含以上有電梯),住家用,鋼筋混凝土造,0990324,242.72,4,2,2,有,有,36000000,148319,坡道平面,0.0,4400000,含增建或未登記建物。共有人2人,RPWNMLLMPHNFFAA38DA
內湖區,房地(土地+建物),臺北市內湖區文德路66巷69弄1~30號,26.63,住,,,1070527,土地1建物1車位0,四層,五層,公寓(5樓含以下無電梯),住家用,鋼筋混凝土造,0721230,105.8,3,2,2,有,無,14300000,135161,,0.0,0,含增建或未登記建物。,RPQRMLPLPHNFFCA68DA
中山區,房地(土地+建物),臺北市中山區雙城街4巷1~30號,5.21,商,,,1070706,土地1建物1車位0,四層,七層,套房(1房1廳1衛),住家用,鋼筋混凝土造,0831018,38.53,1,1,1,有,有,6680000,173371,,0.0,0,含增建或未登記建物。,RPTSMLQLPHNFFCA56DA
中山區,房地(土地+建物),臺北市中山區市民大道三段151~180號,24.46,住,,,1070615,土地1建物1車位0,一層,七層,華廈(10層含以下有電梯),住家用,鋼筋混凝土造,0720621,107.13,0,3,1,有,有,20500000,191338,,0.0,0,含增建或未登記建物。,RPOPMLLJQHNFFCA77DA
內湖區,房地(土地+建物)+車位,臺北市內湖區新豐街31~60號,67.46,住,,,1070621,土地1建物1車位2,七層,十層,華廈(10層含以下有電梯),住家用,鋼筋混凝土造,1021216,361.45,5,2,3,有,有,54200000,175997,坡道平面,81.9,5000000,,RPROMLMJQHNFFCA08DA
中正區,房地(土地+建物),臺北市中正區紹興北街31~60號,14.36,商,,,1070709,土地3建物1車位0,四層,九層,華廈(10層含以下有電梯),商業用,鋼筋混凝土造,0690913,123.66,3,2,2,有,有,27302000,220783,,0.0,0,,RPVOMLPLPHNFFBA78DA
萬華區,房地(土地+建物),臺北市萬華區萬大路486巷37弄1~30號,16.25,住,,,1070626,土地2建物1車位0,四層,四層,套房(1房1廳1衛),住家用,加強磚造,0580213,47.7,1,1,1,有,無,8000000,167715,,0.0,0,含增建或未登記建物。,RPSNMLQLPHNFFBA48DA
大安區,土地,復興段一小段1~30地號,195.46,其他,,,1070522,土地1建物0車位0,,,其他,,,,0.0,0,0,0,有,無,34827204,178181,,0.0,0,,RPQNMLLJQHNFFFA97CA
松山區,房地(土地+建物),臺北市松山區光復北路210巷1~30號,28.18,住,,,1070622,土地2建物1車位0,十四層,十八層,住宅大樓(11層含以上有電梯),見其他登記事項,鋼筋混凝土造,0910208,110.97,2,2,1,有,有,23000000,207263,,0.0,0,含增建或未登記建物。,RPQPMLPLPHNFFDA58DA
南港區,房地(土地+建物)+車位,臺北市南港區市民大道七段1~30號,36.94,住,,,1070613,土地1建物1車位1,六層,九層,華廈(10層含以下有電梯),住家用,鋼筋混凝土造,0950906,185.39999999999998,4,2,2,有,有,38880000,217168,坡道平面,17.88,2500000,含增建或未登記建物。停車位使用現況已變更。,RPWNMLLJQHNFFDA48DA
松山區,房地(土地+建物),臺北市松山區光復南路32巷1~30號,34.79,住,,,1070612,土地1建物1車位0,五層,九層,華廈(10層含以下有電梯),住家用,鋼筋混凝土造,0810624,136.57999999999998,3,2,2,有,有,31680000,231952,,0.0,0,,RPOOMLLJQHNFFDA77DA
士林區,房地(土地+建物),臺北市士林區福林路329巷1弄1~30號,28.56,住,,,1070705,土地1建物3車位0,四層，五層,六層,華廈(10層含以下有電梯),住家用,鋼筋混凝土造,0830113,101.69,2,1,1,有,無,13530000,133065,,0.0,0,,RPUQMLNLPHNFFEA98DA
士林區,房地(土地+建物)+車位,臺北市士林區中正路691~720號,14.1,住,,,1070610,土地1建物1車位1,二層,九層,華廈(10層含以下有電梯),住家用,鋼筋混凝土造,0870810,104.09,2,1,1,有,有,11100000,106638,坡道機械,0.0,1500000,含增建或未登記建物。權利人二人,RPPOMLOLPHNFFEA38DA
大安區,房地(土地+建物),臺北市大安區和平東路一段61~90號,12.37,商,,,1070520,土地3建物1車位0,一層,十二層,店面(店鋪),商業用,鋼筋混凝土造,0740116,82.91,0,2,2,有,有,29200000,352189,,0.0,0,含增建或未登記建物。,RPPNMLTLPHNFFFA88DA
大安區,房地(土地+建物),臺北市大安區市民大道四段91~120號,14.27,住,,,1070510,土地1建物1車位0,六層,七層,華廈(10層含以下有電梯),住家用,鋼筋混凝土造,0770314,64.61,2,2,1,有,無,17600000,272404,,0.0,0,含增建或未登記建物。,RPQNMLOJQHNFFFA38DA
中正區,房地(土地+建物),臺北市中正區廈門街99巷1~30號,33.75,住,,,1070619,土地1建物1車位0,二層,五層,公寓(5樓含以下無電梯),住家用,鋼筋混凝土造,0720121,124.88000000000001,3,2,2,有,無,16800000,134529,,0.0,0,,RPPNMLSKPHNFFAA38CD
大安區,房地(土地+建物),臺北市大安區杭州南路二段93巷31~60號,34.5,住,,,1070617,土地2建物1車位0,三層,四層,公寓(5樓含以下無電梯),住家用,加強磚造,,72.34,3,2,1,有,無,17500000,241913,,0.0,0,含增建或未登記建物。,RPRNMLTLPHNFFFA09DA
北投區,房地(土地+建物),臺北市北投區石牌路二段348巷1~30號,10.13,住,,,1070623,土地1建物1車位0,三層,六層,套房(1房1廳1衛),住家用,鋼筋混凝土造,0821231,44.37,1,1,1,有,無,7200000,162272,,0.0,0,含增建或未登記建物。,RPXQMLRLPHNFFEA07DA
北投區,房地(土地+建物)+車位,臺北市北投區公?路211~240號,24.89,住,,,1070610,土地1建物1車位1,六層,七層,華廈(10層含以下有電梯),住家用,鋼筋混凝土造,1040807,119.36,2,1,1,有,無,17700000,152541,升降機械,14.47,1700000,,RPTNMLTLPHNFFEA56DA
北投區,房地(土地+建物)+車位,臺北市北投區崗山路1~30號,15.21,住,,,1070324,土地1建物1車位1,六層,七層,華廈(10層含以下有電梯),住家用,鋼筋混凝土造,0971021,79.87,2,2,1,有,無,11800000,149781,塔式車位,9.1,1200000,含增建或未登記建物。,RPQNMLMJQHNFFEA08DA
士林區,房地(土地+建物)+車位,臺北市士林區中山北路七段61~90號,100.79,住,,,1070705,土地1建物1車位6,三層,十九層,住宅大樓(11層含以上有電梯),住家用,見其他登記事項,1030811,658.34,5,2,6,有,有,145000000,288915,坡道平面,208.38,15000000,,RPVNMLOJQHNFFEA78DA
士林區,房地(土地+建物)+車位,臺北市士林區天母北路1~30號,30.15,住,,,1070626,土地1建物1車位1,二層,十層,華廈(10層含以下有電梯),住家用,鋼筋混凝土造,0820719,214.49,4,2,2,有,有,36300000,212538,坡道平面,64.86,4500000,含增建或未登記建物。,RPWNMLOJQHNFFEA88DA
松山區,房地(土地+建物),臺北市松山區南京東路五段66巷3弄1~30號,18.1,住,,,1070508,土地1建物1車位0,六層,七層,華廈(10層含以下有電梯),住家用,鋼筋混凝土造,0780810,114.44999999999999,3,2,2,有,有,26000000,227173,,0.0,0,含增建或未登記建物。,RPPNMLOJQHNFFDA08DA
信義區,房地(土地+建物)+車位,臺北市信義區松勇路53巷61~90號,75.28,住,,,1070527,土地1建物1車位2,五層,十八層,住宅大樓(11層含以上有電梯),住家用,鋼筋混凝土造,0950315,329.19,4,2,2,有,有,93000000,378131,坡道平面,104.4,8000000,含增建或未登記建物。,RPSNMLOJQHNFFDA38DA
松山區,房地(土地+建物),臺北市松山區長安東路二段211~240號,5.17,商,,,1070624,土地2建物1車位0,八層,十二層,辦公商業大樓,商業用,鋼筋混凝土造,0730913,39.86,1,1,1,有,有,7500000,188159,,0.0,0,,RPRNMLTLPHNFFDA88DA
大安區,房地(土地+建物),臺北市大安區復興南路二段151巷31~60號,19.39,住,,,1070611,土地1建物1車位0,十四層,十七層,住宅大樓(11層含以上有電梯),住家用,鋼筋混凝土造,0740522,100.86999999999999,3,2,1,有,有,20600000,204244,,0.0,0,,RPTOMLMJQHNFFFA48CA
萬華區,房地(土地+建物),臺北市萬華區成都路61~90號,4.14,商,,,1070702,土地1建物1車位0,八層,十三層,住宅大樓(11層含以上有電梯),見使用執照,見使用執照,0911224,42.8,0,0,0,無,有,8300000,193925,,0.0,0,,RPROMLKLQHNFFBA97DA
中山區,房地(土地+建物),臺北市中山區興安街61~90號,22.52,住,,,1070623,土地1建物1車位0,十一層,十五層,住宅大樓(11層含以上有電梯),見其他登記事項,鋼筋混凝土造,0750314,110.89999999999999,3,2,2,有,有,20680000,186474,,0.0,0,,RPVQMLPLPHNFFCA09DA
內湖區,房地(土地+建物)+車位,臺北市內湖區民權東路六段121~150號,16.91,商,,,1070610,土地1建物1車位1,二層,十四層,住宅大樓(11層含以上有電梯),住家用,鋼筋混凝土造,0980106,226.73000000000002,3,2,2,有,有,31500000,153228,坡道平面,37.47,2500000,,RPWNMLOJQHNFFCA68DA
松山區,房地(土地+建物)+車位,臺北市松山區光復北路210巷1~30號,29.86,住,,,1070618,土地3建物1車位1,十層,十八層,住宅大樓(11層含以上有電梯),見其他登記事項,鋼筋混凝土造,0910514,138.72,3,2,1,有,有,25168000,181430,坡道平面,5.9,0,,RPVVMLOLPHNFFDA96DA
松山區,房地(土地+建物),臺北市松山區光復北路60巷31~60號,8.64,住,,,1070703,土地1建物1車位0,四層,七層,華廈(10層含以下有電梯),住家用,鋼筋混凝土造,0681109,39.31,3,2,2,有,無,4200000,106843,,0.0,0,親友、員工或其他特殊關係間之交易。;二親等買賣,RPQOMLPLPHNFFDA48DA
松山區,房地(土地+建物),臺北市松山區八德路三段151~180號,6.64,商,,,1070630,土地2建物1車位0,九層,十二層,住宅大樓(11層含以上有電梯),住家用,鋼筋混凝土造,0781023,50.37,2,2,1,有,有,11500000,228311,,0.0,0,含增建或未登記建物。,RPWOMLPLPHNFFDA09DA
文山區,房地(土地+建物),臺北市文山區景豐街2巷1~30號,29.25,商,,,1070628,土地2建物1車位0,四層，陽台,四層,公寓(5樓含以下無電梯),住家用,鋼筋混凝土造,0610510,80.84,3,2,2,有,無,11300000,139782,,0.0,0,含增建或未登記建物。,RPQOMLMJQHNFFAA77DA
文山區,房地(土地+建物)+車位,臺北市文山區興隆路三段304巷31~60號,23.18,住,,,1070626,土地2建物1車位1,二層,七層,華廈(10層含以下有電梯),住家用,鋼筋混凝土造,1030314,143.22,2,2,2,有,有,13000000,99911,坡道平面,31.13,1800000,,RPWNMLTJQHNFFAA98DA
大安區,房地(土地+建物),臺北市大安區復興南路二段151巷1~30號,11.41,商,,,1070526,土地1建物1車位0,六層，通道,八層,華廈(10層含以下有電梯),住家用,鋼筋混凝土造,,83.97,2,2,1,有,無,18000000,214362,,0.0,0,,RPVNMLLMPHNFFFA68CA
士林區,房地(土地+建物),臺北市士林區中社路一段43巷1~30號,77.57,住,,,1070626,土地1建物1車位0,三層,四層,公寓(5樓含以下無電梯),住家用,鋼筋混凝土造,0640801,103.75,4,2,2,有,無,10300000,99277,,0.0,0,,RPOOMLKMPHNFFEA87CA
中正區,車位,臺北市中正區汀州路二段31~60號,0.14,商,,,1070717,土地0建物0車位1,地下三層,十四層,其他,見使用執照,鋼筋混凝土造,0850126,26.83,0,0,0,有,無,1250000,,坡道機械,26.83,1250000,,RPTNMLPLPHNFFAA38DA
中正區,房地(土地+建物),臺北市中正區中華路二段313巷1~30號,14.74,住,,,1070712,土地1建物1車位0,五層,五層,套房(1房1廳1衛),住家用,加強磚造,,35.11,1,1,1,有,無,5500000,156651,,0.0,0,,RPUNMLPLPHNFFAA48DA
文山區,房地(土地+建物),臺北市文山區萬安街31~60號,59.0,住,,,1070624,土地3建物1車位0,七層,七層,華廈(10層含以下有電梯),見其他登記事項,鋼筋混凝土造,0720728,100.38,3,2,1,有,有,13500000,134489,,0.0,0,含增建或未登記建物。,RPRNMLTLPHNFFAA58DA
大安區,房地(土地+建物),臺北市大安區樂業街121~150號,30.11,住,,,1070527,土地1建物1車位0,七層,七層,華廈(10層含以下有電梯),住家用,鋼筋混凝土造,0711208,146.01000000000002,4,2,2,有,有,25500000,174646,,0.0,0,,RPSOMLOLPHNFFFA68CA
大安區,房地(土地+建物),臺北市大安區大安路二段61~90號,7.52,住,,,1070709,土地1建物1車位0,四層,十二層,套房(1房1廳1衛),住家用,鋼筋混凝土造,0981113,46.79,1,1,1,有,有,14500000,309895,,0.0,0,,RPVNMLPLPHNFFFA98CA
大安區,房地(土地+建物)+車位,臺北市大安區和平東路二段18巷1~30號,43.18,住,,,1070611,土地2建物1車位1,九層,十層,華廈(10層含以下有電梯),住家用,鋼筋混凝土造,0971226,356.41999999999996,3,2,3,有,有,103000000,288985,坡道平面,0.0,0,,RPXNMLPLPHNFFFA56CA
大安區,房地(土地+建物),臺北市大安區和平東路二段311巷61~90號,19.39,住,,,1070615,土地1建物1車位0,三層,十九層,住宅大樓(11層含以上有電梯),住家用,鋼筋混凝土造,0740522,100.75,3,1,1,有,無,21500000,213421,,0.0,0,,RPUNMLQLPHNFFFA98CA
大安區,房地(土地+建物),臺北市大安區通化街39巷50弄1~30號,59.0,其他,,,1070604,土地1建物1車位0,全,三層,透天厝,住家用,磚造,0870601,170.31,7,2,4,有,無,35850000,210499,,0.0,0,,RPSNMLKMPHNFFFA28CA
士林區,房地(土地+建物),臺北市士林區後街21巷1~30號,14.62,住,,,1070703,土地1建物1車位0,五層,七層,華廈(10層含以下有電梯),住家用,鋼筋混凝土造,1030618,56.900000000000006,2,1,1,有,有,12500000,219684,,0.0,0,,RPOPMLQLPHNFFEA48CA
信義區,房地(土地+建物),臺北市信義區永吉路31~60號,5.68,商,,,1070628,土地1建物1車位0,十三層,十四層,住宅大樓(11層含以上有電梯),住家用,鋼筋混凝土造,0960524,74.59,2,1,2,有,有,18000000,241319,,0.0,0,,RPTNMLLMPHNFFDA28CA
士林區,房地(土地+建物)+車位,臺北市士林區忠勇街40巷4弄1~30號,107.01,住,,,1070706,土地2建物1車位2,四層,八層,華廈(10層含以下有電梯),住家用,鋼筋混凝土造,0930624,398.11,4,2,3,有,無,68600000,172314,坡道機械,0.0,0,,RPRNMLTJQHNFFEA78CA
北投區,房地(土地+建物),臺北市北投區中和街278巷1~30號,25.67,住,,,1070610,土地1建物1車位0,一層,三層,公寓(5樓含以下無電梯),住家用,加強磚造,0561020,64.62,2,2,1,有,無,8580000,132776,,0.0,0,,RPUNMLKKQHNFFEA28CA
士林區,房地(土地+建物),臺北市士林區格致路20巷1~30號,5.84,商,,,1070629,土地1建物1車位0,三層,九層,套房(1房1廳1衛),商業用,鋼筋混凝土造,0901004,26.03,1,1,1,有,有,3425000,131579,,0.0,0,,RPXNMLLLQHNFFEA78CA
士林區,房地(土地+建物),臺北市士林區中山北路六段427巷6弄1~30號,27.2,住,,,1070424,土地1建物1車位0,一層,五層,公寓(5樓含以下無電梯),住家用,鋼筋混凝土造,0660215,100.25,5,2,2,有,無,28000000,279302,,0.0,0,含增建或未登記建物。,RPQOMLPLPHNFFEA48CA
北投區,房地(土地+建物)+車位,臺北市北投區中央南路二段1~30號,13.71,工,,,1070531,土地1建物1車位1,二層,十三層,其他,見其他登記事項,鋼筋混凝土造,0970523,109.22,2,1,1,有,有,12280000,112434,坡道平面,25.72,0,含增建或未登記建物。,RPVOMLPLPHNFFEA98CA
士林區,房地(土地+建物),臺北市士林區忠義街71巷1~30號,25.41,住,,,1070628,土地1建物1車位0,五層,五層,公寓(5樓含以下無電梯),住家用,鋼筋混凝土造,0700317,99.34,3,2,2,有,無,15750000,158546,,0.0,0,共有人數2人。含增建或未登記建物。,RPVOMLOLPHNFFEA88CA
士林區,房地(土地+建物),臺北市士林區社子街112巷1~30號,27.67,住,,,1070617,土地1建物1車位0,二層,三層,公寓(5樓含以下無電梯),住家用,加強磚造,0621225,67.18,2,2,1,有,無,7100000,105686,,0.0,0,含增建或未登記建物。,RPOPMLOLPHNFFEA28CA
松山區,房地(土地+建物),臺北市松山區八德路三段199巷1~30號,6.69,住,,,1070604,土地1建物1車位0,六層,七層,華廈(10層含以下有電梯),住家用,鋼筋混凝土造,0730127,34.86,1,1,1,有,有,6000000,172117,,0.0,0,,RPUOMLMJQHNFFDA38CA
南港區,房地(土地+建物)+車位,臺北市南港區向陽路162巷61~90號,35.67,住,,,1070510,土地1建物1車位1,六層,九層,華廈(10層含以下有電梯),住家用,鋼筋混凝土造,0931230,163.18,3,2,2,有,有,27000000,165461,坡道平面,35.14,0,,RPQNMLNLQHNFFDA18CA
松山區,房地(土地+建物),臺北市松山區南京東路五段391~420號,7.58,商,,,1070629,土地1建物1車位0,三層,十一層,住宅大樓(11層含以上有電梯),見其他登記事項,鋼筋混凝土造,0950117,64.02000000000001,3,2,2,有,有,14900000,232740,,0.0,0,,RPQOMLKMPHNFFDA97CA
南港區,房地(土地+建物)+車位,臺北市南港區忠孝東路六段451~480號,79.9,工,,,1070601,土地2建物2車位5,七層,十一層,廠辦,工業用,鋼筋混凝土造,0800412,591.5899999999999,0,0,0,無,有,76000000,128467,坡道平面,0.0,0,,RPQNMLKMPHNFFDA87CA
信義區,房地(土地+建物),臺北市信義區松山路204巷1~30號,14.17,商,,,1070522,土地3建物2車位0,十六層,十六層,住宅大樓(11層含以上有電梯),住家用,鋼筋混凝土造,0760713,128.83,3,2,2,有,有,30650000,237910,,0.0,0,,RPPPMLPLPHNFFDA38CA
南港區,房地(土地+建物),臺北市南港區忠孝東路六段225巷1弄1~30號,25.75,工,,,1070520,土地1建物1車位0,四層，陽台,四層,公寓(5樓含以下無電梯),工業用,鋼筋混凝土造,,79.65,0,2,1,有,無,9380000,117765,,0.0,0,,RPSPMLPLPHNFFDA68CA
松山區,房地(土地+建物),臺北市松山區三民路43巷1~30號,46.75,住,,,1070604,土地1建物1車位0,十一層,十二層,住宅大樓(11層含以上有電梯),住家用,鋼筋混凝土造,0931020,242.95,4,2,2,有,有,46280000,190492,,0.0,0,,RPWPMLPLPHNFFDA09CA
信義區,房地(土地+建物),臺北市信義區松山路451~480號,21.75,住,,,1070518,土地1建物1車位0,一層，騎樓,四層,店面(店鋪),住家用,加強磚造,0580601,63.82,1,1,1,有,無,48200000,755249,,0.0,0,,RPROMLPLPHNFFDA48CA
南港區,車位,臺北市南港區忠孝東路六段1~30號,3.18,商,,,1070701,土地0建物0車位1,地下四層,十七層,其他,停車空間,見其他登記事項,0931216,39.83,0,0,0,有,有,1950000,,坡道平面,0.0,1950000,,RPRUMLOLPHNFFDA98CA
中山區,房地(土地+建物)+車位,臺北市中山區樂群二路61~90號,63.13,住,,,1070713,土地1建物1車位1,三層,八層,華廈(10層含以下有電梯),住家用,鋼筋混凝土造,1060822,272.51,3,2,2,有,無,105620000,453728,坡道平面,46.78,3200000,,RPPNMLSJQHNFFCA28CA
中山區,房地(土地+建物),臺北市中山區復興北路211~240號,23.45,住,,,1070709,土地1建物1車位0,四層,十四層,住宅大樓(11層含以上有電梯),見其他登記事項,鋼筋混凝土造,0750314,114.45,3,2,2,有,有,19080000,166710,,0.0,0,,RPROMLLLQHNFFCA08CA
內湖區,房地(土地+建物)+車位,臺北市內湖區文德路220巷1~30號,54.56,住,,,1070710,土地1建物1車位2,二層,十一層,住宅大樓(11層含以上有電梯),住家用,鋼筋混凝土造,1040616,260.04999999999995,4,2,2,有,有,52000000,199962,升降平面,43.24,0,,RPOOMLMLQHNFFCA87CA
內湖區,房地(土地+建物)+車位,臺北市內湖區成功路四段151~180號,30.21,其他,,,1030509,土地1建物1車位3,二十九層,二十九層,住宅大樓(11層含以上有電梯),住家用,見其他登記事項,1070223,454.59000000000003,0,0,0,無,無,137150000,349860,坡道平面,87.3,8650000,1.毛胚屋。2.本案為預售。,RPRQMLQKQHNFFCA68CA
內湖區,土地,潭美段五小段121~150地號,1555.92,其他,,,1070703,土地2建物0車位0,,,其他,,,,0.0,0,0,0,有,無,847177200,544486,,0.0,0,,RPXPMLQJQHNFFCA09CA
中山區,房地(土地+建物)+車位,臺北市中山區中山北路三段31~60號,19.73,商,,,1070526,土地1建物1車位1,六層,十三層,住宅大樓(11層含以上有電梯),住家用,見其他登記事項,1061020,198.97,0,0,0,無,無,57600000,300923,其他,14.87,2200000,1.毛胚屋。2.權利人共二人。,RPVPMLQKQHNFFCA98CA
中山區,房地(土地+建物)+車位,臺北市中山區中山北路三段31~60號,20.3,商,,,1070620,土地1建物1車位1,四層,十三層,住宅大樓(11層含以上有電梯),住家用,見其他登記事項,1061020,204.19,0,0,0,無,無,55800000,283119,其他,14.87,2200000,毛胚屋。,RPWPMLQKQHNFFCA09CA
中山區,房地(土地+建物),臺北市中山區林森北路391~420號,2.62,商,,,1070118,土地1建物1車位0,五層,十二層,住宅大樓(11層含以上有電梯),商業用,鋼筋混凝土造,0710531,32.33,0,0,1,無,有,3300000,102072,,0.0,0,,RPRQMLKMPHNFFCA18CA
內湖區,房地(土地+建物),臺北市內湖區安泰街56巷1~30號,16.15,住,,,1070706,土地1建物1車位0,三層,五層,公寓(5樓含以下無電梯),住家用,鋼筋混凝土造,0690913,51.48,3,1,2,有,無,4500000,87413,,0.0,0,,RPVPMLQLPHNFFCA98CA
內湖區,房地(土地+建物),臺北市內湖區環山路二段53巷1弄1~30號,34.49,住,,,1070608,土地1建物1車位0,四層,五層,公寓(5樓含以下無電梯),住家用,鋼筋混凝土造,0760715,99.49000000000001,3,2,2,有,無,13280000,133481,,0.0,0,,RPOOMLRLPHNFFCA28CA
中山區,房地(土地+建物),臺北市中山區安東街16巷31~60號,25.93,住,,,1070718,土地1建物2車位0,六層,七層,華廈(10層含以下有電梯),住家用,鋼筋混凝土造,0720621,112.67,3,1,2,有,有,20790000,184521,,0.0,0,,RPQOMLRLPHNFFCA48CA
中山區,房地(土地+建物),臺北市中山區雙城街18巷1~30號,28.2,商,,,1070713,土地1建物1車位0,三層,五層,公寓(5樓含以下無電梯),住家用,鋼筋混凝土造,0610117,108.99,3,2,2,有,無,15800000,144967,,0.0,0,,RPTOMLRLPHNFFCA78CA
中山區,房地(土地+建物),臺北市中山區龍江路318巷1~30號,113.41,住,,,1070627,土地2建物3車位0,地下層,五層,公寓(5樓含以下無電梯),見使用執照,鋼筋混凝土造,0680605,392.46,0,0,0,無,無,62000000,157978,,0.0,0,,RPUOMLPLPHNFFCA68CA
中山區,車位,臺北市中山區新生北路二段31~60號,0.31,商,,,1070625,土地0建物0車位1,地下二層，地下三層,十九層,其他,見其他登記事項,鋼骨鋼筋混凝土造,1050322,33.22,0,0,0,有,有,3450000,,坡道平面,33.22,3450000,,RPSPMLPLPHNFFCA58CA
中山區,房地(土地+建物),臺北市中山區新生北路三段61~90號,13.88,住,,,1070613,土地1建物1車位0,一層，騎樓,九層,店面(店鋪),住家用,鋼筋混凝土造,0650907,95.34,2,3,1,有,有,14000000,146843,,0.0,0,含增建或未登記建物。,RPRQMLPLPHNFFCA58CA
中山區,房地(土地+建物)+車位,臺北市中山區明水路361~390號,40.97,住,,,1070617,土地1建物1車位2,二層，電梯樓梯間,十六層,住宅大樓(11層含以上有電梯),住家用,鋼筋混凝土造,0850527,248.66,4,2,2,有,有,39600000,159254,坡道平面,0.0,0,含增建或未登記建物。本案車位面積無法概算。,RPTRMLPLPHNFFCA88CA
中山區,房地(土地+建物),臺北市中山區松江路151~180號,8.82,商,,,1070615,土地2建物1車位0,七層,十二層,辦公商業大樓,商業用,鋼筋混凝土造,0680119,107.88999999999999,0,0,0,無,有,24500000,227083,,0.0,0,,RPOOMLPLPHNFFCA08CA
中山區,房地(土地+建物),臺北市中山區建國北路三段113巷1~30號,28.39,商,,,1070630,土地3建物1車位0,四層,五層,公寓(5樓含以下無電梯),住家用,鋼筋混凝土造,0690816,103.78,3,2,2,有,無,13000000,125265,,0.0,0,,RPRNMLPLPHNFFCA28CA
內湖區,房地(土地+建物),臺北市內湖區環山路二段53巷1~30號,48.88,住,,,1070609,土地1建物1車位0,三層,四層,公寓(5樓含以下無電梯),住家用,鋼筋混凝土造,0700827,89.66,3,2,1,有,無,15180000,169306,,0.0,0,含增建或未登記建物。,RPQQMLOLPHNFFCA38CA
萬華區,車位,臺北市萬華區東園街66巷24弄1~30號,3.34,住,,,1070709,土地0建物0車位2,一層,十二層,其他,見其他登記事項,鋼筋混凝土造,1060515,82.84,0,0,0,有,有,3600000,,坡道平面,82.84,3600000,,RPXNMLQKQHNFFBA88CA
萬華區,車位,臺北市萬華區東園街66巷24弄1~30號,1.4,住,,,1060801,土地0建物0車位1,一層,十三層,其他,見其他登記事項,鋼筋混凝土造,1060515,36.73,0,0,0,有,有,1450000,,坡道平面,36.73,1450000,本案係都更關係戶之單獨車位交易。,RPSOMLQKQHNFFBA48CA
大同區,房地(土地+建物)+車位,臺北市大同區重慶北路三段243巷1~30號,21.68,住,,,1060824,土地1建物1車位1,三層,七層,華廈(10層含以下有電梯),住家用,鋼筋混凝土造,1070426,101.22999999999999,2,2,1,有,有,16800000,174406,升降機械,12.07,1250000,,RPRNMLLLQHNFFBA87CA
大同區,房地(土地+建物)+車位,臺北市大同區重慶北路三段243巷1~30號,21.54,住,,,1070424,土地1建物1車位1,二層,七層,華廈(10層含以下有電梯),住家用,鋼筋混凝土造,1070426,100.65,2,2,1,有,有,16800000,176112,升降機械,12.07,1200000,,RPVOMLMLQHNFFBA48CA
文山區,房地(土地+建物),臺北市文山區興隆路四段58巷31~60號,36.6,住,,,1070526,土地2建物1車位0,五層,五層,公寓(5樓含以下無電梯),住家用,鋼筋混凝土造,0720419,102.99,2,2,1,有,無,12800000,124284,,0.0,0,,RPSNMLSJQHNFFAA38CA
文山區,房地(土地+建物),臺北市文山區木柵路二段109巷100弄31~60號,56.8,住,,,1070606,土地2建物1車位0,一層,十七層,住宅大樓(11層含以上有電梯),住家用,鋼筋混凝土造,0850925,71.47999999999999,2,2,1,有,有,10880000,152210,,0.0,0,,RPPOMLSJQHNFFAA18CA
文山區,房地(土地+建物),臺北市文山區木新路三段365巷1~30號,78.0,住,,,1070518,土地1建物1車位0,全,二層,透天厝,住家用,鋼筋混凝土造,,135.66,4,2,2,有,無,13800000,101725,,0.0,0,,RPQPMLRLPHNFFAA38CA
文山區,房地(土地+建物),臺北市文山區和平東路四段331~360號,28.19,住,,,1070624,土地1建物1車位0,五層,五層,公寓(5樓含以下無電梯),住家用,鋼筋混凝土造,0701223,91.33,3,2,1,有,無,9150000,100186,,0.0,0,,RPTPMLRLPHNFFAA68CA
萬華區,房地(土地+建物),臺北市萬華區西寧南路61~90號,5.64,其他,,,1070619,土地1建物1車位0,三層,十層,華廈(10層含以下有電梯),商業用,鋼筋混凝土造,0760425,51.49,2,1,1,有,無,7500000,145659,,0.0,0,,RPUOMLNJQHNFFBA28CA
中正區,房地(土地+建物),臺北市中正區信陽街1~30號,9.95,商,,,1070605,土地3建物1車位0,二層,七層,華廈(10層含以下有電梯),商業用,鋼筋混凝土造,0700731,78.29,0,0,0,無,無,15200000,194150,,0.0,0,,RPRPMLQJQHNFFBA38CA
中正區,房地(土地+建物),臺北市中正區信陽街1~30號,31.85,商,,,1070605,土地3建物2車位0,一層，騎樓,七層,店面(店鋪),商業用,鋼筋混凝土造,0700731,250.4,0,0,0,無,無,50000000,199681,,0.0,0,,RPQOMLRJQHNFFBA28CA
萬華區,房地(土地+建物),臺北市萬華區東園街73巷1~30號,25.0,住,,,1070706,土地1建物1車位0,四層,四層,公寓(5樓含以下無電梯),住家用,鋼筋混凝土造,0630502,72.16,3,2,2,有,無,5000000,69290,,0.0,0,親友間之交易。,RPTNMLLKQHNFFBA97CA
中正區,房地(土地+建物),臺北市中正區臨沂街65巷1~30號,53.5,住,,,1070616,土地1建物1車位0,四層,四層,公寓(5樓含以下無電梯),住家用,鋼筋混凝土造,0580925,138.08,3,2,2,有,無,31000000,224508,,0.0,0,,RPPOMLOLPHNFFBA97CA
萬華區,房地(土地+建物)+車位,臺北市萬華區環河南路一段91~120號,32.79,住,,,1070706,土地1建物1車位1,六層,二十三層,住宅大樓(11層含以上有電梯),住家用,鋼骨鋼筋混凝土造,1031107,215.62,4,2,2,有,有,32980000,152954,坡道平面,0.0,0,,RPTNMLPLPHNFFBA38CA
文山區,房地(土地+建物),臺北市文山區興隆路一段202巷7弄1~30號,31.92,住,,,1070602,土地1建物1車位0,四層，陽台,四層,公寓(5樓含以下無電梯),住家用,鋼筋混凝土造,,90.67,3,2,1,有,無,13500000,148892,,0.0,0,,RPRNMLQLPHNFFAA18CA
文山區,房地(土地+建物),臺北市文山區三福街61~90號,15.12,住,,,1070513,土地1建物1車位0,十四層,十五層,住宅大樓(11層含以上有電梯),住家用,鋼筋混凝土造,1030127,110.06,2,2,1,有,有,21000000,190805,,0.0,0,,RPPNMLRLPHNFFAA08CA
文山區,房地(土地+建物),臺北市文山區開元街1~30號,44.31,商,,,1070625,土地1建物1車位0,一層，二層,五層,公寓(5樓含以下無電梯),見使用執照,鋼筋混凝土造,0780109,162.81,3,2,2,有,無,25000000,153553,,0.0,0,,RPQNMLRLPHNFFAA18CA
文山區,房地(土地+建物)+車位,臺北市文山區興隆路二段61~90號,40.17,商,,,1070708,土地1建物1車位3,八層,十四層,住宅大樓(11層含以上有電梯),住家用,鋼筋混凝土造,1031121,379.75,3,2,2,有,有,57800000,152205,坡道平面,0.0,0,,RPWNMLOLPHNFFAA48CA
中正區,房地(土地+建物),臺北市中正區詔安街50巷2弄1~30號,24.5,住,,,1070616,土地1建物1車位0,三層，陽台,四層,公寓(5樓含以下無電梯),住家用,鋼筋混凝土造,,70.39,3,0,3,有,無,8500000,120756,,0.0,0,陽台外推,RPXNMLOLPHNFFAA58CA
中正區,房地(土地+建物),臺北市中正區南昌路一段121~150號,4.58,商,,,1070606,土地2建物1車位0,五層,十四層,套房(1房1廳1衛),住家用,鋼筋混凝土造,0970307,36.32,1,1,1,有,有,10780000,296806,,0.0,0,,RPROMLPLPHNFFAA18CA
中正區,房地(土地+建物),臺北市中正區杭州南路一段143巷1~30號,7.4,住,,,1070623,土地3建物1車位0,四層,五層,套房(1房1廳1衛),見其他登記事項,鋼筋混凝土造,0930924,26.53,1,1,1,有,有,8900000,335469,,0.0,0,,RPWNMLQLPHNFFBA78CA
萬華區,房地(土地+建物),臺北市萬華區環河南路一段61~90號,1.88,商,,,1070603,土地1建物1車位0,十一層,十二層,套房(1房1廳1衛),住家用,鋼筋混凝土造,0660829,19.099999999999998,1,1,1,有,有,2100000,109948,,0.0,0,,RPOOMLQLPHNFFBA08CA
萬華區,房地(土地+建物)+車位,臺北市萬華區莒光路331~360號,30.97,住,,,1070629,土地2建物2車位2,六層,十五層,住宅大樓(11層含以上有電梯),見其他登記事項,鋼筋混凝土造,1061227,259.43,4,2,2,有,有,49430000,214758,坡道平面,55.34,5600000,,RPOPMLQLPHNFFBA18CA
萬華區,房地(土地+建物)+車位,臺北市萬華區莒光路331~360號,30.97,住,,,1070629,土地2建物2車位2,七層,十五層,住宅大樓(11層含以上有電梯),見其他登記事項,鋼筋混凝土造,1061227,259.43,4,2,2,有,有,50130000,214758,坡道平面,55.34,6300000,,RPPPMLQLPHNFFBA28CA
萬華區,房地(土地+建物)+車位,臺北市萬華區莒光路331~360號,34.25,住,,,1070709,土地2建物2車位2,十層,十五層,住宅大樓(11層含以上有電梯),見其他登記事項,鋼筋混凝土造,1061227,279.53,4,2,2,有,有,56500000,225701,坡道平面,55.34,5900000,,RPQPMLQLPHNFFBA38CA
