﻿編號,土地區段位置,土地移轉面積(平方公尺),使用分區或編定
The serial number,land sector position,land shifting area (square meter),the use zoning or compiles and checks
RPPNMLQLPHNFFAA97CA,華興段二小段,2.24,都市：住
RPOOMLOLPHNFFCA97CA,北安段二小段,4.24,都市：住
RPSOMLOKQHNFFBA28CA,玉泉段一小段,43.07,都市：商
RPOOMLNLPHNFFAA67CA,興隆段一小段,29.32,都市：住
RPPNMLLMPHNFFAA57CA,木柵段四小段,26.22,都市：住
RPOOMLNLPHNFFBA77CA,莒光段四小段,43.00,都市：住
RPWNMLOLPHNFFBA58CA,華中段四小段,24.25,都市：住
RPPOMLNLPHNFFAA77CA,華興段四小段,28.01,都市：住
RPXNMLRLPHNFFAA88CA,萬隆段一小段,34.44,都市：住
RPUOMLRLPHNFFCA88CA,吉林段三小段,6.17,都市：其他
RPUOMLRLPHNFFCA88CA,吉林段三小段,1.80,都市：其他
RPUOMLRLPHNFFCA88CA,吉林段三小段,.47,都市：其他
RPUOMLRLPHNFFCA88CA,吉林段三小段,5.23,都市：其他
RPUOMLRLPHNFFCA88CA,吉林段三小段,.70,都市：其他
RPPOMLPLPHNFFCA18CA,東湖段四小段,11.64,都市：住
RPRRMLNLPHNFFCA48CA,榮星段七小段,31.46,都市：住
RPRQMLOLPHNFFCA48CA,榮星段二小段,17.62,都市：商
RPPOMLOLPHNFFCA08CA,中山段二小段,8.49,都市：商
RPPQMLOLPHNFFCA28CA,文德段四小段,4.86,都市：商
RPUNMLPLPHNFFCA58CA,長安段二小段,12.15,都市：其他
RPUNMLPLPHNFFCA58CA,長安段二小段,.35,都市：其他
RPTNMLSJQHNFFCA68CA,潭美段三小段,114.00,都市：工
RPTNMLSJQHNFFCA68CA,潭美段三小段,34.00,都市：工
RPWOMLTJQHNFFCA56CA,潭美段三小段,9.00,都市：工
RPWOMLTJQHNFFCA56CA,潭美段三小段,.31,都市：其他
RPWOMLTJQHNFFCA56CA,潭美段三小段,11.19,都市：工
RPXOMLTJQHNFFCA66CA,潭美段三小段,30.74,都市：工
RPXOMLTJQHNFFCA66CA,潭美段三小段,1.42,都市：其他
RPXOMLTJQHNFFCA66CA,潭美段三小段,51.37,都市：工
RPXOMLTJQHNFFCA66CA,潭美段三小段,7.02,都市：工
RPXOMLTJQHNFFCA66CA,潭美段三小段,80.74,都市：工
RPSPMLTJQHNFFCA88CA,潭美段三小段,51.32,都市：工
RPSPMLTJQHNFFCA88CA,潭美段三小段,1.42,都市：其他
RPSPMLTJQHNFFCA88CA,潭美段三小段,51.37,都市：工
RPSPMLTJQHNFFCA88CA,潭美段三小段,7.02,都市：工
RPSPMLTJQHNFFCA88CA,潭美段三小段,59.81,都市：工
RPPPMLTJQHNFFCA58CA,潭美段三小段,9.00,都市：工
RPPPMLTJQHNFFCA58CA,潭美段三小段,.31,都市：其他
RPPPMLTJQHNFFCA58CA,潭美段三小段,11.19,都市：工
RPWNMLNKQHNFFCA58CA,潭美段三小段,20.93,都市：工
RPWNMLNKQHNFFCA58CA,潭美段三小段,.72,都市：其他
RPWNMLNKQHNFFCA58CA,潭美段三小段,26.04,都市：工
RPWNMLNKQHNFFCA58CA,潭美段三小段,3.56,都市：工
RPWNMLNKQHNFFCA58CA,潭美段三小段,9.09,都市：工
RPTPMLTJQHNFFCA98CA,潭美段三小段,9.00,都市：工
RPTPMLTJQHNFFCA98CA,潭美段三小段,.31,都市：其他
RPTPMLTJQHNFFCA98CA,潭美段三小段,11.19,都市：工
RPTNMLQLPHNFFCA58CA,中山段一小段,16.91,都市：商
RPTOMLNKQHNFFCA38CA,潭美段三小段,80.74,都市：工
RPVOMLRLPHNFFCA98CA,中山段一小段,3.74,都市：商
RPOPMLNKQHNFFCA97CA,潭美段三小段,80.74,都市：工
RPPOMLNKQHNFFCA97CA,潭美段三小段,41.30,都市：工
RPPOMLNKQHNFFCA97CA,潭美段三小段,1.42,都市：其他
RPPOMLNKQHNFFCA97CA,潭美段三小段,51.37,都市：工
RPPOMLNKQHNFFCA97CA,潭美段三小段,7.02,都市：工
RPPOMLNKQHNFFCA97CA,潭美段三小段,35.88,都市：工
RPXNMLNKQHNFFCA68CA,榮星段四小段,.03,都市：住
RPXNMLNKQHNFFCA68CA,榮星段四小段,11.18,都市：住
RPROMLKMPHNFFCA97CA,康寧段三小段,44.28,都市：住
RPXQMLKMPHNFFCA78CA,中山段一小段,16.39,都市：商
RPXPMLKMPHNFFCA68CA,西湖段二小段,.01,都市：工
RPXPMLKMPHNFFCA68CA,西湖段二小段,31.43,都市：工
RPSQMLKMPHNFFCA28CA,德惠段三小段,35.00,都市：住
RPXNMLLMPHNFFCA58CA,長安段四小段,5.04,都市：商
RPXNMLLMPHNFFCA58CA,長安段四小段,3.19,都市：商
RPPOMLLJQHNFFCA67CA,金泰段,50.87,都市：住
RPOQMLQKQHNFFCA38CA,康寧段三小段,20.32,都市：其他
RPTQMLQKQHNFFCA88CA,康寧段三小段,21.11,都市：其他
RPQQMLQKQHNFFCA58CA,康寧段三小段,20.32,都市：其他
RPPQMLQKQHNFFCA48CA,康寧段三小段,17.38,都市：其他
RPRNMLPJQHNFFCA18CA,文德段五小段,61.39,都市：其他
RPSOMLNJQHNFFCA18CA,金泰段,102.24,都市：住
RPPQMLQJQHNFFCA38CA,長安段一小段,24.16,都市：住
RPUOMLNLPHNFFDA58CA,中南段五小段,62.90,都市：住
RPUQMLQKQHNFFCA98CA,康寧段三小段,16.97,都市：其他
RPUOMLNLPHNFFDA58CA,中南段五小段,.00,都市：住
RPSQMLRLPHNFFDA98CA,福德段一小段,299.00,都市：其他
RPUUMLOLPHNFFDA66CA,中南段四小段,13.15,都市：住
RPUNMLPLPHNFFDA68CA,福德段二小段,27.25,都市：住
RPRVMLOLPHNFFDA09CA,中南段四小段,24.05,都市：住
RPUWMLOLPHNFFDA86CA,永吉段四小段,22.50,都市：住
RPQRMLLMPHNFFDA38CA,三興段一小段,20.75,都市：住
RPVOMLPLPHNFFDA88CA,虎林段四小段,5.07,都市：商
RPVOMLPLPHNFFDA88CA,虎林段四小段,23.85,都市：商
RPWVMLOLPHNFFDA96CA,西松段一小段,18.50,都市：其他
RPVPMLLMPHNFFDA68CA,新光段二小段,29.60,都市：住
RPWNMLKMPHNFFDA48CA,雅祥段一小段,10.15,都市：住
RPQOMLKMPHNFFEA08CA,大業段一小段,4.06,都市：住
RPOOMLMJQHNFFDA77CA,寶清段五小段,11.22,都市：其他
RPQNMLPLPHNFFEA38CA,福順段一小段,12.54,都市：住
RPQNMLPLPHNFFEA38CA,福順段一小段,1.67,都市：住
RPSOMLOLPHNFFEA58CA,百齡段三小段,18.50,都市：工
RPSNMLPLPHNFFEA58CA,桃源段一小段,35.22,都市：住
RPSNMLMJQHNFFEA18CA,溪洲段三小段,24.60,都市：其他
RPSNMLMJQHNFFEA18CA,溪洲段三小段,24.40,都市：其他
RPSNMLMJQHNFFEA18CA,溪洲段三小段,91.40,都市：其他
RPSQMLNLPHNFFEA68CA,溫泉段一小段,5.73,都市：其他
RPPQMLNLPHNFFEA38CA,立農段二小段,26.94,都市：住
RPPQMLNLPHNFFEA38CA,立農段二小段,.31,都市：住
RPPQMLNLPHNFFEA38CA,立農段二小段,.42,都市：住
RPRPMLOLPHNFFEA58CA,百齡段五小段,24.00,都市：住
RPPPMLQJQHNFFEA48CA,天母段一小段,16.80,都市：住
RPRPMLMJQHNFFEA28CA,文林段三小段,13.42,都市：住
RPSOMLQLPHNFFEA78CA,泉源段二小段,22.00,都市：農
RPVOMLKMPHNFFDA48CA,民生段,19.35,都市：其他
RPPOMLOLPHNFFFA38CA,龍泉段三小段,8.47,都市：商
RPWNMLKKQHNFFFA58CA,懷生段四小段,19.30,都市：住
RPWNMLKKQHNFFFA58CA,懷生段四小段,.03,都市：住
RPUNMLSJQHNFFFA09CA,懷生段四小段,49.86,都市：住
RPUNMLSJQHNFFFA09CA,懷生段四小段,14.67,都市：住
RPWOMLKMPHNFFDA58CA,寶清段七小段,12.64,都市：商
RPXOMLQJQHNFFEA56CA,天母段一小段,48.40,都市：住
RPQOMLNKQHNFFFA38CA,懷生段四小段,5.09,都市：住
RPQOMLNKQHNFFFA38CA,懷生段四小段,.01,都市：住
SPQOMLKKQHNFFFA18CA,懷生段四小段,20.01,都市：住
SPQOMLKKQHNFFFA18CA,懷生段四小段,.03,都市：住
RPUOMLNKQHNFFFA78CA,懷生段四小段,.02,都市：住
RPUOMLNKQHNFFFA78CA,懷生段四小段,10.35,都市：住
RPROMLNKQHNFFFA48CA,懷生段四小段,6.08,都市：住
RPROMLNKQHNFFFA48CA,懷生段四小段,.01,都市：住
RPQOMLKKQHNFFFA08CA,懷生段四小段,7.02,都市：住
RPQOMLKKQHNFFFA08CA,懷生段四小段,.01,都市：住
RPRNMLKMPHNFFEA08CA,中洲段,581.00,都市：其他
RPSOMLNKQHNFFFA58CA,懷生段四小段,6.08,都市：住
RPRNMLKMPHNFFEA08CA,中洲段,178.00,都市：其他
RPSOMLNKQHNFFFA58CA,懷生段四小段,.01,都市：住
RPROMLKKQHNFFFA18CA,懷生段四小段,13.28,都市：住
RPOPMLKMPHNFFFA08CA,辛亥段三小段,28.25,都市：住
RPROMLKKQHNFFFA18CA,懷生段四小段,.02,都市：住
RPOOMLRLPHNFFEA48CA,立農段五小段,24.64,都市：商
RPTSMLQLPHNFFCA56DA,中山段一小段,5.21,都市：商
RPVOMLPLPHNFFBA78DA,成功段一小段,.55,都市：商
RPVOMLPLPHNFFBA78DA,成功段一小段,12.90,都市：商
RPVOMLPLPHNFFBA78DA,成功段一小段,.92,都市：商
RPQRMLPLPHNFFCA68DA,文德段二小段,26.63,都市：住
RPSNMLTLPHNFFAA68DA,南海段一小段,3.33,都市：住
RPSNMLTLPHNFFAA68DA,南海段一小段,3.70,都市：商
RPSNMLTLPHNFFAA68DA,南海段一小段,.27,都市：商
RPROMLOLPHNFFEA48CA,關渡段二小段,11.61,都市：住
RPROMLOLPHNFFEA48CA,關渡段二小段,1.06,都市：住
RPROMLOLPHNFFEA48CA,關渡段二小段,6.05,都市：住
RPWNMLLMPHNFFAA38DA,木柵段四小段,36.62,都市：住
RPSNMLQLPHNFFBA48DA,華中段三小段,5.00,都市：住
RPSNMLQLPHNFFBA48DA,華中段三小段,11.25,都市：住
RPQNMLLJQHNFFFA97CA,復興段一小段,195.46,都市：其他
RPPNMLTLPHNFFFA88DA,金華段四小段,8.46,都市：商
RPPNMLTLPHNFFFA88DA,金華段四小段,2.70,都市：商
RPPNMLTLPHNFFFA88DA,金華段四小段,1.20,都市：商
RPWNMLLJQHNFFDA48DA,玉成段三小段,36.94,都市：住
RPOOMLLJQHNFFDA77DA,延吉段一小段,34.79,都市：住
RPROMLMJQHNFFCA08DA,潭美段五小段,67.46,都市：住
RPQNMLOJQHNFFFA38DA,仁愛段六小段,14.27,都市：住
RPUQMLNLPHNFFEA98DA,福林段一小段,28.56,都市：住
RPOPMLLJQHNFFCA77DA,長安段二小段,24.46,都市：住
RPQPMLPLPHNFFDA58DA,美仁段一小段,27.26,都市：住
RPQPMLPLPHNFFDA58DA,美仁段一小段,.92,都市：住
RPPOMLOLPHNFFEA38DA,永新段二小段,14.10,都市：住
RPXQMLRLPHNFFEA07DA,行義段三小段,10.13,都市：住
RPWNMLOJQHNFFEA88DA,天母段三小段,30.15,都市：住
RPQNMLMJQHNFFEA08DA,桃源段二小段,15.21,都市：住
RPPNMLSKPHNFFAA38CD,河堤段五小段,33.75,都市：住
RPTNMLTLPHNFFEA56DA,奇岩段三小段,24.89,都市：住
RPVNMLOJQHNFFEA78DA,天母段四小段,100.79,都市：住
RPROMLKLQHNFFBA97DA,福星段三小段,4.14,都市：商
RPRNMLTLPHNFFFA09DA,金華段四小段,28.75,都市：住
RPRNMLTLPHNFFFA09DA,金華段四小段,5.75,都市：其他
RPSNMLOJQHNFFDA38DA,信義段三小段,75.28,都市：住
RPPNMLOJQHNFFDA08DA,西松段二小段,18.10,都市：住
RPRNMLTLPHNFFDA88DA,敦化段二小段,1.04,都市：住
RPRNMLTLPHNFFDA88DA,敦化段二小段,4.13,都市：商
RPTOMLMJQHNFFFA48CA,大安段三小段,19.39,都市：住
RPVVMLOLPHNFFDA96DA,美仁段一小段,1.67,都市：住
RPVVMLOLPHNFFDA96DA,美仁段一小段,27.05,都市：住
RPVVMLOLPHNFFDA96DA,美仁段一小段,1.14,都市：住
RPQOMLPLPHNFFDA48DA,美仁段二小段,8.64,都市：住
RPWOMLPLPHNFFDA09DA,延吉段一小段,4.57,都市：商
RPWOMLPLPHNFFDA09DA,延吉段一小段,2.06,都市：住
RPVQMLPLPHNFFCA09DA,長春段一小段,22.52,都市：住
RPWNMLOJQHNFFCA68DA,文德段四小段,16.91,都市：商
RPTNMLPLPHNFFAA38DA,河堤段五小段,.03,都市：商
RPTNMLPLPHNFFAA38DA,河堤段五小段,.01,都市：住
RPTNMLPLPHNFFAA38DA,河堤段五小段,.10,都市：商
RPOOMLKMPHNFFEA87CA,雙溪段重劃一小段,77.57,都市：住
RPXNMLPLPHNFFFA56CA,學府段四小段,1.17,都市：住
RPVNMLPLPHNFFFA98CA,大安段一小段,7.52,都市：住
RPXNMLPLPHNFFFA56CA,學府段四小段,42.01,都市：住
RPUNMLQLPHNFFFA98CA,大安段三小段,19.39,都市：住
RPVNMLLMPHNFFFA68CA,大安段二小段,11.41,都市：商
RPSNMLKMPHNFFFA28CA,通化段二小段,59.00,都市：其他
RPTNMLLMPHNFFDA28CA,雅祥段一小段,5.68,都市：商
RPSOMLOLPHNFFFA68CA,辛亥段六小段,30.11,都市：住
RPRNMLTJQHNFFEA78CA,福林段一小段,88.33,都市：住
RPRNMLTJQHNFFEA78CA,福林段一小段,18.68,都市：住
RPWNMLTJQHNFFAA98DA,興安段一小段,18.91,都市：住
RPWNMLTJQHNFFAA98DA,興安段一小段,4.27,都市：住
RPUNMLKKQHNFFEA28CA,開明段一小段,25.67,都市：住
RPXNMLLLQHNFFEA78CA,華岡段三小段,5.84,都市：商
RPVOMLOLPHNFFEA88CA,芝山段一小段,25.41,都市：住
RPUOMLMJQHNFFDA38CA,美仁段二小段,6.69,都市：住
RPOPMLOLPHNFFEA28CA,永新段二小段,27.67,都市：住
RPQNMLNLQHNFFDA18CA,向陽段,35.67,都市：住
RPUNMLPLPHNFFAA48DA,永昌段四小段,14.74,都市：住
RPQOMLKMPHNFFDA97CA,寶清段一小段,7.58,都市：商
RPRNMLTLPHNFFAA58DA,萬芳段一小段,58.98,都市：住
RPRNMLTLPHNFFAA58DA,萬芳段一小段,.02,都市：其他
RPRNMLTLPHNFFAA58DA,萬芳段一小段,.00,都市：其他
RPQNMLKMPHNFFDA87CA,玉成段二小段,79.81,都市：工
RPQNMLKMPHNFFDA87CA,玉成段二小段,.09,都市：其他
RPQOMLMJQHNFFAA77DA,興隆段二小段,27.50,都市：商
RPQOMLMJQHNFFAA77DA,興隆段二小段,1.75,都市：商
RPQOMLPLPHNFFEA48CA,天母段一小段,27.20,都市：住
RPVOMLPLPHNFFEA98CA,奇岩段五小段,13.71,都市：工
RPPPMLPLPHNFFDA38CA,永吉段二小段,3.84,都市：商
RPPPMLPLPHNFFDA38CA,永吉段二小段,6.28,都市：商
RPPPMLPLPHNFFDA38CA,永吉段二小段,4.05,都市：住
RPWPMLPLPHNFFDA09CA,西松段一小段,46.75,都市：住
RPRUMLOLPHNFFDA98CA,玉成段三小段,3.18,都市：商
RPOPMLQLPHNFFEA48CA,陽明段一小段,14.62,都市：住
RPOOMLMLQHNFFCA87CA,文德段二小段,54.56,都市：住
RPRQMLQKQHNFFCA68CA,康寧段三小段,30.21,都市：其他
RPSPMLPLPHNFFDA68CA,玉成段二小段,25.75,都市：工
RPROMLPLPHNFFDA48CA,福德段三小段,21.75,都市：住
RPXPMLQJQHNFFCA09CA,潭美段五小段,932.50,都市：其他
RPXPMLQJQHNFFCA09CA,潭美段五小段,623.42,都市：住
RPVPMLQLPHNFFCA98CA,東湖段五小段,16.15,都市：住
RPPNMLSJQHNFFCA28CA,金泰段,63.13,都市：住
RPROMLLLQHNFFCA08CA,長春段一小段,23.45,都市：住
RPWPMLQKQHNFFCA09CA,中山段二小段,20.30,都市：商
RPRQMLKMPHNFFCA18CA,吉林段三小段,2.62,都市：商
RPSPMLPLPHNFFCA58CA,吉林段四小段,.31,都市：商
RPVPMLQKQHNFFCA98CA,中山段二小段,19.73,都市：商
RPQOMLRLPHNFFCA48CA,長安段二小段,25.93,都市：住
RPTOMLRLPHNFFCA78CA,中山段一小段,28.20,都市：商
RPOOMLRLPHNFFCA28CA,碧湖段四小段,34.49,都市：住
RPXNMLQKQHNFFBA88CA,雙園段二小段,3.34,都市：住
RPOOMLPLPHNFFCA08CA,吉林段二小段,.94,都市：商
RPOOMLPLPHNFFCA08CA,吉林段二小段,.94,都市：商
RPOOMLPLPHNFFCA08CA,吉林段二小段,3.47,都市：商
RPOOMLPLPHNFFCA08CA,吉林段二小段,3.47,都市：商
RPSOMLQKQHNFFBA48CA,雙園段二小段,1.40,都市：住
RPTRMLPLPHNFFCA88CA,北安段三小段,40.97,都市：住
RPRNMLLLQHNFFBA87CA,大龍段三小段,21.68,都市：住
RPQQMLOLPHNFFCA38CA,碧湖段四小段,48.88,都市：住
RPRQMLPLPHNFFCA58CA,德惠段三小段,13.22,都市：住
RPRQMLPLPHNFFCA58CA,德惠段三小段,.01,都市：其他
RPRQMLPLPHNFFCA58CA,德惠段三小段,.66,都市：其他
RPRQMLPLPHNFFCA58CA,德惠段三小段,.00,都市：住
RPVOMLMLQHNFFBA48CA,大龍段三小段,21.54,都市：住
RPRNMLPLPHNFFCA28CA,榮星段四小段,28.26,都市：商
RPRNMLPLPHNFFCA28CA,榮星段四小段,.05,都市：其他
RPRNMLPLPHNFFCA28CA,榮星段四小段,.08,都市：其他
RPPOMLSJQHNFFAA18CA,公訓段三小段,2.13,都市：住
RPPOMLSJQHNFFAA18CA,萬芳段三小段,54.68,都市：住
RPQPMLRLPHNFFAA38CA,實踐段三小段,78.00,都市：住
RPSNMLSJQHNFFAA38CA,實踐段一小段,19.00,都市：住
RPSNMLSJQHNFFAA38CA,實踐段一小段,17.60,都市：住
RPUOMLPLPHNFFCA68CA,榮星段四小段,53.87,都市：住
RPUOMLPLPHNFFCA68CA,榮星段四小段,59.53,都市：住
RPTPMLRLPHNFFAA68CA,萬芳段四小段,28.19,都市：住
RPPOMLOLPHNFFBA97CA,臨沂段三小段,53.50,都市：住
RPTNMLLKQHNFFBA97CA,萬大段一小段,25.00,都市：住
RPRPMLQJQHNFFBA38CA,公園段二小段,7.83,都市：商
RPRPMLQJQHNFFBA38CA,公園段二小段,1.90,都市：商
RPRPMLQJQHNFFBA38CA,公園段二小段,.22,都市：其他
RPQNMLRLPHNFFAA18CA,木柵段一小段,44.31,都市：商
RPPNMLRLPHNFFAA08CA,景美段一小段,15.12,都市：住
RPUOMLNJQHNFFBA28CA,福星段二小段,5.64,都市：其他
RPTNMLPLPHNFFBA38CA,直興段一小段,32.79,都市：住
RPRNMLQLPHNFFAA18CA,景美段一小段,31.92,都市：住
RPQOMLRJQHNFFBA28CA,公園段二小段,25.05,都市：商
RPQOMLRJQHNFFBA28CA,公園段二小段,6.08,都市：商
RPQOMLRJQHNFFBA28CA,公園段二小段,.72,都市：其他
RPOOMLQLPHNFFBA08CA,福星段四小段,1.88,都市：商
RPQPMLQLPHNFFBA38CA,莒光段三小段,3.18,都市：住
RPQPMLQLPHNFFBA38CA,莒光段三小段,31.08,都市：住
RPROMLPLPHNFFAA18CA,南海段三小段,3.24,都市：商
RPWNMLQLPHNFFBA78CA,中正段二小段,.24,都市：商
RPROMLPLPHNFFAA18CA,南海段三小段,1.34,都市：住
RPWNMLQLPHNFFBA78CA,中正段二小段,.64,都市：住
RPWNMLQLPHNFFBA78CA,中正段二小段,6.52,都市：住
RPPPMLQLPHNFFBA28CA,莒光段三小段,2.87,都市：住
RPPPMLQLPHNFFBA28CA,莒光段三小段,28.10,都市：住
RPOPMLQLPHNFFBA18CA,莒光段三小段,2.87,都市：住
RPOPMLQLPHNFFBA18CA,莒光段三小段,28.10,都市：住
RPXNMLOLPHNFFAA58CA,永昌段一小段,24.50,都市：住
RPWNMLOLPHNFFAA48CA,興隆段二小段,40.17,都市：商
