﻿編號,屋齡,建物移轉面積(平方公尺),主要用途,主要建材,建築完成日期,總層數,建物分層
The serial number,room age,building shifting area (square meter),the main use,main building materials,construction completes the date,total layer,building lamination
RPPNMLQLPHNFFAA97CA,21,32.05,共有部分,鋼筋混凝土造,86年5月14日,十一層,
RPOOMLOLPHNFFCA97CA,33,16.84,商業用,鋼筋混凝土造,74年7月3日,五層,地下層
RPOOMLOLPHNFFCA97CA,33,5.36,共有部分,鋼筋混凝土造,74年7月3日,五層,
RPSOMLOKQHNFFBA28CA,37,471.38,商業用,鋼筋混凝土造,70年1月30日,十二層,九層
RPSOMLOKQHNFFBA28CA,37,11.95,共有部分,鋼筋混凝土造,70年1月30日,十二層,
RPOOMLNLPHNFFAA67CA,22,96.19,住家用,鋼筋混凝土造,85年11月22日,七層,二層
RPOOMLNLPHNFFAA67CA,22,14.76,見使用執照,鋼筋混凝土造,85年11月22日,七層,
RPOOMLNLPHNFFAA67CA,22,41.90,見使用執照,鋼筋混凝土造,85年11月22日,七層,
RPPNMLLMPHNFFAA57CA,12,26.60,共有部分,鋼筋混凝土造,95年3月22日,八層,
RPPNMLLMPHNFFAA57CA,12,102.60,住家用,鋼筋混凝土造,95年3月22日,八層,二層
RPPNMLLMPHNFFAA57CA,12,.18,共有部分,鋼筋混凝土造,95年3月22日,八層,
RPPNMLLMPHNFFAA57CA,12,41.28,共有部分,鋼筋混凝土造,95年3月22日,八層,
RPPNMLLMPHNFFAA57CA,12,.13,見其他登記事項,鋼筋混凝土造,95年3月22日,八層,
RPOOMLNLPHNFFBA77CA,60,68.69,住家用,加強磚造,47年7月23日,二層,二層
RPWNMLOLPHNFFBA58CA,46,66.48,工業用,鋼筋混凝土造,61年7月15日,四層,一層
RPPOMLNLPHNFFAA77CA,13,64.93,住家用,鋼筋混凝土造,94年4月18日,八層,二層
RPPOMLNLPHNFFAA77CA,13,12.11,共有部分,鋼筋混凝土造,94年4月18日,八層,
RPPOMLNLPHNFFAA77CA,13,21.65,共有部分,鋼筋混凝土造,94年4月18日,八層,
RPPOMLNLPHNFFAA77CA,13,22.33,共有部分,鋼筋混凝土造,94年4月18日,八層,
RPXNMLRLPHNFFAA88CA,,122.94,住商用,鋼筋混凝土造,,五層,一層 停車場
RPPOMLPLPHNFFCA18CA,22,27.14,住家用,鋼筋混凝土造,85年5月17日,七層,一層
RPPOMLPLPHNFFCA18CA,22,2.21,共有部分,鋼筋混凝土造,85年5月17日,七層,
RPPOMLPLPHNFFCA18CA,22,8.69,共有部分,鋼筋混凝土造,85年5月17日,七層,
RPPOMLPLPHNFFCA18CA,22,2.22,共有部分,鋼筋混凝土造,85年5月17日,七層,
RPRRMLNLPHNFFCA48CA,35,145.17,住家用,鋼筋混凝土造,72年8月17日,七層,五層
RPRRMLNLPHNFFCA48CA,35,21.02,共有部分,鋼筋混凝土造,72年8月17日,七層,
RPRQMLOLPHNFFCA48CA,39,11.95,共有部分,鋼筋混凝土造,67年12月14日,七層,
RPRQMLOLPHNFFCA48CA,39,76.46,住商用,鋼筋混凝土造,67年12月14日,七層,六層
RPPOMLOLPHNFFCA08CA,23,3.74,共有部分,鋼筋混凝土造,84年8月23日,九層,
RPPOMLOLPHNFFCA08CA,23,8.06,共有部分,鋼筋混凝土造,84年8月23日,九層,
RPPOMLOLPHNFFCA08CA,23,2.75,共有部分,鋼筋混凝土造,84年8月23日,九層,
RPPOMLOLPHNFFCA08CA,23,48.59,住家用,鋼筋混凝土造,84年8月23日,九層,八層
RPPQMLOLPHNFFCA28CA,11,2.17,共有部分,鋼筋混凝土造,96年6月21日,十二層,
RPPQMLOLPHNFFCA28CA,11,9.58,共有部分,鋼筋混凝土造,96年6月21日,十二層,
RPPQMLOLPHNFFCA28CA,11,31.09,住家用,鋼筋混凝土造,96年6月21日,十二層,六層
RPPQMLOLPHNFFCA28CA,11,5.56,共有部分,鋼筋混凝土造,96年6月21日,十二層,
RPUNMLPLPHNFFCA58CA,11,87.34,住家用,鋼筋混凝土造,96年9月13日,十五層,六層
RPUNMLPLPHNFFCA58CA,11,41.70,共有部分,鋼筋混凝土造,96年9月13日,十五層,
RPUNMLPLPHNFFCA58CA,11,31.62,共有部分,鋼筋混凝土造,96年9月13日,十五層,
RPTNMLQLPHNFFCA58CA,4,29.56,見其他登記事項,鋼筋混凝土造,103年11月13日,七層,
RPTNMLQLPHNFFCA58CA,4,63.10,住家用,鋼筋混凝土造,103年11月13日,七層,三層
RPTNMLQLPHNFFCA58CA,4,2.78,見其他登記事項,鋼筋混凝土造,103年11月13日,七層,
RPTNMLQLPHNFFCA58CA,4,29.54,見其他登記事項,鋼筋混凝土造,103年11月13日,七層,
RPVOMLRLPHNFFCA98CA,9,35.83,商業用,鋼筋混凝土造,98年6月22日,十四層,二層
RPVOMLRLPHNFFCA98CA,9,3.52,共有部分,鋼筋混凝土造,98年6月22日,十四層,
RPVOMLRLPHNFFCA98CA,9,7.20,共有部分,鋼筋混凝土造,98年6月22日,十四層,
RPVOMLRLPHNFFCA98CA,9,9.01,共有部分,鋼筋混凝土造,98年6月22日,十四層,
RPVOMLRLPHNFFCA98CA,9,8.58,共有部分,鋼筋混凝土造,98年6月22日,十四層,
RPXNMLNKQHNFFCA68CA,2,36.86,住家用,鋼筋混凝土造,105年1月15日,十二層,四層
RPXNMLNKQHNFFCA68CA,2,23.69,見其他登記事項,鋼筋混凝土造,105年1月15日,十二層,
RPROMLKMPHNFFCA97CA,6,175.77,住家用,見其他登記事項,101年11月21日,二十六層,五層
RPROMLKMPHNFFCA97CA,6,13.23,見其他登記事項,見其他登記事項,101年11月21日,二十六層,
RPROMLKMPHNFFCA97CA,6,97.99,見其他登記事項,見其他登記事項,101年11月21日,二十六層,
RPROMLKMPHNFFCA97CA,6,80.35,見其他登記事項,見其他登記事項,101年11月21日,二十六層,
RPXQMLKMPHNFFCA78CA,2,115.61,見其他登記事項,鋼筋混凝土造,105年8月29日,十四層,六層
RPXQMLKMPHNFFCA78CA,2,101.44,見其他登記事項,鋼筋混凝土造,105年8月29日,十四層,
RPXPMLKMPHNFFCA68CA,34,103.49,工業用,鋼筋混凝土造,73年2月11日,五層,四層
RPSQMLKMPHNFFCA28CA,,88.31,,加強磚造,,三層,一層 騎樓
RPXNMLLMPHNFFCA58CA,43,44.60,商業用,鋼筋混凝土造,64年2月3日,十一層,九層
RPXNMLLMPHNFFCA58CA,43,11.33,共有部分,鋼筋混凝土造,64年2月3日,十一層,
RPXNMLLMPHNFFCA58CA,43,.97,共有部分,鋼筋混凝土造,64年2月3日,十一層,
RPPOMLLJQHNFFCA67CA,18,98.80,住家用,鋼筋混凝土造,89年6月28日,十層,二層
RPPOMLLJQHNFFCA67CA,18,16.78,共有部分,鋼筋混凝土造,89年6月28日,十二層,
RPPOMLLJQHNFFCA67CA,18,58.49,共有部分,鋼筋混凝土造,89年6月28日,十二層,
RPOQMLQKQHNFFCA38CA,,167.60,住家用,見其他登記事項,107年2月23日,二十九層,二十五層
RPOQMLQKQHNFFCA38CA,,134.76,見其他登記事項,見其他登記事項,107年2月23日,二十九層,
RPOQMLQKQHNFFCA38CA,,3.58,見其他登記事項,見其他登記事項,107年2月23日,二十九層,
RPTQMLQKQHNFFCA88CA,,167.29,住家用,見其他登記事項,107年2月23日,二十九層,二十七層
RPTQMLQKQHNFFCA88CA,,191.92,見其他登記事項,見其他登記事項,107年2月23日,二十九層,
RPTQMLQKQHNFFCA88CA,,3.54,見其他登記事項,見其他登記事項,107年2月23日,二十九層,
RPQQMLQKQHNFFCA58CA,,167.60,住家用,見其他登記事項,107年2月23日,二十九層,二十五層
RPQQMLQKQHNFFCA58CA,,134.76,見其他登記事項,見其他登記事項,107年2月23日,二十九層,
RPQQMLQKQHNFFCA58CA,,3.58,見其他登記事項,見其他登記事項,107年2月23日,二十九層,
RPPQMLQKQHNFFCA48CA,,141.60,住家用,見其他登記事項,107年2月23日,二十九層,二十五層
RPPQMLQKQHNFFCA48CA,,122.96,見其他登記事項,見其他登記事項,107年2月23日,二十九層,
RPPQMLQKQHNFFCA48CA,,2.99,見其他登記事項,見其他登記事項,107年2月23日,二十九層,
RPRNMLPJQHNFFCA18CA,15,195.97,工業用,見使用執照,92年5月30日,十層,三層
RPRNMLPJQHNFFCA18CA,15,22.43,共有部分,見使用執照,92年5月30日,十層,
RPRNMLPJQHNFFCA18CA,15,80.16,共有部分,見使用執照,92年5月30日,十層,
RPRNMLPJQHNFFCA18CA,15,57.13,共有部分,見使用執照,92年5月30日,十層,
RPRNMLPJQHNFFCA18CA,15,142.25,共有部分,見使用執照,92年5月30日,十層,
RPSOMLNJQHNFFCA18CA,5,216.07,住家用,鋼骨鋼筋混凝土造,102年10月14日,十層,九層
RPSOMLNJQHNFFCA18CA,5,131.27,見其他登記事項,鋼骨鋼筋混凝土造,102年10月14日,十層,
RPSOMLNJQHNFFCA18CA,5,14.19,見其他登記事項,鋼骨鋼筋混凝土造,102年10月14日,十層,
RPSOMLNJQHNFFCA18CA,5,79.89,見其他登記事項,鋼骨鋼筋混凝土造,102年10月14日,十層,
RPPQMLQJQHNFFCA38CA,20,54.53,住家用,鋼筋混凝土造,87年6月17日,六層,二層
RPPQMLQJQHNFFCA38CA,20,55.03,共有部分,鋼筋混凝土造,87年6月17日,六層,
RPUOMLNLPHNFFDA58CA,14,14.81,共有部分,鋼筋混凝土造,92年12月4日,九層,
RPUQMLQKQHNFFCA98CA,,142.04,住家用,見其他登記事項,107年2月23日,二十九層,二十一層
RPUQMLQKQHNFFCA98CA,,93.60,見其他登記事項,見其他登記事項,107年2月23日,二十九層,
RPUOMLNLPHNFFDA58CA,14,47.34,共有部分,鋼筋混凝土造,92年12月4日,九層,
RPUQMLQKQHNFFCA98CA,,2.99,見其他登記事項,見其他登記事項,107年2月23日,二十九層,
RPUOMLNLPHNFFDA58CA,14,98.86,住家用,鋼筋混凝土造,92年12月4日,九層,二層
RPUUMLOLPHNFFDA66CA,,32.87,見其他登記事項,鋼筋混凝土造,106年12月28日,七層,七層
RPUUMLOLPHNFFDA66CA,,12.32,見其他登記事項,鋼筋混凝土造,106年12月28日,七層,
RPUUMLOLPHNFFDA66CA,,28.44,見其他登記事項,鋼筋混凝土造,106年12月28日,七層,
RPUNMLPLPHNFFDA68CA,,85.31,住家用,鋼筋混凝土造,,四層,四層 陽台
RPRVMLOLPHNFFDA09CA,,58.98,見其他登記事項,鋼筋混凝土造,106年12月28日,七層,六層
RPRVMLOLPHNFFDA09CA,,11.53,見其他登記事項,鋼筋混凝土造,106年12月28日,七層,
RPRVMLOLPHNFFDA09CA,,66.46,見其他登記事項,鋼筋混凝土造,106年12月28日,七層,
RPUWMLOLPHNFFDA86CA,47,70.34,住家用,鋼筋混凝土造,60年4月16日,四層,三層
RPQRMLLMPHNFFDA38CA,,76.81,,鋼筋混凝土造,,四層,二層 陽台
RPVOMLPLPHNFFDA88CA,37,12.49,共有部分,鋼筋混凝土造,70年8月31日,七層,
RPVOMLPLPHNFFDA88CA,37,120.22,住家用,鋼筋混凝土造,70年8月31日,七層,三層
RPWVMLOLPHNFFDA96CA,8,164.09,住家用,見其他登記事項,99年11月12日,十八層,十二層
RPWVMLOLPHNFFDA96CA,8,69.23,見其他登記事項,見其他登記事項,99年11月12日,十八層,
RPWVMLOLPHNFFDA96CA,8,10.26,見其他登記事項,見其他登記事項,99年11月12日,十八層,
RPWVMLOLPHNFFDA96CA,8,35.56,見其他登記事項,見其他登記事項,99年11月12日,十八層,
RPVPMLLMPHNFFDA68CA,20,104.69,見其他登記事項,鋼筋混凝土造,87年5月21日,十八層,十八層
RPVPMLLMPHNFFDA68CA,20,70.05,共有部分,鋼筋混凝土造,87年5月21日,十九層,
RPWNMLKMPHNFFDA48CA,43,86.20,住家用,鋼筋混凝土造,64年4月3日,四層,一層 平台
RPQOMLKMPHNFFEA08CA,28,12.97,見使用執照,鋼筋混凝土造,79年11月23日,十三層,地下二層
RPQOMLKMPHNFFEA08CA,27,.01,共有部分,鋼筋混凝土造,79年12月30日,十三層,
RPOOMLMJQHNFFDA77CA,36,117.01,住家用,鋼筋混凝土造,71年11月10日,十六層,九層
RPOOMLMJQHNFFDA77CA,36,34.67,共有部分,鋼筋混凝土造,71年11月10日,十六層,
RPQNMLPLPHNFFEA38CA,1,59.99,住家用,鋼筋混凝土造,106年4月13日,十四層,九層
RPQNMLPLPHNFFEA38CA,1,.30,見其他登記事項,鋼筋混凝土造,106年4月13日,十四層,
RPQNMLPLPHNFFEA38CA,1,37.41,見其他登記事項,鋼筋混凝土造,106年4月13日,十四層,
RPQNMLPLPHNFFEA38CA,1,30.44,見其他登記事項,鋼筋混凝土造,106年4月13日,十四層,
RPQNMLPLPHNFFEA38CA,1,.15,見其他登記事項,鋼筋混凝土造,106年4月13日,十四層,
RPSOMLOLPHNFFEA58CA,11,21.73,共有部分,鋼筋混凝土造,96年12月5日,十四層,
RPSOMLOLPHNFFEA58CA,11,11.57,共有部分,鋼筋混凝土造,96年12月5日,十四層,
RPSOMLOLPHNFFEA58CA,11,1.21,共有部分,鋼筋混凝土造,96年12月5日,十四層,
RPSOMLOLPHNFFEA58CA,11,65.47,見其他登記事項,鋼筋混凝土造,96年12月5日,十四層,十三層
RPSOMLOLPHNFFEA58CA,11,4.84,共有部分,鋼筋混凝土造,96年12月5日,十四層,
RPSOMLOLPHNFFEA58CA,11,26.26,共有部分,鋼筋混凝土造,96年12月5日,十四層,
RPSNMLPLPHNFFEA58CA,28,28.86,停車空間,鋼筋混凝土造,79年10月23日,五層,
RPSNMLPLPHNFFEA58CA,28,1.32,共有部分,鋼筋混凝土造,79年10月23日,五層,
RPSNMLPLPHNFFEA58CA,28,8.49,共有部分,鋼筋混凝土造,79年10月23日,五層,
RPSNMLPLPHNFFEA58CA,28,123.10,住家用,鋼筋混凝土造,79年10月23日,五層,四層 五層
RPSQMLNLPHNFFEA68CA,13,23.79,見其他登記事項,鋼筋混凝土造,94年3月22日,十四層,十二層
RPSQMLNLPHNFFEA68CA,13,13.54,共有部分,鋼筋混凝土造,94年3月22日,十四層,
RPSQMLNLPHNFFEA68CA,13,1.26,共有部分,鋼筋混凝土造,94年3月22日,十四層,
RPSQMLNLPHNFFEA68CA,13,16.66,共有部分,鋼筋混凝土造,94年3月22日,十四層,
RPPQMLNLPHNFFEA38CA,35,95.82,住家用,鋼筋混凝土造,72年4月6日,五層,四層
RPPQMLNLPHNFFEA38CA,35,8.54,共有部分,鋼筋混凝土造,72年4月6日,五層,
RPRPMLOLPHNFFEA58CA,45,76.05,住家用,鋼筋混凝土造,62年9月11日,四層,三層
RPPPMLQJQHNFFEA48CA,20,111.47,共有部分,鋼筋混凝土造,87年11月25日,十二層,
RPRPMLMJQHNFFEA28CA,1,111.02,住家用,見其他登記事項,106年2月20日,二十五層,十層
RPRPMLMJQHNFFEA28CA,1,54.01,見其他登記事項,見其他登記事項,106年2月20日,二十五層,
RPRPMLMJQHNFFEA28CA,1,15.01,見其他登記事項,見其他登記事項,106年2月20日,二十五層,
RPRPMLMJQHNFFEA28CA,1,13.36,見其他登記事項,見其他登記事項,106年2月20日,二十五層,
RPVOMLKMPHNFFDA48CA,40,21.05,商業用,鋼筋混凝土造,67年6月2日,四層,一層
RPVOMLKMPHNFFDA48CA,40,9.59,共有部分,鋼筋混凝土造,67年6月2日,四層,
RPVOMLKMPHNFFDA48CA,40,14.32,商業用,鋼筋混凝土造,67年6月2日,四層,一層
RPVOMLKMPHNFFDA48CA,40,6.77,共有部分,鋼筋混凝土造,67年6月2日,四層,
RPPOMLOLPHNFFFA38CA,31,18.48,共有部分,鋼筋混凝土造,76年3月3日,十二層,
RPPOMLOLPHNFFFA38CA,31,77.39,見使用執照,鋼筋混凝土造,76年3月3日,十二層,六層
RPWNMLKKQHNFFFA58CA,,96.19,住家用,鋼筋混凝土造,107年4月12日,十四層,十三層
RPWNMLKKQHNFFFA58CA,,56.29,見其他登記事項,鋼筋混凝土造,107年4月12日,十四層,
RPWNMLKKQHNFFFA58CA,,35.97,見其他登記事項,鋼筋混凝土造,107年4月12日,十四層,
RPUNMLSJQHNFFFA09CA,14,255.00,見其他登記事項,見其他登記事項,93年12月20日,十四層,四層
RPUNMLSJQHNFFFA09CA,14,69.74,共有部分,見其他登記事項,93年12月20日,十四層,
RPUNMLSJQHNFFFA09CA,14,93.19,共有部分,見其他登記事項,93年12月20日,十四層,
RPUNMLSJQHNFFFA09CA,14,270.74,共有部分,見其他登記事項,93年12月20日,十四層,
RPUNMLSJQHNFFFA09CA,14,8.30,見其他登記事項,見其他登記事項,93年12月20日,十四層,一層
RPUNMLSJQHNFFFA09CA,14,.16,共有部分,見其他登記事項,93年12月20日,十四層,
RPWOMLKMPHNFFDA58CA,30,13.62,共有部分,鋼筋混凝土造,77年8月16日,十二層,
RPXOMLQJQHNFFEA56CA,20,177.30,住家用,鋼筋混凝土造,87年11月25日,十二層,八層
RPWOMLKMPHNFFDA58CA,30,49.17,住家用,鋼筋混凝土造,77年8月16日,十二層,十二層
RPXOMLQJQHNFFEA56CA,20,48.41,共有部分,鋼筋混凝土造,87年11月25日,十二層,
RPWOMLKMPHNFFDA58CA,30,18.47,共有部分,鋼筋混凝土造,77年8月16日,十二層,
RPQOMLNKQHNFFFA38CA,,25.51,住家用,鋼筋混凝土造,107年4月12日,十四層,十二層
RPQOMLNKQHNFFFA38CA,,14.80,見其他登記事項,鋼筋混凝土造,107年4月12日,十四層,
SPQOMLKKQHNFFFA18CA,,99.53,住家用,鋼筋混凝土造,107年4月12日,十四層,二層
SPQOMLKKQHNFFFA18CA,,58.17,見其他登記事項,鋼筋混凝土造,107年4月12日,十四層,
SPQOMLKKQHNFFFA18CA,,41.02,見其他登記事項,鋼筋混凝土造,107年4月12日,十四層,
RPUOMLNKQHNFFFA78CA,,51.54,住家用,鋼筋混凝土造,107年4月12日,十四層,十一層
RPUOMLNKQHNFFFA78CA,,30.27,見其他登記事項,鋼筋混凝土造,107年4月12日,十四層,
RPROMLNKQHNFFFA48CA,,29.68,住家用,鋼筋混凝土造,107年4月12日,十四層,五層
RPROMLNKQHNFFFA48CA,,17.69,見其他登記事項,鋼筋混凝土造,107年4月12日,十四層,
RPQOMLKKQHNFFFA08CA,,33.17,住家用,鋼筋混凝土造,107年4月12日,十四層,二層
RPQOMLKKQHNFFFA08CA,,20.58,見其他登記事項,鋼筋混凝土造,107年4月12日,十四層,
RPSOMLNKQHNFFFA58CA,,29.68,住家用,鋼筋混凝土造,107年4月12日,十四層,四層
RPSOMLNKQHNFFFA58CA,,17.69,見其他登記事項,鋼筋混凝土造,107年4月12日,十四層,
RPROMLKKQHNFFFA18CA,,69.39,住家用,鋼筋混凝土造,107年4月12日,十四層,七層
RPOPMLKMPHNFFFA08CA,50,89.15,,加強磚造,57年6月2日,四層,四層
RPROMLKKQHNFFFA18CA,,38.61,見其他登記事項,鋼筋混凝土造,107年4月12日,十四層,
RPROMLKKQHNFFFA18CA,,35.97,見其他登記事項,鋼筋混凝土造,107年4月12日,十四層,
RPOOMLRLPHNFFEA48CA,4,91.10,住家用,鋼筋混凝土造,103年6月9日,七層,七層
RPOOMLRLPHNFFEA48CA,4,59.59,見其他登記事項,鋼筋混凝土造,103年6月9日,七層,
RPTSMLQLPHNFFCA56DA,24,30.48,住家用,鋼筋混凝土造,83年10月18日,七層,四層
RPTSMLQLPHNFFCA56DA,24,8.05,共有部分,鋼筋混凝土造,83年10月18日,七層,
RPVOMLPLPHNFFBA78DA,38,106.86,商業用,鋼筋混凝土造,69年9月13日,九層,四層
RPVOMLPLPHNFFBA78DA,38,16.80,共有部分,鋼筋混凝土造,69年9月13日,九層,
RPQRMLPLPHNFFCA68DA,34,93.13,住家用,鋼筋混凝土造,72年12月30日,五層,四層
RPQRMLPLPHNFFCA68DA,34,12.67,共有部分,鋼筋混凝土造,72年12月30日,五層,
RPSNMLTLPHNFFAA68DA,9,41.91,住家用,鋼筋混凝土造,98年9月3日,十四層,十三層
RPSNMLTLPHNFFAA68DA,9,10.31,共有部分,鋼筋混凝土造,98年9月3日,十四層,
RPSNMLTLPHNFFAA68DA,9,12.10,共有部分,鋼筋混凝土造,98年9月3日,十四層,
RPROMLOLPHNFFEA48CA,10,57.14,住家用,鋼筋混凝土造,97年10月13日,十四層,十三層
RPROMLOLPHNFFEA48CA,10,11.74,共有部分,鋼筋混凝土造,97年10月13日,十四層,
RPROMLOLPHNFFEA48CA,10,16.24,共有部分,鋼筋混凝土造,97年10月13日,十四層,
RPROMLOLPHNFFEA48CA,10,7.98,共有部分,鋼筋混凝土造,97年10月13日,十四層,
RPROMLOLPHNFFEA48CA,10,38.83,住家用,鋼筋混凝土造,97年10月13日,十四層,十三層
RPROMLOLPHNFFEA48CA,10,40.01,共有部分,鋼筋混凝土造,97年10月13日,十四層,
RPROMLOLPHNFFEA48CA,10,11.03,共有部分,鋼筋混凝土造,97年10月13日,十四層,
RPROMLOLPHNFFEA48CA,10,.06,見其他登記事項,鋼筋混凝土造,97年10月13日,十四層,
RPWNMLLMPHNFFAA38DA,8,.12,見其他登記事項,鋼筋混凝土造,99年3月24日,十三層,
RPWNMLLMPHNFFAA38DA,8,.04,見其他登記事項,鋼筋混凝土造,99年3月24日,十三層,
RPWNMLLMPHNFFAA38DA,8,52.39,見其他登記事項,鋼筋混凝土造,99年3月24日,十三層,
RPWNMLLMPHNFFAA38DA,8,127.15,住家用,鋼筋混凝土造,99年3月24日,十三層,十三層 夾層
RPWNMLLMPHNFFAA38DA,8,36.24,見其他登記事項,鋼筋混凝土造,99年3月24日,十三層,
RPWNMLLMPHNFFAA38DA,8,26.79,見其他登記事項,鋼筋混凝土造,99年3月24日,十三層,
RPSNMLQLPHNFFBA48DA,49,47.70,住家用,加強磚造,58年2月13日,四層,四層
RPPNMLTLPHNFFFA88DA,33,72.44,商業用,鋼筋混凝土造,74年1月16日,十二層,一層
RPPNMLTLPHNFFFA88DA,33,10.47,共有部分,鋼筋混凝土造,74年1月16日,十二層,
RPWNMLLJQHNFFDA48DA,12,116.55,住家用,鋼筋混凝土造,95年9月6日,九層,六層
RPWNMLLJQHNFFDA48DA,12,31.07,共有部分,鋼筋混凝土造,95年9月6日,九層,
RPWNMLLJQHNFFDA48DA,12,37.78,共有部分,鋼筋混凝土造,95年9月6日,九層,
RPOOMLLJQHNFFDA77DA,26,23.56,共有部分,鋼筋混凝土造,81年6月24日,九層,
RPOOMLLJQHNFFDA77DA,26,113.02,住家用,鋼筋混凝土造,81年6月24日,九層,五層
RPROMLMJQHNFFCA08DA,5,189.06,住家用,鋼筋混凝土造,102年12月16日,十層,七層
RPROMLMJQHNFFCA08DA,5,172.39,見其他登記事項,鋼筋混凝土造,102年12月16日,十層,
RPQNMLOJQHNFFFA38DA,30,44.88,住家用,鋼筋混凝土造,77年3月14日,七層,六層
RPQNMLOJQHNFFFA38DA,30,13.78,共有部分,鋼筋混凝土造,77年3月14日,七層,
RPQNMLOJQHNFFFA38DA,30,5.95,見使用執照,鋼筋混凝土造,77年3月14日,七層,地下層
RPUQMLNLPHNFFEA98DA,24,22.92,住家用,鋼筋混凝土造,83年1月13日,六層,三層
RPUQMLNLPHNFFEA98DA,24,8.82,共有部分,鋼筋混凝土造,83年1月13日,六層,
RPUQMLNLPHNFFEA98DA,24,39.69,住家用,鋼筋混凝土造,83年1月13日,六層,四層 五層
RPUQMLNLPHNFFEA98DA,24,15.31,共有部分,鋼筋混凝土造,83年1月13日,六層,
RPUQMLNLPHNFFEA98DA,24,10.78,住家用,鋼筋混凝土造,83年1月13日,六層,六層
RPUQMLNLPHNFFEA98DA,24,4.16,共有部分,鋼筋混凝土造,83年1月13日,六層,
RPOPMLLJQHNFFCA77DA,35,85.31,住家用,鋼筋混凝土造,72年6月21日,七層,一層
RPOPMLLJQHNFFCA77DA,35,13.95,共有部分,鋼筋混凝土造,72年6月21日,七層,
RPOPMLLJQHNFFCA77DA,35,6.61,見使用執照,鋼筋混凝土造,72年6月21日,七層,
RPOPMLLJQHNFFCA77DA,35,1.27,共有部分,鋼筋混凝土造,72年6月21日,七層,
RPQPMLPLPHNFFDA58DA,16,14.69,共有部分,鋼筋混凝土造,91年2月8日,十八層,
RPQPMLPLPHNFFDA58DA,16,23.58,共有部分,鋼筋混凝土造,91年2月8日,十八層,
RPQPMLPLPHNFFDA58DA,16,.63,共有部分,鋼筋混凝土造,91年2月8日,十八層,
RPQPMLPLPHNFFDA58DA,16,69.99,見其他登記事項,鋼筋混凝土造,91年2月8日,十八層,十四層
RPQPMLPLPHNFFDA58DA,16,2.08,停車空間,鋼筋混凝土造,91年2月8日,十八層,
RPPOMLOLPHNFFEA38DA,20,55.21,住家用,鋼筋混凝土造,87年8月10日,九層,二層
RPPOMLOLPHNFFEA38DA,20,2.53,共有部分,鋼筋混凝土造,87年8月10日,九層,
RPPOMLOLPHNFFEA38DA,20,10.56,共有部分,鋼筋混凝土造,87年8月10日,九層,
RPPOMLOLPHNFFEA38DA,20,35.79,共有部分,鋼筋混凝土造,87年8月10日,九層,
RPXQMLRLPHNFFEA07DA,24,29.90,住家用,鋼筋混凝土造,82年12月31日,六層,三層
RPXQMLRLPHNFFEA07DA,24,6.84,見使用執照,鋼筋混凝土造,82年12月31日,六層,
RPXQMLRLPHNFFEA07DA,24,7.62,共有部分,鋼筋混凝土造,82年12月31日,六層,
RPWNMLOJQHNFFEA88DA,25,64.86,停車空間,鋼筋混凝土造,82年7月19日,十層,
RPWNMLOJQHNFFEA88DA,25,28.12,共有部分,鋼筋混凝土造,82年7月19日,十層,
RPWNMLOJQHNFFEA88DA,25,121.51,住家用,鋼筋混凝土造,82年7月19日,十層,二層
RPQNMLMJQHNFFEA08DA,9,51.04,住家用,鋼筋混凝土造,97年10月21日,七層,六層
RPQNMLMJQHNFFEA08DA,9,13.33,共有部分,鋼筋混凝土造,97年10月21日,七層,
RPPNMLSKPHNFFAA38CD,35,112.93,住家用,鋼筋混凝土造,72年1月21日,五層,二層
RPQNMLMJQHNFFEA08DA,9,6.40,共有部分,鋼筋混凝土造,97年10月21日,七層,
RPPNMLSKPHNFFAA38CD,35,11.95,共有部分,鋼筋混凝土造,72年1月21日,五層,
RPQNMLMJQHNFFEA08DA,9,9.10,共有部分,鋼筋混凝土造,97年10月21日,七層,
RPTNMLTLPHNFFEA56DA,3,74.64,住家用,鋼筋混凝土造,104年8月7日,七層,六層
RPTNMLTLPHNFFEA56DA,3,30.25,見其他登記事項,鋼筋混凝土造,104年8月7日,七層,
RPTNMLTLPHNFFEA56DA,3,14.47,見其他登記事項,鋼筋混凝土造,104年8月7日,七層,
RPVNMLOJQHNFFEA78DA,4,288.48,住家用,見其他登記事項,103年8月11日,十九層,三層
RPVNMLOJQHNFFEA78DA,4,161.49,見其他登記事項,見其他登記事項,103年8月11日,十九層,
RPVNMLOJQHNFFEA78DA,4,208.37,見其他登記事項,見其他登記事項,103年8月11日,十九層,
RPROMLKLQHNFFBA97DA,16,28.22,見使用執照,見使用執照,91年12月24日,十三層,八層
RPROMLKLQHNFFBA97DA,16,8.20,共有部分,見使用執照,91年12月24日,十三層,
RPROMLKLQHNFFBA97DA,16,6.38,共有部分,見使用執照,91年12月24日,十三層,
RPRNMLTLPHNFFFA09DA,,72.34,住家用,加強磚造,,四層,三層
RPSNMLOJQHNFFDA38DA,12,149.79,住家用,鋼筋混凝土造,95年3月15日,十八層,五層
RPSNMLOJQHNFFDA38DA,12,22.53,共有部分,鋼筋混凝土造,95年3月15日,十八層,
RPSNMLOJQHNFFDA38DA,12,39.32,共有部分,鋼筋混凝土造,95年3月15日,十八層,
RPPNMLOJQHNFFDA08DA,29,92.52,住家用,鋼筋混凝土造,78年8月10日,七層,六層
RPSNMLOJQHNFFDA38DA,12,13.14,共有部分,鋼筋混凝土造,95年3月15日,十八層,
RPPNMLOJQHNFFDA08DA,29,16.76,共有部分,鋼筋混凝土造,78年8月10日,七層,
RPSNMLOJQHNFFDA38DA,12,104.41,共有部分,鋼筋混凝土造,95年3月15日,十八層,
RPPNMLOJQHNFFDA08DA,29,5.17,共有部分,鋼筋混凝土造,78年8月10日,六層,
RPRNMLTLPHNFFDA88DA,34,30.08,商業用,鋼筋混凝土造,73年9月13日,十二層,八層
RPRNMLTLPHNFFDA88DA,34,9.78,共有部分,鋼筋混凝土造,73年9月13日,十二層,
RPTOMLMJQHNFFFA48CA,33,76.87,住家用,鋼筋混凝土造,74年5月22日,十七層,十四層
RPTOMLMJQHNFFFA48CA,33,16.55,共有部分,鋼筋混凝土造,74年5月22日,十七層,
RPTOMLMJQHNFFFA48CA,33,2.35,共有部分,鋼筋混凝土造,74年5月22日,十九層,
RPTOMLMJQHNFFFA48CA,33,5.09,見其他登記事項,鋼筋混凝土造,74年5月22日,十九層,
RPVVMLOLPHNFFDA96DA,16,84.06,見其他登記事項,鋼筋混凝土造,91年5月14日,十八層,十層
RPVVMLOLPHNFFDA96DA,16,48.58,共有部分,鋼筋混凝土造,91年5月14日,十八層,
RPVVMLOLPHNFFDA96DA,16,.18,共有部分,鋼筋混凝土造,91年2月8日,十八層,
RPVVMLOLPHNFFDA96DA,16,5.90,停車空間,鋼筋混凝土造,91年2月8日,十八層,
RPQOMLPLPHNFFDA48DA,39,39.31,住家用,鋼筋混凝土造,68年11月9日,七層,四層
RPWOMLPLPHNFFDA09DA,29,42.29,住家用,鋼筋混凝土造,78年10月23日,十二層,九層
RPWOMLPLPHNFFDA09DA,29,8.08,共有部分,鋼筋混凝土造,78年10月23日,十二層,
RPVQMLPLPHNFFCA09DA,32,84.38,見其他登記事項,鋼筋混凝土造,75年3月14日,十五層,十一層
RPVQMLPLPHNFFCA09DA,32,20.08,共有部分,鋼筋混凝土造,75年3月14日,十五層,
RPVQMLPLPHNFFCA09DA,32,6.44,見使用執照,鋼筋混凝土造,75年3月14日,十五層,
RPWNMLOJQHNFFCA68DA,9,128.48,住家用,鋼筋混凝土造,98年1月6日,十四層,二層
RPWNMLOJQHNFFCA68DA,9,23.37,共有部分,鋼筋混凝土造,98年1月6日,十四層,
RPWNMLOJQHNFFCA68DA,9,8.40,共有部分,鋼筋混凝土造,98年1月6日,十四層,
RPWNMLOJQHNFFCA68DA,9,29.01,共有部分,鋼筋混凝土造,98年1月6日,十四層,
RPWNMLOJQHNFFCA68DA,9,.02,商業用,鋼筋混凝土造,98年1月6日,十四層,
RPWNMLOJQHNFFCA68DA,9,37.45,共有部分,鋼筋混凝土造,98年1月6日,十四層,
RPWNMLOJQHNFFCA68DA,9,.00,共有部分,鋼筋混凝土造,98年1月6日,十四層,
RPTNMLPLPHNFFAA38DA,22,25.61,見使用執照,鋼筋混凝土造,85年1月26日,十四層,地下三層
RPTNMLPLPHNFFAA38DA,22,1.22,見使用執照,鋼筋混凝土造,85年1月26日,十四層,
RPOOMLKMPHNFFEA87CA,43,103.75,住家用,鋼筋混凝土造,64年8月1日,四層,三層
RPXNMLPLPHNFFFA56CA,9,48.78,共有部分,鋼筋混凝土造,97年12月26日,十層,
RPVNMLPLPHNFFFA98CA,9,15.53,見其他登記事項,鋼筋混凝土造,98年11月13日,十二層,
RPVNMLPLPHNFFFA98CA,9,30.82,住家用,鋼筋混凝土造,98年11月13日,十二層,四層
RPXNMLPLPHNFFFA56CA,9,219.45,住家用,鋼筋混凝土造,97年12月26日,十層,九層
RPVNMLPLPHNFFFA98CA,9,.45,見其他登記事項,鋼筋混凝土造,98年11月13日,十二層,
RPXNMLPLPHNFFFA56CA,9,74.23,共有部分,鋼筋混凝土造,97年12月26日,十層,
RPXNMLPLPHNFFFA56CA,9,13.95,共有部分,鋼筋混凝土造,97年12月26日,十層,
RPUNMLQLPHNFFFA98CA,33,74.83,住家用,鋼筋混凝土造,74年5月22日,十九層,三層
RPUNMLQLPHNFFFA98CA,33,18.47,共有部分,鋼筋混凝土造,74年5月22日,十九層,
RPUNMLQLPHNFFFA98CA,33,2.35,共有部分,鋼筋混凝土造,74年5月22日,十九層,
RPUNMLQLPHNFFFA98CA,33,5.09,見其他登記事項,鋼筋混凝土造,74年5月22日,十九層,
RPVNMLLMPHNFFFA68CA,,73.93,住家用,鋼筋混凝土造,,八層,六層 通道
RPVNMLLMPHNFFFA68CA,40,10.04,共有部分,鋼筋混凝土造,67年10月5日,八層,
RPSNMLKMPHNFFFA28CA,20,170.31,住家用,磚造,87年6月1日,三層,二層 三層 一層
RPTNMLLMPHNFFDA28CA,11,47.25,住家用,鋼筋混凝土造,96年5月24日,十四層,十三層
RPTNMLLMPHNFFDA28CA,11,16.44,共有部分,鋼筋混凝土造,96年5月24日,十四層,
RPTNMLLMPHNFFDA28CA,11,2.39,共有部分,鋼筋混凝土造,96年5月24日,十四層,
RPTNMLLMPHNFFDA28CA,11,8.50,共有部分,鋼筋混凝土造,96年5月24日,十四層,
RPSOMLOLPHNFFFA68CA,35,141.40,住家用,鋼筋混凝土造,71年12月8日,七層,七層
RPSOMLOLPHNFFFA68CA,35,4.61,共有部分,鋼筋混凝土造,71年12月8日,七層,
RPRNMLTJQHNFFEA78CA,14,243.66,住家用,鋼筋混凝土造,93年6月24日,八層,四層
RPRNMLTJQHNFFEA78CA,14,7.68,共有部分,鋼筋混凝土造,93年6月24日,八層,
RPRNMLTJQHNFFEA78CA,14,95.06,共有部分,鋼筋混凝土造,93年6月24日,八層,
RPRNMLTJQHNFFEA78CA,14,51.71,共有部分,鋼筋混凝土造,93年6月24日,八層,
RPWNMLTJQHNFFAA98DA,4,.23,見其他登記事項,鋼筋混凝土造,103年3月14日,七層,
RPWNMLTJQHNFFAA98DA,4,.15,見其他登記事項,鋼筋混凝土造,103年3月14日,七層,
RPWNMLTJQHNFFAA98DA,4,.02,見其他登記事項,鋼筋混凝土造,103年3月14日,七層,
RPWNMLTJQHNFFAA98DA,4,30.72,見其他登記事項,鋼筋混凝土造,103年3月14日,七層,
RPWNMLTJQHNFFAA98DA,4,74.03,住家用,鋼筋混凝土造,103年3月14日,七層,二層
RPWNMLTJQHNFFAA98DA,4,30.80,見其他登記事項,鋼筋混凝土造,103年3月14日,七層,
RPWNMLTJQHNFFAA98DA,4,7.27,見其他登記事項,鋼筋混凝土造,103年3月14日,七層,
RPUNMLKKQHNFFEA28CA,51,64.62,住家用,加強磚造,56年10月20日,三層,一層
RPXNMLLLQHNFFEA78CA,17,17.53,商業用,鋼筋混凝土造,90年10月4日,九層,三層
RPXNMLLLQHNFFEA78CA,17,8.18,共有部分,鋼筋混凝土造,90年10月4日,九層,
RPXNMLLLQHNFFEA78CA,17,.32,共有部分,鋼筋混凝土造,90年10月4日,九層,
RPVOMLOLPHNFFEA88CA,37,99.34,住家用,鋼筋混凝土造,70年3月17日,五層,五層
RPUOMLMJQHNFFDA38CA,34,29.32,住家用,鋼筋混凝土造,73年1月27日,七層,六層
RPUOMLMJQHNFFDA38CA,34,5.54,共有部分,鋼筋混凝土造,73年1月27日,七層,
RPOPMLOLPHNFFEA28CA,44,67.18,住家用,加強磚造,62年12月25日,三層,二層
RPQNMLNLQHNFFDA18CA,13,93.63,住家用,鋼筋混凝土造,93年12月30日,九層,六層
RPQNMLNLQHNFFDA18CA,13,16.38,共有部分,鋼筋混凝土造,93年12月30日,九層,
RPQNMLNLQHNFFDA18CA,13,18.03,共有部分,鋼筋混凝土造,93年12月30日,九層,
RPQNMLNLQHNFFDA18CA,13,35.14,共有部分,鋼筋混凝土造,93年12月30日,九層,
RPUNMLPLPHNFFAA48DA,,35.11,住家用,加強磚造,,五層,五層
RPQOMLKMPHNFFDA97CA,12,37.85,見其他登記事項,鋼筋混凝土造,95年1月17日,十一層,三層
RPRNMLTLPHNFFAA58DA,35,22.30,共有部分,鋼筋混凝土造,72年7月28日,十二層,
RPQOMLKMPHNFFDA97CA,12,9.14,共有部分,鋼筋混凝土造,95年1月17日,十一層,
RPQOMLKMPHNFFDA97CA,12,11.59,共有部分,鋼筋混凝土造,95年1月17日,十一層,
RPRNMLTLPHNFFAA58DA,35,78.08,見其他登記事項,鋼筋混凝土造,72年7月28日,七層,七層
RPQOMLKMPHNFFDA97CA,12,3.57,共有部分,鋼筋混凝土造,95年1月17日,十一層,
RPQOMLKMPHNFFDA97CA,12,1.86,共有部分,鋼筋混凝土造,95年1月17日,十一層,
RPQNMLKMPHNFFDA87CA,27,245.94,工業用,鋼筋混凝土造,80年4月12日,十一層,七層
RPQNMLKMPHNFFDA87CA,27,135.02,工業用,鋼筋混凝土造,80年4月12日,十一層,
RPQNMLKMPHNFFDA87CA,27,22.30,共有部分,鋼筋混凝土造,80年4月12日,十一層,
RPQNMLKMPHNFFDA87CA,27,15.62,共有部分,鋼筋混凝土造,80年4月12日,十一層,
RPQNMLKMPHNFFDA87CA,27,172.71,工業用,鋼筋混凝土造,80年4月12日,十一層,七層
RPQOMLMJQHNFFAA77DA,46,80.84,住家用,鋼筋混凝土造,61年5月10日,四層,四層 陽台
RPQOMLPLPHNFFEA48CA,41,100.25,住家用,鋼筋混凝土造,66年2月15日,五層,一層
RPVOMLPLPHNFFEA98CA,10,52.29,共有部分,鋼筋混凝土造,97年5月23日,十三層,
RPVOMLPLPHNFFEA98CA,10,53.52,見其他登記事項,鋼筋混凝土造,97年5月23日,十三層,二層
RPVOMLPLPHNFFEA98CA,10,3.41,共有部分,鋼筋混凝土造,97年5月23日,十三層,
RPPPMLPLPHNFFDA38CA,31,98.89,住家用,鋼筋混凝土造,76年7月13日,十六層,十六層
RPPPMLPLPHNFFDA38CA,31,20.89,共有部分,鋼筋混凝土造,76年7月13日,十六層,
RPPPMLPLPHNFFDA38CA,31,.35,共有部分,鋼筋混凝土造,76年7月13日,十六層,
RPPPMLPLPHNFFDA38CA,31,8.70,見使用執照,鋼筋混凝土造,76年7月13日,十六層,
RPRUMLOLPHNFFDA98CA,14,34.40,停車空間,見其他登記事項,93年12月16日,十七層,地下四層
RPRUMLOLPHNFFDA98CA,14,.12,共有部分,見其他登記事項,93年12月16日,十七層,
RPWPMLPLPHNFFDA09CA,14,131.49,住家用,鋼筋混凝土造,93年10月20日,十二層,十一層
RPRUMLOLPHNFFDA98CA,14,.09,共有部分,見其他登記事項,93年12月16日,十七層,
RPWPMLPLPHNFFDA09CA,14,111.46,共有部分,鋼筋混凝土造,93年10月20日,十二層,
RPRUMLOLPHNFFDA98CA,14,.13,共有部分,見其他登記事項,93年12月16日,十七層,
RPRUMLOLPHNFFDA98CA,14,1.24,共有部分,見其他登記事項,93年12月16日,十七層,
RPRUMLOLPHNFFDA98CA,14,.17,共有部分,見其他登記事項,93年12月16日,十七層,
RPRUMLOLPHNFFDA98CA,14,3.68,共有部分,見其他登記事項,93年12月16日,十七層,
RPOPMLQLPHNFFEA48CA,4,36.13,住家用,鋼筋混凝土造,103年6月18日,七層,五層
RPOPMLQLPHNFFEA48CA,4,20.77,見其他登記事項,鋼筋混凝土造,103年6月18日,七層,
RPOOMLMLQHNFFCA87CA,3,141.42,住家用,鋼筋混凝土造,104年6月16日,十一層,二層
RPOOMLMLQHNFFCA87CA,3,43.25,見其他登記事項,鋼筋混凝土造,104年6月16日,十一層,
RPOOMLMLQHNFFCA87CA,3,75.38,見其他登記事項,鋼筋混凝土造,104年6月16日,十一層,
RPRQMLQKQHNFFCA68CA,,249.81,住家用,見其他登記事項,107年2月23日,二十九層,二十九層
RPRQMLQKQHNFFCA68CA,,199.52,見其他登記事項,見其他登記事項,107年2月23日,二十九層,
RPRQMLQKQHNFFCA68CA,,5.26,見其他登記事項,見其他登記事項,107年2月23日,二十九層,
RPSPMLPLPHNFFDA68CA,,79.65,工業用,鋼筋混凝土造,,四層,四層 陽台
RPROMLPLPHNFFDA48CA,49,63.82,住家用,加強磚造,58年6月1日,四層,一層 騎樓
RPVPMLQLPHNFFCA98CA,38,51.48,住家用,鋼筋混凝土造,69年9月13日,五層,三層
RPPNMLSJQHNFFCA28CA,1,145.26,住家用,鋼筋混凝土造,106年8月22日,八層,三層
RPPNMLSJQHNFFCA28CA,1,127.25,見其他登記事項,鋼筋混凝土造,106年8月22日,八層,
RPROMLLLQHNFFCA08CA,32,9.30,見使用執照,鋼筋混凝土造,75年3月14日,十五層,
RPROMLLLQHNFFCA08CA,32,20.08,共有部分,鋼筋混凝土造,75年3月14日,十五層,
RPROMLLLQHNFFCA08CA,32,85.07,見其他登記事項,鋼筋混凝土造,75年3月14日,十四層,四層
RPWPMLQKQHNFFCA09CA,1,129.36,住家用,見其他登記事項,106年10月20日,十三層,四層
RPWPMLQKQHNFFCA09CA,1,2.07,見其他登記事項,見其他登記事項,106年10月20日,十三層,
RPWPMLQKQHNFFCA09CA,1,72.76,見其他登記事項,見其他登記事項,106年10月20日,十三層,
RPRQMLKMPHNFFCA18CA,36,23.66,商業用,鋼筋混凝土造,71年5月31日,十二層,五層
RPRQMLKMPHNFFCA18CA,36,8.67,共有部分,鋼筋混凝土造,71年5月31日,十二層,
RPSPMLPLPHNFFCA58CA,2,14.24,見其他登記事項,鋼骨鋼筋混凝土造,105年3月22日,十九層,地下二層 地下三層
RPSPMLPLPHNFFCA58CA,2,18.98,見其他登記事項,鋼骨鋼筋混凝土造,105年3月22日,十九層,
RPVPMLQKQHNFFCA98CA,1,125.73,住家用,見其他登記事項,106年10月20日,十三層,六層
RPVPMLQKQHNFFCA98CA,1,2.10,見其他登記事項,見其他登記事項,106年10月20日,十三層,
RPVPMLQKQHNFFCA98CA,1,71.14,見其他登記事項,見其他登記事項,106年10月20日,十三層,
RPQOMLRLPHNFFCA48CA,35,89.41,住家用,鋼筋混凝土造,72年6月21日,七層,六層
RPQOMLRLPHNFFCA48CA,35,14.89,共有部分,鋼筋混凝土造,72年6月21日,七層,
RPQOMLRLPHNFFCA48CA,35,7.02,見使用執照,鋼筋混凝土造,72年6月21日,七層,
RPQOMLRLPHNFFCA48CA,35,1.35,共有部分,鋼筋混凝土造,72年6月21日,七層,
RPTOMLRLPHNFFCA78CA,46,108.99,住家用,鋼筋混凝土造,61年1月17日,五層,三層
RPOOMLRLPHNFFCA28CA,31,89.42,住家用,鋼筋混凝土造,76年7月15日,五層,四層
RPOOMLRLPHNFFCA28CA,31,10.07,共有部分,鋼筋混凝土造,76年7月15日,五層,
RPXNMLQKQHNFFBA88CA,1,.28,見其他登記事項,鋼筋混凝土造,106年5月15日,十二層,一層
RPXNMLQKQHNFFBA88CA,1,.07,見其他登記事項,鋼筋混凝土造,106年5月15日,十二層,
RPXNMLQKQHNFFBA88CA,1,82.48,見其他登記事項,鋼筋混凝土造,106年5月15日,十二層,
RPOOMLPLPHNFFCA08CA,39,42.00,商業用,鋼筋混凝土造,68年1月19日,十二層,七層
RPOOMLPLPHNFFCA08CA,39,42.00,商業用,鋼筋混凝土造,68年1月19日,十二層,七層
RPOOMLPLPHNFFCA08CA,39,7.82,共有部分,鋼筋混凝土造,68年1月19日,十二層,
RPOOMLPLPHNFFCA08CA,39,4.13,共有部分,鋼筋混凝土造,68年1月19日,十二層,
RPOOMLPLPHNFFCA08CA,39,7.82,共有部分,鋼筋混凝土造,68年1月19日,十二層,
RPOOMLPLPHNFFCA08CA,39,4.13,共有部分,鋼筋混凝土造,68年1月19日,十二層,
RPSOMLQKQHNFFBA48CA,,.04,見其他登記事項,鋼筋混凝土造,106年5月15日,十三層,一層
RPSOMLQKQHNFFBA48CA,,36.67,見其他登記事項,鋼筋混凝土造,106年5月15日,十三層,
RPSOMLQKQHNFFBA48CA,,.02,見其他登記事項,鋼筋混凝土造,106年5月15日,十三層,
RPTRMLPLPHNFFCA88CA,22,144.43,住家用,鋼筋混凝土造,85年5月27日,十六層,二層 電梯樓梯間
RPTRMLPLPHNFFCA88CA,22,31.10,共有部分,鋼筋混凝土造,85年5月27日,十六層,
RPTRMLPLPHNFFCA88CA,22,73.03,停車空間,鋼筋混凝土造,85年5月27日,十六層,
RPTRMLPLPHNFFCA88CA,22,.10,共有部分,鋼筋混凝土造,85年5月27日,十六層,
RPRNMLLLQHNFFBA87CA,,53.98,住家用,鋼筋混凝土造,107年4月26日,七層,三層
RPRNMLLLQHNFFBA87CA,,47.25,見其他登記事項,鋼筋混凝土造,107年4月26日,七層,
RPQQMLOLPHNFFCA38CA,37,87.84,住家用,鋼筋混凝土造,70年8月27日,四層,三層
RPQQMLOLPHNFFCA38CA,37,1.19,共有部分,鋼筋混凝土造,70年8月27日,,
RPQQMLOLPHNFFCA38CA,37,.63,共有部分,鋼筋混凝土造,70年8月27日,四層,
RPRQMLPLPHNFFCA58CA,42,13.57,共有部分,鋼筋混凝土造,65年9月7日,九層,
RPRQMLPLPHNFFCA58CA,42,81.77,住家用,鋼筋混凝土造,65年9月7日,九層,一層 騎樓
RPVOMLMLQHNFFBA48CA,,53.65,住家用,鋼筋混凝土造,107年4月26日,七層,二層
RPRNMLPLPHNFFCA28CA,38,103.78,住家用,鋼筋混凝土造,69年8月16日,五層,四層
RPVOMLMLQHNFFBA48CA,,47.00,見其他登記事項,鋼筋混凝土造,107年4月26日,七層,
RPPOMLSJQHNFFAA18CA,22,54.44,住家用,鋼筋混凝土造,85年9月25日,十七層,一層
RPPOMLSJQHNFFAA18CA,22,7.76,見使用執照,鋼筋混凝土造,85年9月25日,十七層,
RPPOMLSJQHNFFAA18CA,22,9.28,見使用執照,鋼筋混凝土造,85年9月25日,十七層,
RPQPMLRLPHNFFAA38CA,,135.66,住家用,鋼筋混凝土造,,二層,一層 二層
RPSNMLSJQHNFFAA38CA,35,14.91,共有部分,鋼筋混凝土造,72年4月19日,五層,
RPSNMLSJQHNFFAA38CA,35,88.08,住家用,鋼筋混凝土造,72年4月19日,五層,五層
RPUOMLPLPHNFFCA68CA,39,182.70,見使用執照,鋼筋混凝土造,68年6月5日,五層,地下層
RPUOMLPLPHNFFCA68CA,39,104.88,住家用,鋼筋混凝土造,68年6月5日,五層,一層
RPUOMLPLPHNFFCA68CA,39,104.88,住家用,鋼筋混凝土造,68年6月5日,五層,一層
RPTPMLRLPHNFFAA68CA,37,91.33,住家用,鋼筋混凝土造,70年12月23日,五層,五層
RPPOMLOLPHNFFBA97CA,49,138.08,住家用,鋼筋混凝土造,58年9月25日,四層,四層
RPTNMLLKQHNFFBA97CA,44,72.16,住家用,鋼筋混凝土造,63年5月2日,四層,四層
RPRPMLQJQHNFFBA38CA,37,78.29,商業用,鋼筋混凝土造,70年7月31日,七層,二層
RPQNMLRLPHNFFAA18CA,29,4.68,共有部分,鋼筋混凝土造,78年1月9日,五層,
RPQNMLRLPHNFFAA18CA,29,134.74,見使用執照,鋼筋混凝土造,78年1月9日,五層,一層 二層
RPQNMLRLPHNFFAA18CA,29,23.39,見使用執照,鋼筋混凝土造,78年1月9日,五層,
RPPNMLRLPHNFFAA08CA,4,73.45,住家用,鋼筋混凝土造,103年1月27日,十五層,十四層
RPPNMLRLPHNFFAA08CA,4,1.48,見其他登記事項,鋼筋混凝土造,103年1月27日,十五層,
RPPNMLRLPHNFFAA08CA,4,15.54,見其他登記事項,鋼筋混凝土造,103年1月27日,十五層,
RPPNMLRLPHNFFAA08CA,4,19.59,見其他登記事項,鋼筋混凝土造,103年1月27日,十五層,
RPUOMLNJQHNFFBA28CA,31,41.31,商業用,鋼筋混凝土造,76年4月25日,十層,三層
RPUOMLNJQHNFFBA28CA,31,7.89,共有部分,鋼筋混凝土造,76年4月25日,十層,
RPUOMLNJQHNFFBA28CA,,2.29,共有部分,鋼筋混凝土造,,十層,
RPTNMLPLPHNFFBA38CA,4,122.81,住家用,鋼骨鋼筋混凝土造,103年11月7日,二十三層,六層
RPTNMLPLPHNFFBA38CA,4,18.56,見其他登記事項,鋼骨鋼筋混凝土造,103年11月7日,二十三層,
RPTNMLPLPHNFFBA38CA,4,37.85,見其他登記事項,鋼骨鋼筋混凝土造,103年11月7日,二十三層,
RPTNMLPLPHNFFBA38CA,4,.04,見其他登記事項,鋼骨鋼筋混凝土造,103年11月7日,二十三層,
RPTNMLPLPHNFFBA38CA,4,36.36,見其他登記事項,鋼骨鋼筋混凝土造,103年11月7日,二十三層,
RPTNMLPLPHNFFBA38CA,4,.00,見其他登記事項,鋼骨鋼筋混凝土造,103年11月7日,二十三層,
RPRNMLQLPHNFFAA18CA,,90.67,住家用,鋼筋混凝土造,,四層,四層 陽台
RPQOMLRJQHNFFBA28CA,37,163.15,商業用,鋼筋混凝土造,70年7月31日,七層,一層 騎樓
RPQOMLRJQHNFFBA28CA,37,87.25,見使用執照,鋼筋混凝土造,70年7月31日,七層,地下層
RPOOMLQLPHNFFBA08CA,41,15.28,住家用,鋼筋混凝土造,66年8月29日,十二層,十一層
RPOOMLQLPHNFFBA08CA,41,3.82,共有部分,鋼筋混凝土造,66年8月29日,十二層,
RPQPMLQLPHNFFBA38CA,1,145.71,見其他登記事項,鋼筋混凝土造,106年12月27日,十五層,十層
RPQPMLQLPHNFFBA38CA,1,81.71,見其他登記事項,鋼筋混凝土造,106年12月27日,十五層,
RPQPMLQLPHNFFBA38CA,1,49.84,見其他登記事項,鋼筋混凝土造,106年12月27日,十五層,
RPQPMLQLPHNFFBA38CA,1,1.60,見其他登記事項,鋼筋混凝土造,106年12月27日,十五層,
RPROMLPLPHNFFAA18CA,10,23.69,住家用,鋼筋混凝土造,97年3月7日,十四層,五層
RPQPMLQLPHNFFBA38CA,1,.25,見其他登記事項,鋼筋混凝土造,106年12月27日,十五層,
RPWNMLQLPHNFFBA78CA,14,18.17,見其他登記事項,鋼筋混凝土造,93年9月24日,五層,四層
RPROMLPLPHNFFAA18CA,10,12.63,共有部分,鋼筋混凝土造,97年3月7日,十四層,
RPQPMLQLPHNFFBA38CA,1,.42,見其他登記事項,鋼筋混凝土造,106年12月27日,十五層,
RPWNMLQLPHNFFBA78CA,14,3.09,共有部分,鋼筋混凝土造,93年9月24日,五層,
RPWNMLQLPHNFFBA78CA,14,5.28,共有部分,鋼筋混凝土造,93年9月24日,五層,
RPPPMLQLPHNFFBA28CA,1,132.76,見其他登記事項,鋼筋混凝土造,106年12月27日,十五層,七層
RPPPMLQLPHNFFBA28CA,1,45.29,見其他登記事項,鋼筋混凝土造,106年12月27日,十五層,
RPPPMLQLPHNFFBA28CA,1,79.12,見其他登記事項,鋼筋混凝土造,106年12月27日,十五層,
RPPPMLQLPHNFFBA28CA,1,1.60,見其他登記事項,鋼筋混凝土造,106年12月27日,十五層,
RPPPMLQLPHNFFBA28CA,1,.25,見其他登記事項,鋼筋混凝土造,106年12月27日,十五層,
RPPPMLQLPHNFFBA28CA,1,.42,見其他登記事項,鋼筋混凝土造,106年12月27日,十五層,
RPOPMLQLPHNFFBA18CA,1,132.76,見其他登記事項,鋼筋混凝土造,106年12月27日,十五層,六層
RPOPMLQLPHNFFBA18CA,1,79.12,見其他登記事項,鋼筋混凝土造,106年12月27日,十五層,
RPOPMLQLPHNFFBA18CA,1,45.29,見其他登記事項,鋼筋混凝土造,106年12月27日,十五層,
RPOPMLQLPHNFFBA18CA,1,1.60,見其他登記事項,鋼筋混凝土造,106年12月27日,十五層,
RPOPMLQLPHNFFBA18CA,1,.25,見其他登記事項,鋼筋混凝土造,106年12月27日,十五層,
RPOPMLQLPHNFFBA18CA,1,.42,見其他登記事項,鋼筋混凝土造,106年12月27日,十五層,
RPXNMLOLPHNFFAA58CA,,70.39,住家用,鋼筋混凝土造,,四層,三層 陽台
RPWNMLOLPHNFFAA48CA,4,180.79,住家用,鋼筋混凝土造,103年11月21日,十四層,八層
RPWNMLOLPHNFFAA48CA,4,44.57,見其他登記事項,鋼筋混凝土造,103年11月21日,十四層,
RPWNMLOLPHNFFAA48CA,4,73.33,見其他登記事項,鋼筋混凝土造,103年11月21日,十四層,
RPWNMLOLPHNFFAA48CA,4,17.62,見其他登記事項,鋼筋混凝土造,103年11月21日,十四層,
RPWNMLOLPHNFFAA48CA,4,63.44,見其他登記事項,鋼筋混凝土造,103年11月21日,十四層,
