﻿編號,屋齡,建物移轉面積(平方公尺),主要用途,主要建材,建築完成日期,總層數,建物分層
The serial number,room age,building shifting area (square meter),the main use,main building materials,construction completes the date,total layer,building lamination
RPSNMLOLPHNFFBC38CA,38,60.61,住家用,鋼筋混凝土造,69年10月9日,四層,三層
RPWNMLPLPHNFFBC88CA,18,75.97,住家用,鋼筋混凝土造,89年1月28日,七層,四層
RPWNMLPLPHNFFBC88CA,18,21.10,共用部份,鋼筋混凝土造,89年1月28日,七層,
RPPNMLOLPHNFFBC08CA,39,91.67,住家用,鋼筋混凝土造,68年5月22日,四層,地下層
RPRNMLMJQHNFFBC97CA,19,102.00,住家用,鋼筋混凝土造,88年1月14日,十六層,十六層
RPRNMLMJQHNFFBC97CA,19,19.49,共用部份,鋼筋混凝土造,88年1月14日,十六層,
RPRNMLMJQHNFFBC97CA,19,4.31,共用部份,鋼筋混凝土造,88年1月14日,十六層,
RPRNMLMJQHNFFBC97CA,19,36.54,共用部份,鋼筋混凝土造,88年1月14日,十六層,
RPRNMLMJQHNFFBC97CA,19,2.45,共用部份,鋼筋混凝土造,88年1月14日,十六層,
RPRNMLMJQHNFFBC97CA,19,1.19,共用部份,鋼筋混凝土造,88年1月14日,十六層,
RPUNMLQLPHNFFBC78CA,43,68.20,住家用,鋼筋混凝土加強磚造,64年3月10日,四層,四層
RPXNMLQLPHNFFBC09CA,9,.02,住家用,鋼筋混凝土造,97年12月26日,六層,
RPXNMLQLPHNFFBC09CA,9,.76,共用部份,鋼筋混凝土造,97年12月26日,六層,
RPXNMLQLPHNFFBC09CA,9,.03,共用部份,鋼筋混凝土造,98年2月9日,六層,
RPXNMLQLPHNFFBC09CA,9,.00,住家用,鋼筋混凝土造,98年2月9日,六層,
RPXNMLQLPHNFFBC09CA,9,.00,共用部份,鋼筋混凝土造,98年2月9日,六層,
RPXNMLQLPHNFFBC09CA,9,.01,見其他登記事項,鋼筋混凝土造,98年2月9日,六層,
RPXNMLQLPHNFFBC09CA,9,.10,共用部份,鋼筋混凝土造,98年2月9日,六層,
RPXNMLQLPHNFFBC09CA,9,99.70,住家用,鋼筋混凝土造,98年2月9日,六層,四層
RPXNMLQLPHNFFBC09CA,9,1.41,共用部份,鋼筋混凝土造,98年2月9日,六層,
RPXNMLQLPHNFFBC09CA,9,12.83,共用部份,鋼筋混凝土造,98年2月9日,六層,
RPXNMLQLPHNFFBC09CA,9,20.87,共用部份,鋼筋混凝土造,98年2月9日,六層,
RPSNMLTJQHNFFBC78CA,19,25.25,住家用,鋼筋混凝土造,88年5月10日,七層,四層
RPSNMLTJQHNFFBC78CA,19,3.63,共用部份,鋼筋混凝土造,88年5月10日,七層,
RPSNMLTJQHNFFBC78CA,19,2.39,共用部份,鋼筋混凝土造,88年5月10日,七層,
RPTNMLOLPHNFFBC48CA,22,58.94,住家用,鋼筋混凝土造,85年11月29日,二十三層,十二層
RPTNMLOLPHNFFBC48CA,22,10.90,共用部份,鋼筋混凝土造,85年11月29日,二十三層,
RPTNMLOLPHNFFBC48CA,22,4.40,共用部份,鋼筋混凝土造,85年11月29日,二十三層,
RPTNMLOLPHNFFBC48CA,22,39.45,共用部份,鋼筋混凝土造,85年11月29日,二十三層,
RPTNMLOLPHNFFBC48CA,22,5.01,共用部份,鋼筋混凝土造,85年11月29日,二十三層,
RPSNMLPLPHNFFBC48CA,23,28.06,住家用,鋼筋混凝土造,84年1月27日,十層,四層
RPSNMLPLPHNFFBC48CA,23,4.39,共用部份,鋼筋混凝土造,84年1月27日,十層,
RPSNMLPLPHNFFBC48CA,23,.81,共用部份,鋼筋混凝土造,84年1月27日,九層,
RPWNMLOLPHNFFBC78CA,19,57.41,住家用,鋼筋混凝土造,88年1月14日,十五層,十三層
RPWNMLOLPHNFFBC78CA,19,8.47,共用部份,鋼筋混凝土造,88年1月14日,十五層,
RPWNMLOLPHNFFBC78CA,19,3.26,共用部份,鋼筋混凝土造,88年1月14日,十五層,
RPWNMLOLPHNFFBC78CA,19,1.41,共用部份,鋼筋混凝土造,88年1月14日,十六層,
RPWNMLOLPHNFFBC78CA,19,.69,共用部份,鋼筋混凝土造,88年1月14日,十六層,
RPVOMLKKQHNFFCC48CA,9,94.53,住家用,鋼筋混凝土造,98年6月24日,十四層,三層
RPVOMLKKQHNFFCC48CA,9,21.85,共用部份,鋼筋混凝土造,98年6月24日,十四層,
RPVOMLKKQHNFFCC48CA,9,45.42,共用部份,鋼筋混凝土造,98年6月24日,十四層,
RPOOMLNKQHNFFCC08CA,2,75.95,見其他登記事項,鋼筋混凝土造,105年1月24日,二十二層,十七層
RPOOMLNKQHNFFCC08CA,2,.01,見其他登記事項,鋼筋混凝土造,105年1月24日,,
RPOOMLNKQHNFFCC08CA,2,.01,見其他登記事項,鋼筋混凝土造,105年1月24日,二十五層,
RPOOMLNKQHNFFCC08CA,2,.73,見其他登記事項,鋼筋混凝土造,105年1月24日,二十三層,
RPOOMLNKQHNFFCC08CA,2,46.91,見其他登記事項,鋼筋混凝土造,105年1月24日,二十五層,
RPOOMLNKQHNFFCC08CA,2,.00,見其他登記事項,鋼筋混凝土造,105年1月24日,二十三層,
RPVNMLOLPHNFFCC78CA,42,96.23,住家用,鋼筋混凝土加強磚造,65年4月27日,四層,一層
RPRNMLMJQHNFFCC08CA,10,271.17,見其他登記事項,鋼筋混凝土造,97年2月13日,四層,一層 二層 三層 四層 屋頂突出物
RPQNMLRLPHNFFCC58CA,33,48.59,住家用,鋼筋混凝土造,74年9月26日,四層,三層
RPQNMLRLPHNFFCC58CA,33,48.59,住家用,鋼筋混凝土造,74年9月26日,四層,四層
RPXNMLPLPHNFFCC09CA,36,80.29,住家用,鋼筋混凝土造,70年12月29日,五層,三層
RPOOMLOLPHNFFBC08CA,22,88.19,住家用,鋼筋混凝土造,85年11月19日,五層,一層
RPOOMLOLPHNFFBC08CA,22,26.49,共用部份,鋼筋混凝土造,85年11月19日,五層,
RPTNMLQLPHNFFCC78CA,23,178.61,住家用,鋼筋混凝土造,84年11月8日,三層,一層 二層 三層
RPTNMLQLPHNFFCC78CA,23,3.29,住家用,鋼筋混凝土造,84年11月8日,一層,
RPTNMLQLPHNFFCC78CA,23,20.08,共用部份,鋼筋混凝土造,84年11月8日,三層,
RPVNMLQJQHNFFCC88CA,26,9.10,共用部份,鋼筋混凝土造,81年11月3日,十七層,
RPVNMLQJQHNFFCC88CA,26,100.99,住家用,鋼筋混凝土造,81年11月3日,十七層,七層
RPVNMLQJQHNFFCC88CA,26,2.59,見其他登記事項,鋼筋混凝土造,81年11月3日,十七層,
RPVNMLQJQHNFFCC88CA,26,1.75,見其他登記事項,鋼筋混凝土造,81年11月3日,十七層,
RPVNMLQJQHNFFCC88CA,26,33.67,見其他登記事項,鋼筋混凝土造,81年11月3日,十七層,
RPQNMLKMPHNFFCC97CA,41,68.20,住家用,加強磚造,66年4月30日,二層,二層
RPQNMLLJQHNFFCC97DA,44,69.95,住家用,鋼筋混凝土加強磚造,63年12月13日,四層,一層
RPXNMLRLPHNFFCC66CA,1,196.91,見其他登記事項,鋼筋混凝土造,106年5月1日,十二層,五層
RPXNMLRLPHNFFCC66CA,1,49.26,見其他登記事項,鋼筋混凝土造,106年5月1日,十二層,
RPXNMLRLPHNFFCC66CA,1,89.10,見其他登記事項,鋼筋混凝土造,106年5月1日,十二層,
RPWNMLRLPHNFFCC56CA,1,196.91,見其他登記事項,鋼筋混凝土造,106年5月1日,十二層,三層
RPWNMLRLPHNFFCC56CA,1,49.26,見其他登記事項,鋼筋混凝土造,106年5月1日,十二層,
RPWNMLRLPHNFFCC56CA,1,89.10,見其他登記事項,鋼筋混凝土造,106年5月1日,十二層,
RPRNMLQLPHNFFCC58CA,37,80.44,住家用,鋼筋混凝土造,70年11月30日,五層,三層
RPOOMLOKQHNFFCC18CA,41,86.35,住家用,鋼筋混凝土加強磚造,66年10月29日,四層,三層
RPVNMLRLPHNFFCC09CA,1,196.91,見其他登記事項,鋼筋混凝土造,106年5月1日,十二層,二層
RPVNMLRLPHNFFCC09CA,1,49.26,見其他登記事項,鋼筋混凝土造,106年5月1日,十二層,
RPVNMLRLPHNFFCC09CA,1,89.10,見其他登記事項,鋼筋混凝土造,106年5月1日,十二層,
RPOOMLPLPHNFFCC28CA,39,75.71,住家用,鋼筋混凝土加強磚造,68年1月16日,四層,四層
RPRNMLPLPHNFFCC48CA,41,72.35,住家用,鋼筋混凝土加強磚造,66年11月14日,四層,四層
RPXNMLOLPHNFFCC98CA,24,222.93,住家用,鋼筋混凝土造,83年9月15日,二十一層,十四層
RPXNMLOLPHNFFCC98CA,24,20.18,共用部份,鋼筋混凝土造,83年9月15日,二十一層,
RPXNMLOLPHNFFCC98CA,24,18.56,共用部份,鋼筋混凝土造,83年9月15日,二十一層,
RPXNMLOLPHNFFCC98CA,24,36.00,共用部份,鋼筋混凝土造,83年9月15日,二十一層,
RPOOMLQLPHNFFBC28CA,22,24.89,住家用,鋼筋混凝土造,85年11月29日,二十三層,十二層
RPOOMLQLPHNFFBC28CA,22,4.19,共用部份,鋼筋混凝土造,85年11月29日,二十三層,
RPOOMLQLPHNFFBC28CA,22,1.69,共用部份,鋼筋混凝土造,85年11月29日,二十三層,
RPOOMLQLPHNFFBC28CA,22,1.93,共用部份,鋼筋混凝土造,85年11月29日,二十三層,
RPPNMLQLPHNFFBC28CA,38,95.01,住家用,鋼筋混凝土造,69年7月14日,五層,四層
RPWNMLQLPHNFFBC98CA,,29.29,住家用,木造,,一層,一層
RPSNMLQLPHNFFBC58CA,25,64.15,住家用,鋼筋混凝土造,82年2月26日,五層,三層
RPXNMLOLPHNFFBC88CA,22,42.60,住家用,鋼筋混凝土造,85年11月29日,二十三層,十九層
RPXNMLOLPHNFFBC88CA,22,5.62,共用部份,鋼筋混凝土造,85年11月29日,二十三層,
RPXNMLOLPHNFFBC88CA,22,2.25,共用部份,鋼筋混凝土造,85年11月29日,二十三層,
RPXNMLOLPHNFFBC88CA,22,41.78,共用部份,鋼筋混凝土造,85年11月29日,二十三層,
RPXNMLOLPHNFFBC88CA,22,3.35,共用部份,鋼筋混凝土造,85年11月29日,二十三層,
RPPNMLMJQHNFFBC77CA,3,255.46,見其他登記事項,鋼筋混凝土造,104年6月2日,三層,一層 二層 三層 屋頂突出物 地下一層
RPPNMLMJQHNFFBC77CA,3,110.78,見其他登記事項,鋼筋混凝土造,104年6月2日,三層,
RPRNMLPLPHNFFBC38CA,38,81.80,住家用,加強磚造,69年10月17日,二層,一層 二層
RPQNMLQLPHNFFBC38CA,3,1.80,見其他登記事項,鋼筋混凝土造,104年11月16日,五層,
RPQNMLQLPHNFFBC38CA,3,.05,見其他登記事項,鋼筋混凝土造,104年11月16日,五層,
RPQNMLQLPHNFFBC38CA,3,1.80,見其他登記事項,鋼筋混凝土造,104年11月16日,五層,
RPQNMLQLPHNFFBC38CA,3,.06,見其他登記事項,鋼筋混凝土造,104年11月16日,五層,
RPQNMLQLPHNFFBC38CA,1,284.14,見其他登記事項,鋼筋混凝土造,106年1月27日,四層,一層 二層 三層 四層
RPQNMLQJQHNFFBC28CA,1,102.81,見其他登記事項,鋼筋混凝土造,106年10月18日,十五層,十三層
RPQNMLQJQHNFFBC28CA,1,20.07,見其他登記事項,鋼筋混凝土造,106年10月18日,十五層,
RPQNMLQJQHNFFBC28CA,1,.66,見其他登記事項,鋼筋混凝土造,106年10月18日,十五層,
RPQNMLQJQHNFFBC28CA,1,55.64,見其他登記事項,鋼筋混凝土造,106年10月18日,十五層,
RPVNMLQJQHNFFBC78CA,1,118.41,見其他登記事項,鋼筋混凝土造,106年10月18日,十五層,八層
RPVNMLQJQHNFFBC78CA,1,23.08,見其他登記事項,鋼筋混凝土造,106年10月18日,十五層,
RPVNMLQJQHNFFBC78CA,1,.74,見其他登記事項,鋼筋混凝土造,106年10月18日,十五層,
RPVNMLQJQHNFFBC78CA,1,59.03,見其他登記事項,鋼筋混凝土造,106年10月18日,十五層,
RPSNMLQJQHNFFBC48CA,,103.04,見其他登記事項,鋼筋混凝土造,106年10月18日,十五層,五層
RPSNMLQJQHNFFBC48CA,,21.04,見其他登記事項,鋼筋混凝土造,106年10月18日,十五層,
RPSNMLQJQHNFFBC48CA,,.66,見其他登記事項,鋼筋混凝土造,106年10月18日,十五層,
RPSNMLQJQHNFFBC48CA,,55.64,見其他登記事項,鋼筋混凝土造,106年10月18日,十五層,
RPUNMLQJQHNFFBC68CA,1,70.95,見其他登記事項,鋼筋混凝土造,106年10月18日,十五層,六層
RPWNMLQJQHNFFBC88CA,1,118.41,見其他登記事項,鋼筋混凝土造,106年10月18日,十五層,十一層
RPUNMLQJQHNFFBC68CA,1,17.46,見其他登記事項,鋼筋混凝土造,106年10月18日,十五層,
RPWNMLQJQHNFFBC88CA,1,23.08,見其他登記事項,鋼筋混凝土造,106年10月18日,十五層,
RPUNMLQJQHNFFBC68CA,1,.50,見其他登記事項,鋼筋混凝土造,106年10月18日,十五層,
RPUNMLQJQHNFFBC68CA,1,49.53,見其他登記事項,鋼筋混凝土造,106年10月18日,十五層,
RPWNMLQJQHNFFBC88CA,1,.74,見其他登記事項,鋼筋混凝土造,106年10月18日,十五層,
RPWNMLQJQHNFFBC88CA,1,59.03,見其他登記事項,鋼筋混凝土造,106年10月18日,十五層,
RPRNMLQJQHNFFBC38CA,1,71.57,見其他登記事項,鋼筋混凝土造,106年10月18日,十五層,四層
RPRNMLQJQHNFFBC38CA,1,20.00,見其他登記事項,鋼筋混凝土造,106年10月18日,十五層,
RPRNMLQJQHNFFBC38CA,1,.48,見其他登記事項,鋼筋混凝土造,106年10月18日,十五層,
RPRNMLQJQHNFFBC38CA,1,50.21,見其他登記事項,鋼筋混凝土造,106年10月18日,十五層,
RPTNMLQJQHNFFBC58CA,1,118.47,見其他登記事項,鋼筋混凝土造,106年10月18日,十五層,五層
RPTNMLQJQHNFFBC58CA,1,23.07,見其他登記事項,鋼筋混凝土造,106年10月18日,十五層,
RPTNMLQJQHNFFBC58CA,1,24.20,見其他登記事項,鋼筋混凝土造,106年10月18日,十五層,
RPTNMLQJQHNFFBC58CA,1,.74,見其他登記事項,鋼筋混凝土造,106年10月18日,十五層,
RPSNMLLJQHNFFBC97CA,45,90.01,住家用,鋼筋混凝土加強磚造,62年2月20日,四層,四層
RPXNMLQJQHNFFBC98CA,1,70.95,見其他登記事項,鋼筋混凝土造,106年10月18日,十五層,六層
RPXNMLQJQHNFFBC98CA,1,18.99,見其他登記事項,鋼筋混凝土造,106年10月18日,十五層,
RPXNMLQJQHNFFBC98CA,1,.50,見其他登記事項,鋼筋混凝土造,106年10月18日,十五層,
RPXNMLQJQHNFFBC98CA,1,49.53,見其他登記事項,鋼筋混凝土造,106年10月18日,十五層,
RPOOMLQJQHNFFBC18CA,1,70.70,見其他登記事項,鋼筋混凝土造,106年10月18日,十五層,三層
RPOOMLQJQHNFFBC18CA,1,19.77,見其他登記事項,鋼筋混凝土造,106年10月18日,十五層,
RPOOMLQJQHNFFBC18CA,1,.48,見其他登記事項,鋼筋混凝土造,106年10月18日,十五層,
RPOOMLQJQHNFFBC18CA,1,13.57,見其他登記事項,鋼筋混凝土造,106年10月18日,十五層,
RPTOMLMJQHNFFBC28CA,19,57.41,住家用,鋼筋混凝土造,88年1月14日,十五層,三層
RPTOMLMJQHNFFBC28CA,19,8.47,共用部份,鋼筋混凝土造,88年1月14日,十五層,
RPTOMLMJQHNFFBC28CA,19,3.26,共用部份,鋼筋混凝土造,88年1月14日,十五層,
RPTOMLMJQHNFFBC28CA,19,1.41,共用部份,鋼筋混凝土造,88年1月14日,十六層,
RPTOMLMJQHNFFBC28CA,19,.69,共用部份,鋼筋混凝土造,88年1月14日,十六層,
RPQNMLRLPHNFFBC48CA,94,90.70,,磚造,13年1月1日,三層,二層 三層 一層 騎樓
RPQNMLRLPHNFFBC48CA,94,90.90,,磚造,13年1月1日,三層,一層 二層 三層 騎樓
RPPOMLQJQHNFFBC28CA,1,155.98,見其他登記事項,鋼筋混凝土造,106年10月18日,十五層,三層
RPPOMLQJQHNFFBC28CA,1,25.23,見其他登記事項,鋼筋混凝土造,106年10月18日,十五層,
RPPOMLQJQHNFFBC28CA,1,.99,見其他登記事項,鋼筋混凝土造,106年10月18日,十五層,
RPPOMLQJQHNFFBC28CA,1,98.38,見其他登記事項,鋼筋混凝土造,106年10月18日,十五層,
RPQNMLSLPHNFFCC68CA,29,104.59,住家用,鋼筋混凝土造,78年3月21日,五層,二層
RPQNMLSLPHNFFCC68CA,29,7.74,共用部份,鋼筋混凝土造,78年3月21日,五層,
RPQNMLSLPHNFFCC68CA,29,1.26,住家用,鋼筋混凝土造,78年3月21日,五層,
RPOOMLKKQHNFFBC67CA,46,49.45,住家用,鋼筋混凝土造,61年7月6日,四層,三層
RPOOMLRJQHNFFCC38CA,24,87.92,住家用,鋼筋混凝土造,83年11月21日,七層,七層
RPOOMLRJQHNFFCC38CA,24,12.42,共用部份,鋼筋混凝土造,83年11月21日,七層,
RPTOMLRLPHNFFCC98CA,27,309.99,見其他登記事項,鋼筋混凝土造,80年7月4日,三層,一層 二層 三層 地下層
RPRNMLRKQHNFFCC88EA,23,149.41,住家用,鋼筋混凝土造,84年5月17日,六層,一層
RPRNMLRKQHNFFCC88EA,23,17.57,共用部份,鋼筋混凝土造,84年5月17日,六層,
RPRNMLRKQHNFFCC88EA,23,9.17,共用部份,鋼筋混凝土造,84年5月17日,六層,
RPOOMLQLPHNFFCC38CA,36,101.37,住家用,鋼筋混凝土造,71年2月13日,五層,三層
RPPOMLQLPHNFFCC48CA,25,109.44,住家用,鋼筋混凝土造,82年3月6日,五層,二層
RPPOMLQLPHNFFCC48CA,25,4.57,共用部份,鋼筋混凝土造,82年3月6日,五層,
RPSNMLQLPHNFFCC68CA,38,66.64,住家用,鋼筋混凝土造,69年11月7日,四層,二層
RPXNMLQLPHNFFCC56CA,36,99.11,住家用,鋼筋混凝土造,70年12月31日,五層,四層
RPQNMLMJQHNFFCC97CA,21,72.89,住家用,鋼筋混凝土造,86年5月8日,十一層,四層
RPQNMLMJQHNFFCC97CA,21,1.60,共用部份,鋼筋混凝土造,86年5月8日,十一層,
RPQNMLMJQHNFFCC97CA,21,13.32,共用部份,鋼筋混凝土造,86年5月8日,十一層,
RPQNMLMJQHNFFCC97CA,21,.81,共用部份,鋼筋混凝土造,86年5月8日,十一層,
RPSNMLKKQHNFFCC08CA,6,89.33,見其他登記事項,鋼筋混凝土造,101年6月26日,十三層,八層
RPSNMLKKQHNFFCC08CA,6,35.63,見其他登記事項,鋼筋混凝土造,101年6月26日,十三層,
RPPNMLSKQHNFFCC58CA,21,79.96,住家用,鋼筋混凝土造,86年7月18日,十二層,八層
RPPNMLSKQHNFFCC58CA,21,1.97,共用部份,鋼筋混凝土造,86年7月18日,四層,
RPPNMLSKQHNFFCC58CA,21,9.53,共用部份,鋼筋混凝土造,86年7月18日,十二層,
RPPNMLSKQHNFFCC58CA,21,13.70,共用部份,鋼筋混凝土造,86年7月18日,十二層,
RPTNMLSJQHNFFCC88CA,2,.01,見其他登記事項,鋼筋混凝土造,105年1月24日,,
RPTNMLSJQHNFFCC88CA,2,.00,見其他登記事項,鋼筋混凝土造,105年1月24日,二十三層,
RPTNMLSJQHNFFCC88CA,2,.00,見其他登記事項,鋼筋混凝土造,105年1月24日,二十五層,
RPTNMLSJQHNFFCC88CA,2,52.64,見其他登記事項,鋼筋混凝土造,105年1月24日,二十五層,十八層
RPTNMLSJQHNFFCC88CA,2,.51,見其他登記事項,鋼筋混凝土造,105年1月24日,二十三層,
RPTNMLSJQHNFFCC88CA,2,21.50,見其他登記事項,鋼筋混凝土造,105年1月24日,二十五層,
RPPOMLOKQHNFFCC28CA,36,87.45,住家用,鋼筋混凝土造,71年2月13日,五層,五層
RPUNMLQKQHNFFCC88CA,1,123.54,見其他登記事項,鋼筋混凝土造,106年11月3日,十三層,三層
RPUNMLQKQHNFFCC88CA,1,53.32,見其他登記事項,鋼筋混凝土造,106年11月3日,十三層,
RPUNMLQKQHNFFCC88CA,1,.23,見其他登記事項,鋼筋混凝土造,106年11月3日,十三層,
RPUNMLQKQHNFFCC88CA,1,29.81,見其他登記事項,鋼筋混凝土造,106年11月3日,十三層,
RPOOMLLLQHNFFCC97CA,5,104.58,見其他登記事項,鋼筋混凝土造,102年12月4日,十三層,六層
RPOOMLLLQHNFFCC97CA,5,34.66,見其他登記事項,鋼筋混凝土造,102年12月4日,十四層,
RPOOMLLLQHNFFCC97CA,5,24.73,見其他登記事項,鋼筋混凝土造,102年12月4日,十四層,
RPOOMLLLQHNFFCC97CA,5,19.50,見其他登記事項,鋼筋混凝土造,102年12月4日,十四層,
RPSOMLOKQHNFFCC58CA,2,.01,見其他登記事項,鋼筋混凝土造,105年1月24日,,
RPVNMLQKQHNFFCC98CA,1,101.31,見其他登記事項,鋼筋混凝土造,106年11月3日,十二層,六層
RPVNMLQKQHNFFCC98CA,1,43.71,見其他登記事項,鋼筋混凝土造,106年11月3日,十三層,
RPSOMLOKQHNFFCC58CA,2,.00,見其他登記事項,鋼筋混凝土造,105年1月24日,二十三層,
RPVNMLQKQHNFFCC98CA,1,.23,見其他登記事項,鋼筋混凝土造,106年11月3日,十三層,
RPSOMLOKQHNFFCC58CA,2,76.14,見其他登記事項,鋼筋混凝土造,105年1月24日,十八層,十七層
RPVNMLQKQHNFFCC98CA,1,29.81,見其他登記事項,鋼筋混凝土造,106年11月3日,十三層,
RPSOMLOKQHNFFCC58CA,2,.01,見其他登記事項,鋼筋混凝土造,105年1月24日,二十五層,
RPSOMLOKQHNFFCC58CA,2,.73,見其他登記事項,鋼筋混凝土造,105年1月24日,二十三層,
RPSOMLOKQHNFFCC58CA,2,46.97,見其他登記事項,鋼筋混凝土造,105年1月24日,二十五層,
RPRNMLLLQHNFFCC18CA,23,75.06,住家用,鋼筋混凝土造,84年2月28日,六層,四層
RPRNMLLLQHNFFCC18CA,23,11.60,共用部份,鋼筋混凝土造,84年2月28日,六層,
RPRNMLLLQHNFFCC18CA,23,12.40,共用部份,鋼筋混凝土造,84年2月28日,六層,
RPVNMLNLQHNFFCC78CA,36,78.70,住家用,鋼筋混凝土造,70年12月30日,五層,四層
RPXNMLOKQHNFFCC98CA,25,38.32,見其他登記事項,鋼筋混凝土造,82年9月2日,七層,
RPXNMLOKQHNFFCC98CA,25,4.98,共用部份,鋼筋混凝土造,82年9月2日,七層,
RPXNMLOKQHNFFCC98CA,25,100.91,住家用,鋼筋混凝土造,82年9月2日,七層,四層
RPXNMLOKQHNFFCC98CA,25,1.19,共用部份,鋼筋混凝土造,82年9月2日,七層,
RPXNMLOKQHNFFCC98CA,25,7.83,共用部份,鋼筋混凝土造,82年9月2日,七層,
RPSNMLRLPHNFFCC78CA,21,60.02,住家用,鋼筋混凝土造,86年6月23日,九層,八層
RPSNMLRLPHNFFCC78CA,21,7.66,共用部份,鋼筋混凝土造,86年6月23日,九層,
RPSNMLRLPHNFFCC78CA,21,1.70,共用部份,鋼筋混凝土造,86年6月23日,九層,
RPSNMLRLPHNFFCC78CA,21,6.94,共用部份,鋼筋混凝土造,86年6月23日,九層,
RPWNMLNJQHNFFCC68CA,38,111.01,住家用,鋼筋混凝土造,69年5月1日,八層,三層
RPRNMLNJQHNFFCC18CA,24,93.12,住家用,鋼筋混凝土造,83年11月8日,五層,五層
RPRNMLNJQHNFFCC18CA,24,11.74,共用部份,鋼筋混凝土造,83年11月8日,五層,
RPRNMLNJQHNFFCC18CA,24,12.34,共用部份,鋼筋混凝土造,83年11月8日,五層,
RPTOMLMJQHNFFCC38CA,36,83.61,住家用,鋼筋混凝土造,70年12月17日,五層,五層
RPVNMLQLPHNFFBC88CA,35,94.50,住家用,鋼筋混凝土造,72年7月29日,五層,三層
RPOOMLKMPHNFFCC08EA,37,79.61,商業用,鋼筋混凝土造,70年1月29日,四層,一層
RPSNMLMJQHNFFBC08CA,22,86.92,住家用,鋼筋混凝土造,85年11月19日,五層,四層
RPSNMLMJQHNFFBC08CA,22,25.39,共用部份,鋼筋混凝土造,85年11月19日,五層,
RPRNMLLKQHNFFCC08CA,2,51.68,見其他登記事項,鋼筋混凝土造,105年1月24日,十八層,十二層
RPRNMLLKQHNFFCC08CA,2,.01,見其他登記事項,鋼筋混凝土造,105年1月24日,,
RPRNMLLKQHNFFCC08CA,2,.00,見其他登記事項,鋼筋混凝土造,105年1月24日,二十三層,
RPRNMLLKQHNFFCC08CA,2,.00,見其他登記事項,鋼筋混凝土造,105年1月24日,二十五層,
RPRNMLLKQHNFFCC08CA,2,.50,見其他登記事項,鋼筋混凝土造,105年1月24日,二十三層,
RPRNMLLKQHNFFCC08CA,2,36.99,見其他登記事項,鋼筋混凝土造,105年1月24日,二十五層,
RPXNMLRLPHNFFBC56CA,19,106.82,住家用,鋼筋混凝土造,88年1月20日,七層,五層
RPXNMLRLPHNFFBC56CA,19,27.74,共用部份,鋼筋混凝土造,88年1月20日,七層,
RPSNMLRLPHNFFBC68CA,22,116.21,住家用,鋼筋混凝土造,85年4月26日,十六層,六層
RPSNMLRLPHNFFBC68CA,22,12.45,共用部份,鋼筋混凝土造,85年4月26日,十六層,
RPWNMLMJQHNFFBC48CA,29,107.65,住家用,鋼筋混凝土造,78年11月1日,五層,五層
RPSNMLRLPHNFFBC68CA,22,35.41,共用部份,鋼筋混凝土造,85年4月26日,十六層,
RPWNMLMJQHNFFBC48CA,29,10.48,共用部份,鋼筋混凝土造,78年11月1日,五層,
RPRNMLRLPHNFFBC58CA,27,86.69,住家用,鋼筋混凝土造,80年3月19日,五層,四層
RPRNMLRLPHNFFBC58CA,27,.92,共用部份,鋼筋混凝土造,80年3月19日,五層,
RPPNMLKMPHNFFBC77CA,23,85.27,見其他登記事項,鋼筋混凝土造,84年6月10日,四層,三層 夾層
RPPNMLKMPHNFFBC77CA,23,5.90,共用部份,鋼筋混凝土造,84年6月10日,四層,
RPPNMLKMPHNFFBC77CA,23,1.24,共用部份,鋼筋混凝土造,84年6月10日,五層,
RPUOMLMJQHNFFBC38CA,19,57.41,住家用,鋼筋混凝土造,88年1月14日,十六層,四層
RPUOMLMJQHNFFBC38CA,19,9.40,共用部份,鋼筋混凝土造,88年1月14日,十六層,
RPUOMLMJQHNFFBC38CA,19,3.39,共用部份,鋼筋混凝土造,88年1月14日,十六層,
RPUOMLMJQHNFFBC38CA,19,1.41,共用部份,鋼筋混凝土造,88年1月14日,十六層,
RPUOMLMJQHNFFBC38CA,19,.69,共用部份,鋼筋混凝土造,88年1月14日,十六層,
RPVNMLMJQHNFFBC38CA,35,87.68,住家用,鋼筋混凝土造,72年6月8日,五層,五層
RPVNMLMJQHNFFBC38CA,35,1.28,共用部份,鋼筋混凝土造,72年6月8日,五層,
RPUNMLRLPHNFFBC88CA,36,42.32,住家用,鋼筋混凝土造,71年8月24日,六層,五層 走廊
RPUNMLRLPHNFFBC88CA,36,2.38,共用部份,鋼筋混凝土造,71年8月24日,六層,
RPUNMLRLPHNFFBC88CA,36,2.34,共用部份,鋼筋混凝土造,71年8月24日,六層,
RPUNMLRLPHNFFBC88CA,36,41.86,住家用,鋼筋混凝土造,71年8月24日,六層,五層 走廊
RPQOMLSJQHNFFBC68DA,2,320.88,見其他登記事項,鋼筋混凝土造,105年2月5日,四層,一層 二層 三層 四層
RPQOMLSJQHNFFBC68DA,2,1.40,見其他登記事項,鋼筋混凝土造,105年2月5日,一層,
RPQOMLSJQHNFFBC68DA,3,.06,見其他登記事項,鋼筋混凝土造,104年11月16日,五層,
RPQOMLSJQHNFFBC68DA,3,2.24,見其他登記事項,鋼筋混凝土造,104年11月16日,五層,
RPQOMLSJQHNFFBC68DA,3,.08,見其他登記事項,鋼筋混凝土造,104年11月16日,五層,
RPQOMLSJQHNFFBC68DA,3,2.24,見其他登記事項,鋼筋混凝土造,104年11月16日,五層,
RPVOMLMJQHNFFBC48CA,24,112.88,住家用,鋼筋混凝土造,83年9月1日,五層,四層 五層
RPVOMLMJQHNFFBC48CA,24,15.43,共用部份,鋼筋混凝土造,83年9月1日,五層,
RPVOMLMJQHNFFBC48CA,24,3.83,共用部份,鋼筋混凝土造,83年9月1日,五層,
RPPNMLNKQHNFFBC97CA,22,94.88,住家用,鋼筋混凝土造,85年3月9日,十四層,十一層
RPPNMLNKQHNFFBC97CA,22,17.08,共用部份,鋼筋混凝土造,85年3月9日,十五層,
RPPNMLNKQHNFFBC97CA,22,36.84,共用部份,鋼筋混凝土造,85年3月9日,十五層,
RPWOMLMJQHNFFBC58CA,23,137.08,住家用,鋼筋混凝土造,84年12月5日,三層,一層 二層 三層
RPWOMLMJQHNFFBC58CA,23,23.35,商業用,鋼筋混凝土造,84年12月5日,三層,
RPWOMLMJQHNFFBC58CA,23,16.00,共用部份,鋼筋混凝土造,84年12月5日,三層,
RPROMLLMPHNFFCC28CA,20,84.17,住家用,鋼筋混凝土造,87年5月20日,十一層,八層
RPROMLLMPHNFFCC28CA,20,17.82,共用部份,鋼筋混凝土造,87年5月20日,十一層,
RPROMLLMPHNFFCC28CA,20,33.76,共用部份,鋼筋混凝土造,87年5月20日,十二層,
RPPOMLLJQHNFFBC77CA,21,109.37,見其他登記事項,鋼筋混凝土造,86年6月30日,十四層,三層
RPPOMLLJQHNFFBC77CA,21,17.71,共用部份,鋼筋混凝土造,86年6月30日,十四層,
RPPOMLLJQHNFFBC77CA,21,37.50,共用部份,鋼筋混凝土造,86年6月30日,十四層,
RPVNMLRJQHNFFBC88CA,10,72.62,住家用,鋼骨鋼筋混凝土造,97年2月4日,三十一層,十四層
RPVNMLRJQHNFFBC88CA,10,15.36,共用部份,鋼骨鋼筋混凝土造,97年2月4日,三十一層,
RPVNMLRJQHNFFBC88CA,10,14.73,共用部份,鋼骨鋼筋混凝土造,97年2月4日,三十一層,
RPRNMLQJQHNFFCC48CA,1,87.44,見其他登記事項,鋼筋混凝土造,106年1月24日,十五層,十三層
RPRNMLQJQHNFFCC48CA,1,17.53,見其他登記事項,鋼筋混凝土造,106年1月24日,十五層,
RPRNMLQJQHNFFCC48CA,1,23.07,見其他登記事項,鋼筋混凝土造,106年1月24日,十五層,
RPQOMLQJQHNFFCC48CA,1,73.33,見其他登記事項,鋼筋混凝土造,106年1月24日,十五層,十一層
RPQOMLQJQHNFFCC48CA,1,14.14,見其他登記事項,鋼筋混凝土造,106年1月24日,十五層,
RPQOMLQJQHNFFCC48CA,1,48.03,見其他登記事項,鋼筋混凝土造,106年1月24日,十五層,
RPPOMLQJQHNFFCC38CA,1,87.66,見其他登記事項,鋼筋混凝土造,106年1月24日,十五層,十四層
RPPOMLQJQHNFFCC38CA,1,17.63,見其他登記事項,鋼筋混凝土造,106年1月24日,十五層,
RPPOMLQJQHNFFCC38CA,1,52.85,見其他登記事項,鋼筋混凝土造,106年1月24日,十五層,
RPQNMLQJQHNFFCC38CA,1,64.50,見其他登記事項,鋼筋混凝土造,106年1月24日,十五層,八層
RPQNMLQJQHNFFCC38CA,1,12.40,見其他登記事項,鋼筋混凝土造,106年1月24日,十五層,
RPQNMLQJQHNFFCC38CA,1,45.88,見其他登記事項,鋼筋混凝土造,106年1月24日,十五層,
RPQNMLLMPHNFFCC08CA,22,131.52,住家用,鋼筋混凝土造,85年12月13日,七層,五層
RPQNMLLMPHNFFCC08CA,22,7.33,共用部份,鋼筋混凝土造,85年12月13日,七層,
RPQNMLLMPHNFFCC08CA,22,39.53,共用部份,鋼筋混凝土造,85年12月13日,七層,
RPSOMLSJQHNFFBC78CA,40,80.04,住家用,鋼筋混凝土加強磚造,67年6月28日,四層,三層
RPRNMLLMPHNFFCC38EA,21,31.52,共用部份,鋼筋混凝土造,86年7月18日,十二層,
RPPNMLNLQHNFFCC18CA,17,50.07,商業用,鋼筋混凝土造,90年9月28日,五層,一層
RPPNMLNLQHNFFCC18CA,17,59.08,共用部份,鋼筋混凝土造,90年9月28日,五層,
RPPNMLNLQHNFFCC18CA,17,13.51,共用部份,鋼筋混凝土造,90年9月28日,五層,
RPPNMLTKQHNFFCC68CA,22,38.00,住家用,鋼筋混凝土造,85年5月8日,十六層,六層
RPPNMLTKQHNFFCC68CA,23,.08,共用部份,鋼筋混凝土造,84年7月25日,十六層,
RPPNMLTKQHNFFCC68CA,23,1.13,共用部份,鋼筋混凝土造,84年7月25日,十六層,
RPPNMLTKQHNFFCC68CA,23,5.18,共用部份,鋼筋混凝土造,84年7月25日,十六層,
RPTNMLLKQHNFFCC28CA,5,94.39,見其他登記事項,鋼筋混凝土造,102年10月31日,七層,五層
RPQNMLLLQHNFFBC97CA,6,184.87,見其他登記事項,鋼筋混凝土造,101年6月11日,三層,一層 二層 三層
RPTNMLLKQHNFFCC28CA,5,64.58,見其他登記事項,鋼筋混凝土造,102年10月31日,七層,
RPUNMLKKQHNFFCC28CA,21,74.67,住家用,鋼筋混凝土造,86年5月8日,十一層,十一層
RPUNMLKKQHNFFCC28CA,21,1.65,共用部份,鋼筋混凝土造,86年5月8日,十一層,
RPUNMLKKQHNFFCC28CA,21,13.60,共用部份,鋼筋混凝土造,86年5月8日,十一層,
RPQNMLQKQHNFFCC48CA,9,111.15,住家用,鋼筋混凝土造,98年6月24日,十四層,三層
RPUNMLKKQHNFFCC28CA,21,.84,共用部份,鋼筋混凝土造,86年5月8日,十一層,
RPQNMLQKQHNFFCC48CA,9,62.53,共用部份,鋼筋混凝土造,98年6月24日,十四層,
RPQNMLQKQHNFFCC48CA,9,21.26,共用部份,鋼筋混凝土造,98年6月24日,十四層,
RPUNMLRJQHNFFCC98DA,36,57.10,住家用,鋼筋混凝土造,70年12月23日,三層,二層
RPPOMLKKQHNFFCC87CA,37,63.11,住家用,鋼筋混凝土造,70年12月23日,三層,二層
RPVNMLNJQHNFFCC58CA,,13.47,見其他登記事項,鋼筋混凝土造,105年1月24日,二十五層,
RPPNMLQJQHNFFCC28CA,1,29.51,見其他登記事項,鋼筋混凝土造,106年1月24日,十五層,
RPOOMLQJQHNFFCC28CA,38,94.55,住家用,鋼筋混凝土造,69年3月24日,五層,一層
RPUNMLLMPHNFFCC48CA,26,86.54,住家用,鋼筋混凝土造,81年7月18日,五層,五層
RPPOMLMJQHNFFBC87CA,37,66.70,住家用,鋼筋混凝土造,70年12月12日,五層,五層
RPOOMLLMPHNFFCC97CA,,74.93,見其他登記事項,鋼筋混凝土造,107年4月25日,五層,五層
RPOOMLLMPHNFFCC97CA,,31.23,見其他登記事項,鋼筋混凝土造,107年4月25日,五層,
RPQOMLLMPHNFFCC18CA,,74.93,見其他登記事項,鋼筋混凝土造,107年4月25日,五層,四層
RPQOMLLMPHNFFCC18CA,,31.23,見其他登記事項,鋼筋混凝土造,107年4月25日,五層,
RPOOMLKMPHNFFCC87CA,23,81.37,住家用,鋼筋混凝土造,84年8月1日,十二層,一層
RPOOMLKMPHNFFCC87CA,23,14.76,共用部份,鋼筋混凝土造,84年8月1日,十二層,
RPOOMLKMPHNFFCC87CA,23,4.29,共用部份,鋼筋混凝土造,84年8月1日,十二層,
RPPNMLLKQHNFFBC77CA,41,56.77,住家用,鋼筋混凝土加強磚造,66年7月5日,四層,一層
RPSNMLLMPHNFFCC28CA,44,1135.44,工業用,鋼筋混凝土加強磚造,63年7月4日,十層,十層
RPPOMLKMPHNFFCC97CA,22,59.62,住家用,鋼筋混凝土造,85年12月24日,五層,一層
RPPOMLKMPHNFFCC97CA,22,10.64,共用部份,鋼筋混凝土造,85年12月24日,五層,
RPXOMLQJQHNFFBC09CA,24,125.14,住家用,鋼筋混凝土造,83年6月20日,五層,二層
RPXOMLQJQHNFFBC09CA,24,2.25,共用部份,鋼筋混凝土造,83年6月20日,五層,
RPXOMLQJQHNFFBC09CA,24,34.13,共用部份,鋼筋混凝土造,83年6月20日,五層,
RPOOMLMJQHNFFBC77CA,6,96.32,住家用,鋼筋混凝土造,101年6月20日,七層,二層
RPOOMLMJQHNFFBC77CA,6,58.53,見其他登記事項,鋼筋混凝土造,101年6月20日,七層,
RPPNMLLMPHNFFBC87CA,19,96.93,住家用,鋼筋混凝土造,88年1月22日,七層,二層
RPPNMLLMPHNFFBC87CA,19,13.45,共用部份,鋼筋混凝土造,88年1月22日,七層,
RPPNMLLMPHNFFBC87CA,19,6.65,共用部份,鋼筋混凝土造,88年1月22日,七層,
RPPNMLLMPHNFFBC87CA,19,35.58,共用部份,鋼筋混凝土造,88年1月22日,七層,
RPPNMLLMPHNFFBC87CA,19,2.61,共用部份,鋼筋混凝土造,88年1月22日,七層,
RPTNMLLJQHNFFBC08CA,9,.01,見其他登記事項,鋼筋混凝土造,98年2月9日,六層,
RPTNMLLJQHNFFBC08CA,9,.76,共用部份,鋼筋混凝土造,97年12月26日,六層,
RPTNMLLJQHNFFBC08CA,9,.02,住家用,鋼筋混凝土造,97年12月26日,六層,
RPTNMLLJQHNFFBC08CA,9,7.40,共用部份,鋼筋混凝土造,98年2月9日,六層,
RPTNMLLJQHNFFBC08CA,9,40.62,住家用,鋼筋混凝土造,98年2月9日,六層,五層
RPTNMLLJQHNFFBC08CA,9,13.34,共用部份,鋼筋混凝土造,98年2月9日,六層,
RPTNMLLJQHNFFBC08CA,9,1.49,共用部份,鋼筋混凝土造,98年2月9日,六層,
RPTNMLLJQHNFFBC08CA,9,.10,共用部份,鋼筋混凝土造,98年2月9日,六層,
RPSNMLPKQHNFFBC48CA,,175.57,見其他登記事項,鋼筋混凝土造,107年1月30日,五層,五層
RPSNMLPKQHNFFBC48CA,,51.85,見其他登記事項,鋼筋混凝土造,107年1月30日,五層,
RPPNMLNJQHNFFBC87CA,21,143.63,住家用,鋼筋混凝土造,86年6月7日,六層,六層
RPPNMLNJQHNFFBC87CA,21,14.32,共用部份,鋼筋混凝土造,86年6月7日,六層,
RPPNMLNJQHNFFBC87CA,21,8.01,共用部份,鋼筋混凝土造,86年6月7日,六層,
RPPNMLNJQHNFFBC87CA,21,48.92,共用部份,鋼筋混凝土造,86年6月7日,六層,
RPSNMLNJQHNFFCC28CA,27,22.59,見其他登記事項,鋼筋混凝土造,80年8月26日,十七層,地下二層
RPWNMLQJQHNFFCC98CA,23,107.13,住家用,鋼筋混凝土造,84年12月11日,三層,一層
RPWNMLQJQHNFFCC98CA,23,5.06,共用部份,鋼筋混凝土造,84年12月11日,三層,
RPVNMLPKQHNFFBC78CA,,81.29,見其他登記事項,鋼筋混凝土造,107年1月30日,五層,一層
RPVNMLPKQHNFFBC78CA,,47.41,見其他登記事項,鋼筋混凝土造,107年1月30日,五層,
RPUNMLNJQHNFFCC48CA,38,68.35,住家用,鋼筋混凝土造,69年11月1日,四層,防空避難室 地下層
RPWNMLPKQHNFFBC88CA,,80.43,見其他登記事項,鋼筋混凝土造,107年1月30日,五層,一層
RPWNMLPKQHNFFBC88CA,,47.28,見其他登記事項,鋼筋混凝土造,107年1月30日,五層,
RPTNMLPKQHNFFBC58CA,,175.57,見其他登記事項,鋼筋混凝土造,107年1月30日,五層,三層
RPTNMLPKQHNFFBC58CA,,51.85,見其他登記事項,鋼筋混凝土造,107年1月30日,五層,
RPPNMLNJQHNFFCC97CA,6,82.71,見其他登記事項,鋼筋混凝土造,101年6月15日,十一層,九層
RPPNMLNJQHNFFCC97CA,6,66.35,見其他登記事項,鋼筋混凝土造,101年6月15日,十一層,
RPTNMLMJQHNFFCC48EA,,74.22,見其他登記事項,鋼筋混凝土造,107年4月20日,五層,二層
RPTNMLMJQHNFFCC48EA,,19.53,見其他登記事項,鋼筋混凝土造,107年4月20日,五層,
RPSNMLQKQHNFFBC58CA,,175.57,見其他登記事項,鋼筋混凝土造,107年1月30日,五層,二層
RPSNMLQKQHNFFBC58CA,,51.85,見其他登記事項,鋼筋混凝土造,107年1月30日,五層,
RPQNMLPKQHNFFCC38CA,25,125.52,住家用,鋼筋混凝土造,82年6月8日,五層,二層
RPWNMLMJQHNFFCC58CA,25,47.49,共用部份,鋼筋混凝土造,82年3月15日,七層,
RPQOMLNKQHNFFCC48EA,24,81.36,住家用,鋼筋混凝土造,83年10月15日,五層,五層
RPQNMLTKQHNFFCC78CA,20,97.53,住家用,鋼筋混凝土造,87年5月20日,十二層,八層
RPQNMLTKQHNFFCC78CA,20,16.44,共用部份,鋼筋混凝土造,87年5月20日,十二層,
RPQOMLNKQHNFFCC48EA,24,4.06,共用部份,鋼筋混凝土造,83年10月15日,五層,
RPQOMLNKQHNFFCC48EA,24,7.86,共用部份,鋼筋混凝土造,83年10月15日,五層,
RPQNMLTKQHNFFCC78CA,20,35.11,共用部份,鋼筋混凝土造,87年5月20日,十二層,
RPSNMLMJQHNFFCC18CA,19,158.88,住家用,鋼筋混凝土造,88年7月3日,五層,三層 四層 五層
RPSNMLMJQHNFFCC18CA,19,.07,住家用,鋼筋混凝土造,88年6月11日,一層,
RPSNMLMJQHNFFCC18CA,19,.00,共用部份,鋼筋混凝土造,88年6月11日,九層,
RPSNMLMJQHNFFCC18CA,19,.39,共用部份,鋼筋混凝土造,88年6月11日,五層,
RPSNMLMJQHNFFCC18CA,19,.01,共用部份,鋼筋混凝土造,88年6月11日,五層,
RPSNMLMJQHNFFCC18CA,19,.07,住家用,鋼筋混凝土造,88年6月11日,一層,
RPSNMLMJQHNFFCC18CA,19,.00,共用部份,鋼筋混凝土造,88年6月11日,九層,
RPSNMLMJQHNFFCC18CA,19,.39,共用部份,鋼筋混凝土造,88年6月11日,五層,
RPSNMLMJQHNFFCC18CA,19,.01,共用部份,鋼筋混凝土造,88年6月11日,五層,
RPSNMLMJQHNFFCC18CA,19,30.67,共用部份,鋼筋混凝土造,88年7月3日,五層,
RPSNMLMJQHNFFCC18CA,19,3.45,共用部份,鋼筋混凝土造,88年7月3日,五層,
RPSNMLMJQHNFFCC18CA,19,4.91,共用部份,鋼筋混凝土造,88年7月3日,五層,
RPXNMLLLQHNFFCC78CA,14,175.25,住家用,鋼筋混凝土造,93年5月12日,三層,一層 二層 三層
RPXNMLLLQHNFFCC78CA,14,51.59,共用部份,鋼筋混凝土造,93年5月12日,四層,
RPXNMLLLQHNFFCC78CA,14,23.36,共用部份,鋼筋混凝土造,93年5月12日,四層,
