﻿編號,土地區段位置,土地移轉面積(平方公尺),使用分區或編定
The serial number,land sector position,land shifting area (square meter),the use zoning or compiles and checks
RPTNMLOLPHNFFAD48CA,北安段,116.54,都市：住
RPQNMLPLPHNFFAD28CA,郡王祠段,263.34,都市：商
RPQOMLOLPHNFFAD28CA,觀音段,4.69,都市：商
RPPNMLOLPHNFFAD08CA,東興段,58.50,都市：住
RPPOMLPLPHNFFAD28CA,實踐段,44.03,都市：住
RPUOMLPLPHNFFAD78CA,金華段,9.83,都市：商
RPPOMLOLPHNFFAD18CA,環河段,3.11,都市：住
RPPOMLOLPHNFFAD18CA,環河段,1.99,都市：住
RPTPMLRLPHNFFAD98CA,富台段,75.00,都市：住
RPTPMLRLPHNFFAD98CA,富台段,4.00,都市：住
RPQNMLRLPHNFFAD48CA,金華段,.00,都市：住
RPQNMLRLPHNFFAD48CA,金華段,7.71,都市：住
RPTNMLRLPHNFFAD78CA,金華段,9.47,都市：住
RPSOMLKMPHNFFAD18CA,開元段,7.97,都市：商
RPPNMLMJQHNFFAD77CA,漁光段,10.64,都市：商
RPVNMLNJQHNFFAD48CA,永安段,23.50,都市：住
RPPPMLLJQHNFFAD87CA,康祥段,23.53,都市：住
RPWNMLMKQHNFFAD58CA,頂美段,17.10,都市：住
RPSNMLMKQHNFFAD18CA,頂美段,20.52,都市：住
RPUNMLMKQHNFFAD38CA,頂美段,17.10,都市：住
RPVNMLMKQHNFFAD48CA,頂美段,16.79,都市：住
RPQNMLLJQHNFFAD77CA,光賢段,86.37,都市：住
RPXQMLKKQHNFFAD78CA,協進段,124.00,都市：住
RPQNMLKLQHNFFAD87CA,北元段,29.86,都市：住
RPPNMLOKQHNFFAD08CA,金城段,23.43,都市：其他
RPROMLPKQHNFFAD48CA,頂美段,16.17,都市：住
RPQOMLPKQHNFFAD38CA,頂美段,16.17,都市：住
RPRQMLOKQHNFFAD58CA,頂美段,15.85,都市：住
RPQQMLPKQHNFFAD58CA,臨安段,91.00,都市：住
RPWNMLRJQHNFFBD09CA,公塭段,23.39,都市：住
RPWNMLRJQHNFFBD09CA,公塭段,63.09,都市：住
RPVOMLOKQHNFFAD78CA,金城段,103.50,都市：住
RPQNMLTJQHNFFBD68CA,農場段,99.17,都市：農
RPQNMLTJQHNFFBD68CA,農場段,347.51,都市：農
RPQNMLPLPHNFFCD48CA,公英段,22.50,都市：住
RPQNMLPLPHNFFCD48CA,公英段,5.46,都市：住
RPVOMLNLPHNFFCD88CA,竹篙厝段,26.06,都市：住
RPOOMLRJQHNFFBD38CA,和館段,32.75,都市：住
RPOOMLRJQHNFFBD38CA,和館段,116.42,都市：住
RPSPMLOLPHNFFCD78CA,富裕段,35.79,都市：住
RPXNMLPLPHNFFCD56CA,大同段,8.55,都市：住
RPXNMLPLPHNFFCD56CA,大同段,6.68,都市：住
RPXNMLPLPHNFFCD56CA,大同段,5.35,都市：住
RPXNMLPLPHNFFCD56CA,大同段,9.68,都市：商
RPXNMLPLPHNFFCD56CA,大同段,.73,都市：商
RPXNMLPLPHNFFCD56CA,大同段,.85,都市：商
RPXNMLPLPHNFFCD56CA,大同段,2.07,都市：商
RPTOMLPLPHNFFCD88CA,光華段,.56,都市：其他
RPROMLPLPHNFFCD68CA,大同段,6.83,都市：住
RPROMLPLPHNFFCD68CA,大同段,5.34,都市：住
RPROMLPLPHNFFCD68CA,大同段,4.27,都市：住
RPROMLPLPHNFFCD68CA,大同段,7.73,都市：商
RPROMLPLPHNFFCD68CA,大同段,.58,都市：商
RPROMLPLPHNFFCD68CA,大同段,.68,都市：商
RPROMLPLPHNFFCD68CA,大同段,1.65,都市：商
RPUNMLQJQHNFFBD78CA,公塭段,101.09,都市：住
RPQOMLPLPHNFFCD58CA,大同段,8.55,都市：住
RPQOMLPLPHNFFCD58CA,大同段,6.68,都市：住
RPQOMLPLPHNFFCD58CA,大同段,5.35,都市：住
RPQOMLPLPHNFFCD58CA,大同段,9.68,都市：商
RPQOMLPLPHNFFCD58CA,大同段,.73,都市：商
RPQOMLPLPHNFFCD58CA,大同段,.85,都市：商
RPQOMLPLPHNFFCD58CA,大同段,2.07,都市：商
RPRPMLOLPHNFFCD68CA,大林段,96.02,都市：住
RPTNMLMLQHNFFBD48CA,怡北段,109.75,都市：住
RPTNMLMLQHNFFBD48CA,怡北段,5.99,都市：住
RPSOMLPLPHNFFCD78CA,新東段,48.00,都市：住
RPWNMLLJQHNFFCD58CA,虎尾寮段,17.98,都市：商
RPTOMLTJQHNFFCD56CA,新都心段,31.27,都市：住
RPPQMLRKQHNFFCD88CA,仁和段,32.93,都市：住
RPPNMLSJQHNFFCD58CA,喜東段,132.00,都市：住
RPUNMLQLPHNFFCD98CA,大同段,8.55,都市：住
RPUNMLQLPHNFFCD98CA,大同段,6.68,都市：住
RPUNMLQLPHNFFCD98CA,大同段,5.35,都市：住
RPUNMLQLPHNFFCD98CA,大同段,9.68,都市：商
RPUNMLQLPHNFFCD98CA,大同段,.73,都市：商
RPUNMLQLPHNFFCD98CA,大同段,.85,都市：商
RPUNMLQLPHNFFCD98CA,大同段,2.07,都市：商
RPUOMLMJQHNFFCD58CA,仁和段,11.70,都市：住
RPUOMLMJQHNFFCD58CA,仁和段,11.70,都市：住
RPQOMLQLPHNFFCD68CA,新興段,87.00,都市：住
RPVNMLPLPHNFFDD09CA,番子厝段,2281.00,非都市：特定農業區 ; 非都市編定：農牧用地
RPWNMLPLPHNFFDD56CA,永生段,94.62,都市：商
RPRNMLRLPHNFFCD78CA,竹篙厝段,14.04,都市：住
RPPNMLLMPHNFFCD08CA,虎尾寮段,30.08,都市：住
RPWNMLPKQHNFFDD56CA,下角帶圍段,95.00,非都市：鄉村區 ; 非都市編定：乙種建築用地
RPXNMLPKQHNFFDD66CA,下角帶圍段,95.00,非都市：鄉村區 ; 非都市編定：乙種建築用地
RPSNMLOLPHNFFED78CA,崩埤段,5310.00,非都市：一般農業區 ; 非都市編定：農牧用地
RPSNMLOLPHNFFED78CA,崩埤段,3125.00,非都市：一般農業區 ; 非都市編定：農牧用地
RPSNMLOLPHNFFED78CA,崩埤段,3126.00,非都市：一般農業區 ; 非都市編定：農牧用地
RPPNMLPLPHNFFED58CA,馬稠後段,806.25,非都市：山坡地保育區 ; 非都市編定：農牧用地
RPQNMLLMPHNFFDD28CA,鐵線橋段,1028.00,非都市：特定農業區 ; 非都市編定：農牧用地
RPQNMLPLPHNFFED68CA,馬稠後段,2418.75,非都市：山坡地保育區 ; 非都市編定：農牧用地
RPPNMLLMPHNFFDD18CA,鐵線橋段,1028.00,非都市：特定農業區 ; 非都市編定：農牧用地
RPRNMLLMPHNFFDD38CA,鐵線橋段,2150.00,非都市：特定農業區 ; 非都市編定：農牧用地
RPRNMLMJQHNFFED38CA,東山段,105.00,非都市：鄉村區 ; 非都市編定：乙種建築用地
RPRNMLOLPHNFFHD98CA,管寮段,11.00,非都市：特定農業區 ; 非都市編定：水利用地
RPSNMLOLPHNFFHD09CA,管寮段,40.00,非都市：特定農業區 ; 非都市編定：水利用地
RPVNMLPLPHNFFHD86CA,成功段,92.59,都市：住
RPVNMLPLPHNFFHD86CA,成功段,3.93,都市：其他
RPVNMLOLPHNFFFD56CA,大埕段,120.33,都市：住
RPWNMLOLPHNFFFD66CA,嗚頭段,955.00,非都市：山坡地保育區 ; 非都市編定：丙種建築用地
RPVNMLNLPHNFFGD56CA,將軍段,780.00,非都市：特定農業區 ; 非都市編定：農牧用地
RPVNMLNLPHNFFGD56CA,將軍段,3193.00,非都市：特定農業區 ; 非都市編定：農牧用地
RPUOMLOLPHNFFHD76CA,頂山腳段,45.00,非都市：特定農業區 ; 非都市編定：甲種建築用地
RPQNMLOKQHNFFHD88CA,大洲段,2909.40,非都市：一般農業區 ; 非都市編定：農牧用地
RPRNMLOLPHNFFID09CA,崑崙段,4036.21,非都市：一般農業區 ; 非都市編定：農牧用地
RPWNMLOLPHNFFGD76CA,忠孝南段,92.99,都市：住
RPSNMLOLPHNFFID56CA,歸仁北段,44.00,都市：住
RPSNMLOLPHNFFID56CA,歸仁北段,29.00,都市：住
RPPOMLSJQHNFFHD56CA,南港段,4.89,都市：住
RPPOMLSJQHNFFHD56CA,南港段,1.86,都市：住
RPPOMLPLPHNFFID09CA,新埔段,325.00,非都市：山坡地保育區 ; 非都市編定：農牧用地
RPQOMLPLPHNFFID56CA,新埔段,108.33,非都市：山坡地保育區 ; 非都市編定：農牧用地
RPPNMLPLPHNFFID98CA,歸仁南段,62.00,非都市：鄉村區 ; 非都市編定：乙種建築用地
RPUOMLLJQHNFFHD98CA,頂山腳段,15.36,非都市：特定農業區 ; 非都市編定：交通用地
RPUOMLLJQHNFFHD98CA,頂山腳段,83.00,非都市：特定農業區 ; 非都市編定：甲種建築用地
RPSNMLRLPHNFFHD76CA,胡厝段,799.41,非都市：鄉村區 ; 非都市編定：乙種建築用地
RPRPMLLJQHNFFHD78CA,新興段,21.42,都市：住
RPRPMLLJQHNFFHD78CA,新興段,.90,都市：住
RPRNMLKKQHNFFID68CA,歸仁北段,125.00,都市：住
RPRNMLKKQHNFFID68CA,歸仁北段,161.00,都市：住
RPUNMLOLPHNFFID76CA,南雄段,83.00,都市：住
RPUNMLOLPHNFFID76CA,南雄段,1.00,都市：住
RPVNMLKLQHNFFHD09CA,善文段,24.56,都市：住
RPTNMLOLPHNFFID66CA,南雄段,121.00,都市：住
RPTNMLOLPHNFFID66CA,南雄段,1.00,都市：住
RPPNMLNLPHNFFJD88CA,三埔段,96.50,非都市：山坡地保育區 ; 非都市編定：農牧用地
RPPNMLNLPHNFFJD88CA,三埔段,237.10,非都市：山坡地保育區 ; 非都市編定：農牧用地
RPRNMLPLPHNFFKD76CA,大灣段,12.93,都市：住
RPXOMLKMPHNFFKD07CA,永仁段,28.26,都市：住
RPXOMLKMPHNFFKD07CA,永仁段,4.47,都市：農
RPXOMLKMPHNFFKD07CA,永仁段,.06,都市：住
RPUOMLKMPHNFFKD76CA,二王段,75.01,都市：住
RPSOMLQLPHNFFKD07CA,六甲頂段,31.45,都市：住
RPPPMLLMPHNFFKD09CA,蜈蜞潭段,25.70,都市：住
RPWNMLPLPHNFFKD27CA,六甲頂段,18.72,都市：住
RPUOMLPLPHNFFKD17CA,仁愛段,83.82,都市：住
RPPOMLRLPHNFFKD86CA,鹽新段,21.86,都市：住
RPOOMLOLPHNFFKD09CA,永興段,23.25,都市：住
RPOOMLOLPHNFFKD09CA,永興段,82.41,都市：住
RPSPMLNLPHNFFKD86CA,永興段,101.78,都市：住
RPTOMLMJQHNFFKD66CA,永二段,4.26,都市：住
RPTOMLMJQHNFFKD66CA,永二段,20.31,都市：其他
RPTOMLMJQHNFFKD66CA,永二段,67.87,都市：住
RPROMLKKQHNFFKD98CA,永和段,16.31,都市：商
RPQOMLKKQHNFFKD88CA,永和段,16.31,都市：商
RPQOMLMJQHNFFKD98CA,六甲頂段,13.48,都市：住
RPQNMLOJQHNFFKD09CA,蜈蜞潭段,106.00,都市：住
RPTOMLKKQHNFFKD56CA,永和段,11.84,都市：商
RPPNMLMKQHNFFKD88CA,安康段,228.10,都市：住
RPPNMLMKQHNFFKD88CA,安康段,2.23,都市：住
RPUNMLOLPHNFFCD88DA,鹽埕段,38.25,都市：住
RPXNMLQJQHNFFBD56DA,長安段,63.88,都市：住
RPUNMLQJQHNFFHD86DA,山豹段,155.00,非都市：山坡地保育區 ; 非都市編定：農牧用地
RPSNMLNKQHNFFKD66CA,永和段,10.07,都市：商
RPQNMLNKQHNFFKD09CA,永和段,11.84,都市：商
RPSOMLMJQHNFFKD56CA,西勢段,83.00,都市：住
RPSNMLQLPHNFFED09DA,嘉民段,58.18,非都市：鄉村區 ; 非都市編定：乙種建築用地
RPSNMLQLPHNFFED09DA,嘉民段,370.33,非都市：鄉村區 ; 非都市編定：乙種建築用地
RPSOMLQJQHNFFBD78DA,長安段,51.10,都市：住
RPPNMLNKQHNFFKD98CA,永和段,11.84,都市：商
RPPNMLKLPHNFFID78CD,沙崙段,27.40,非都市：一般農業區 ; 非都市編定：甲種建築用地
RPPNMLKLPHNFFID78CD,沙崙段,93.50,非都市：一般農業區 ; 非都市編定：甲種建築用地
RPPNMLKKQHNFFKD78DA,大灣段,80.00,都市：住
RPXNMLPLPHNFFID37EA,勝利段,27.99,都市：工
RPXNMLPLPHNFFID37EA,勝利段,256.49,都市：工
RPSOMLKMPHNFFKD66DA,鹽東段,3.98,都市：工
RPWNMLKLQHNFFID76DA,文化段,1098.67,都市：農
RPROMLKMPHNFFKD56DA,鹽東段,3.80,都市：工
RPQNMLQLPHNFFFD98DA,莊禮段,25.00,非都市：特定農業區 ; 非都市編定：交通用地
RPTNMLMJQHNFFGD88DA,州海段,28.06,都市：住
RPTNMLMJQHNFFGD88DA,州海段,.09,都市：其他
RPXNMLMJQHNFFHD76DA,知母義段,1314.00,非都市：一般農業區 ; 非都市編定：農牧用地
RPXNMLMJQHNFFHD76DA,知母義段,1042.00,非都市：一般農業區 ; 非都市編定：農牧用地
RPPNMLPLPHNFFGD88DA,漚汪段西甲小段,2167.00,非都市：特定農業區 ; 非都市編定：農牧用地
RPRNMLRKQHNFFKD07DA,康橋段,23.82,都市：其他
RPRNMLKLQHNFFID88DA,二空段,54.87,都市：住
RPPNMLRLPHNFFGD09DA,三吉段,230.24,非都市：一般農業區 ; 非都市編定：農牧用地
RPPNMLRLPHNFFFD98DA,謝厝寮段,131.00,非都市：鄉村區 ; 非都市編定：乙種建築用地
RPPNMLRLPHNFFFD98DA,謝厝寮段,63.00,非都市：鄉村區 ; 非都市編定：乙種建築用地
RPRNMLNKQHNFFKD56CA,永和段,16.31,都市：商
RPRNMLRLPHNFFFD56DA,北勢寮段,165.67,非都市：鄉村區 ; 非都市編定：乙種建築用地
RPRNMLRLPHNFFFD56DA,北勢寮段,267.56,非都市：一般農業區 ; 非都市編定：農牧用地
RPOPMLMJQHNFFKD88CA,六甲頂段,55.25,都市：住
RPTNMLQJQHNFFKD96CA,大灣段,148.00,都市：住
RPSOMLKKQHNFFKD09CA,永和段,18.42,都市：商
RPVNMLKMPHNFFKD76CA,永興段,15.89,都市：住
RPVNMLKMPHNFFKD76CA,永興段,21.77,都市：住
RPOOMLLLQHNFFKD88CA,廣富段,708.58,非都市：一般農業區 ; 非都市編定：農牧用地
RPQNMLPLPHNFFGD98DA,營段,73.33,非都市：鄉村區 ; 非都市編定：乙種建築用地
RPOPMLQLPHNFFKD76CA,禹帝段,4.21,都市：住
RPUNMLKMPHNFFKD66CA,兵南段,49.15,都市：住
RPVOMLPLPHNFFKD27CA,永信段,6.36,都市：住
RPRPMLRKQHNFFKD17CA,永和段,11.84,都市：商
RPOPMLPLPHNFFKD66CA,南新段,6.45,都市：住
RPRNMLSLPHNFFKD07CA,永興段,87.33,都市：住
RPRNMLSLPHNFFKD07CA,永興段,23.24,都市：住
RPSPMLKMPHNFFKD66CA,蜈蜞潭段,80.00,都市：住
RPSPMLKMPHNFFKD66CA,蜈蜞潭段,18.62,都市：住
RPTOMLRLPHNFFKD27CA,永興段,23.24,都市：住
RPTOMLRLPHNFFKD27CA,永興段,85.20,都市：住
RPROMLPLPHNFFKD86CA,永興段,101.22,都市：住
RPRNMLRLPHNFFKD96CA,鹽東段,18.23,都市：住
RPQOMLRLPHNFFKD96CA,永興段,85.20,都市：住
RPQOMLRLPHNFFKD96CA,永興段,23.24,都市：住
RPWNMLRLPHNFFKD47CA,永興段,85.20,都市：住
RPWNMLRLPHNFFKD47CA,永興段,23.24,都市：住
RPUPMLKMPHNFFKD86CA,蜈蜞潭段,18.62,都市：住
RPUPMLKMPHNFFKD86CA,蜈蜞潭段,79.00,都市：住
RPSOMLRLPHNFFKD17CA,永興段,23.24,都市：住
RPSOMLRLPHNFFKD17CA,永興段,87.33,都市：住
RPOOMLRLPHNFFKD76CA,永興段,85.20,都市：住
RPOOMLRLPHNFFKD76CA,永興段,23.24,都市：住
RPUNMLRLPHNFFKD27CA,永興段,87.33,都市：住
RPUNMLRLPHNFFKD27CA,永興段,23.24,都市：住
RPXNMLRLPHNFFKD57CA,永興段,85.20,都市：住
RPXNMLRLPHNFFKD57CA,永興段,23.24,都市：住
RPVNMLPLPHNFFKD17CA,永二段,15.26,都市：住
RPVNMLRLPHNFFKD37CA,永興段,85.20,都市：住
RPVNMLRLPHNFFKD37CA,永興段,23.24,都市：住
RPROMLPLPHNFFID66CA,新埔段,108.33,非都市：山坡地保育區 ; 非都市編定：農牧用地
RPSOMLPLPHNFFID76CA,南雄段,703.00,都市：農
RPTNMLQLPHNFFID86CA,鍾厝段,43.79,都市：住
RPSOMLQLPHNFFID86CA,武東段,495.31,都市：住
RPROMLQLPHNFFID76CA,武東段,495.31,都市：住
RPUOMLPLPHNFFID96CA,新埔段,108.33,非都市：山坡地保育區 ; 非都市編定：農牧用地
RPTOMLQLPHNFFID96CA,武東段,495.31,都市：住
RPRNMLQLPHNFFID66CA,上崙段,315.82,非都市：一般農業區 ; 非都市編定：農牧用地
RPRNMLQLPHNFFID66CA,上崙段,86.00,非都市：一般農業區 ; 非都市編定：農牧用地
RPRNMLQLPHNFFID66CA,上崙段,672.45,非都市：一般農業區 ; 非都市編定：農牧用地
RPXNMLSJQHNFFID37CA,歸仁北段,60.00,都市：住
RPXNMLSJQHNFFID37CA,歸仁北段,21.88,都市：住
RPQNMLPKQHNFFID09CA,文賢段,17.07,都市：住
RPQNMLPKQHNFFID09CA,文賢段,78.08,都市：住
RPSNMLPKQHNFFHD56CA,華美段,.81,都市：住
RPSNMLPKQHNFFHD56CA,華美段,35.00,都市：住
RPTNMLPKQHNFFHD66CA,華美段,26.64,都市：住
RPTNMLPKQHNFFHD66CA,華美段,.81,都市：住
RPWNMLPLPHNFFHD96CA,新水段,1.41,都市：住
RPWNMLPLPHNFFHD96CA,新水段,75.35,都市：住
RPWNMLTJQHNFFHD27CA,大洲段,2142.00,非都市：一般農業區 ; 非都市編定：農牧用地
RPWNMLTJQHNFFHD27CA,大洲段,1279.67,非都市：一般農業區 ; 非都市編定：農牧用地
RPWNMLTJQHNFFHD27CA,大洲段,452.67,非都市：一般農業區 ; 非都市編定：農牧用地
RPQNMLPLPHNFFKD66CA,大灣段,165.00,都市：住
RPOOMLPKQHNFFHD88CA,中榮段,78.56,非都市：鄉村區 ; 非都市編定：乙種建築用地
RPPNMLPLPHNFFHD88CA,圳西段,12.85,都市：住
RPPNMLPLPHNFFHD88CA,圳西段,.09,都市：農
RPPNMLPLPHNFFHD88CA,圳西段,13.99,都市：住
RPSNMLKLQHNFFHD78CA,港口段,15.00,非都市：鄉村區 ; 非都市編定：乙種建築用地
RPSNMLKLQHNFFHD78CA,港口段,26.67,非都市：鄉村區 ; 非都市編定：乙種建築用地
RPQOMLQLPHNFFHD56CA,什美段,188.37,非都市：鄉村區 ; 非都市編定：乙種建築用地
RPSNMLSJQHNFFGD66CA,學甲段,248.00,非都市：一般農業區 ; 非都市編定：水利用地
RPXNMLQLPHNFFHD17CA,光華段,8.18,都市：農
RPXNMLQLPHNFFHD17CA,光華段,.51,都市：其他
RPQNMLPLPHNFFFD78CA,大屯寮段,1377.00,非都市：特定農業區 ; 非都市編定：農牧用地
RPRNMLRLPHNFFGD56CA,永興段,472.00,非都市：特定農業區 ; 非都市編定：農牧用地
RPRNMLRLPHNFFGD56CA,永興段,772.00,非都市：特定農業區 ; 非都市編定：農牧用地
RPRNMLRLPHNFFGD56CA,永興段,451.00,非都市：特定農業區 ; 非都市編定：農牧用地
RPTNMLQLPHNFFGD66CA,欣榮段,113.00,都市：住
RPTNMLPLPHNFFFD09CA,油車段,97.26,都市：住
RPTNMLPLPHNFFFD09CA,油車段,97.26,都市：住
RPRNMLQLPHNFFGD09CA,建南段,130.24,都市：住
RPUNMLRLPHNFFFD76CA,麻豆口段,3400.00,都市：工
RPQNMLQLPHNFFHD09CA,善新段,150.00,都市：住
RPQNMLQLPHNFFHD09CA,善新段,30.78,都市：住
RPTNMLKKQHNFFGD68CA,南海段,30.75,都市：住
RPTNMLKKQHNFFGD68CA,南海段,8.01,都市：住
RPXNMLKKQHNFFGD09CA,文化段,26.89,非都市：特定農業區 ; 非都市編定：甲種建築用地
RPXNMLKKQHNFFGD09CA,文化段,67.10,非都市：特定農業區 ; 非都市編定：甲種建築用地
RPXNMLKKQHNFFGD09CA,文化段,5.26,非都市：特定農業區 ; 非都市編定：丁種建築用地
RPWNMLQLPHNFFFD86CA,南段,1765.00,非都市：特定農業區 ; 非都市編定：丁種建築用地
RPWNMLQLPHNFFFD86CA,南段,2701.00,非都市：特定農業區 ; 非都市編定：丁種建築用地
RPWNMLQLPHNFFFD86CA,南段,41.00,非都市：特定農業區 ; 非都市編定：丁種建築用地
RPWNMLQLPHNFFFD86CA,南段,664.00,非都市：特定農業區 ; 非都市編定：丁種建築用地
RPPNMLTLPHNFFED98CA,詔安段,76.10,非都市：特定農業區 ; 非都市編定：甲種建築用地
RPSNMLTJQHNFFDD09CA,新電段,64.96,都市：住
RPPNMLRJQHNFFED68CA,河保段,94.72,都市：農
RPPNMLRJQHNFFED68CA,河保段,60.92,都市：農
RPPNMLRJQHNFFED68CA,河保段,290.20,都市：住
RPPNMLRJQHNFFED68CA,河保段,22.75,都市：住
RPPNMLRJQHNFFED68CA,河保段,24.24,都市：住
RPTNMLKMPHNFFFD68CA,北勢寮段,1000.00,非都市：一般農業區 ; 非都市編定：農牧用地
RPTNMLKMPHNFFFD68CA,北勢寮段,1600.00,非都市：一般農業區 ; 非都市編定：農牧用地
RPTNMLQLPHNFFED09CA,番子嶺段,3400.00,非都市：山坡地保育區 ; 非都市編定：農牧用地
RPPNMLQLPHNFFGD88CA,佳里段,129.17,都市：商
RPPNMLQLPHNFFGD88CA,佳里段,12.92,都市：商
RPPNMLQLPHNFFGD88CA,佳里段,12.92,都市：商
RPOOMLQKQHNFFFD78CA,民權段,19.17,都市：住
RPRNMLOKQHNFFED68CA,永安段,64.00,都市：商
RPOOMLQKQHNFFFD78CA,民權段,80.59,都市：住
RPVNMLLMPHNFFFD98CA,南段,902.00,非都市：特定農業區 ; 非都市編定：農牧用地
RPVNMLLMPHNFFFD98CA,南段,937.00,非都市：特定農業區 ; 非都市編定：農牧用地
RPQNMLPJQHNFFDD48CA,民族段,4.48,都市：商
RPQNMLPJQHNFFDD48CA,民族段,38.00,都市：商
RPQNMLPJQHNFFDD48CA,民族段,877.40,都市：商
RPQNMLPJQHNFFDD48CA,民族段,82.34,都市：商
RPQNMLPJQHNFFDD48CA,民族段,322.99,都市：商
RPQNMLPJQHNFFDD48CA,民族段,32.53,都市：商
RPUNMLPLPHNFFDD98CA,後鎮段,2056.00,都市：其他
RPTNMLPLPHNFFDD88CA,後鎮段,1007.00,都市：其他
RPPNMLKLQHNFFDD08CA,東興段,15.83,都市：住
RPPNMLKLQHNFFDD08CA,東興段,70.21,都市：住
RPSNMLPLPHNFFDD78CA,水秀段,10.62,都市：其他
RPSNMLPLPHNFFDD78CA,水秀段,64.03,都市：其他
RPPNMLRJQHNFFCD48CA,南豐段,164.00,都市：農
RPQNMLLJQHNFFFD28CA,東角段,104.23,都市：住
RPQNMLLJQHNFFFD28CA,東角段,15.61,都市：住
RPQNMLLJQHNFFFD28CA,東角段,.09,都市：住
RPQNMLLJQHNFFFD28CA,東角段,.21,都市：住
RPXNMLLLQHNFFCD88CA,東寧段,.33,都市：其他
RPXNMLLLQHNFFCD88CA,東寧段,20.71,都市：其他
RPXNMLLLQHNFFCD88CA,東寧段,3.05,都市：住
RPXNMLLLQHNFFCD88CA,東寧段,.05,都市：其他
RPXNMLLLQHNFFCD88CA,東寧段,17.38,都市：其他
RPXNMLLLQHNFFCD88CA,東寧段,.05,都市：住
RPWNMLLMPHNFFDD88CA,東興段,130.41,都市：住
RPXNMLLMPHNFFDD98CA,東興段,130.41,都市：住
RPVNMLLMPHNFFDD78CA,東興段,130.41,都市：住
RPWNMLQLPHNFFDD66CA,新電段,105.49,都市：住
RPOOMLOKQHNFFCD28CA,水交社段,40.54,都市：商
RPRNMLPKQHNFFCD58CA,新都心段,31.27,都市：住
RPQOMLPKQHNFFCD58CA,虎尾寮段,506.00,都市：其他
RPQOMLPKQHNFFCD58CA,鹽埕段,93.60,都市：其他
RPQOMLPKQHNFFCD58CA,大林段,67.10,都市：其他
RPXNMLPKQHNFFCD56CA,新東段,57.50,都市：其他
RPRPMLTJQHNFFCD09CA,新都心段,31.08,都市：住
RPXOMLTJQHNFFCD96CA,新都心段,31.27,都市：住
RPWOMLTJQHNFFCD86CA,新都心段,63.31,都市：住
RPOPMLTJQHNFFCD78CA,新都心段,31.65,都市：住
RPVOMLTJQHNFFCD76CA,新都心段,31.85,都市：住
RPUOMLTJQHNFFCD66CA,新都心段,33.37,都市：住
RPSPMLTJQHNFFCD56CA,新都心段,31.65,都市：住
RPQPMLTJQHNFFCD98CA,新都心段,31.65,都市：住
RPTPMLTJQHNFFCD66CA,新都心段,31.27,都市：住
RPOQMLTJQHNFFCD88CA,新都心段,33.37,都市：住
RPQOMLKMPHNFFCD18CA,東安段,39.00,都市：住
RPVPMLTJQHNFFCD86CA,新都心段,33.56,都市：住
RPWPMLTJQHNFFCD96CA,新都心段,31.65,都市：住
RPXPMLTJQHNFFCD07CA,新都心段,31.65,都市：住
RPPQMLTJQHNFFCD98CA,新都心段,31.65,都市：住
RPROMLOLPHNFFCD58CA,大山段,207.82,都市：住
RPSNMLKMPHNFFCD28CA,德高段,17.29,都市：住
RPQQMLTJQHNFFCD09CA,新都心段,33.18,都市：住
RPRNMLQLPHNFFCD68CA,仁和段,77.00,都市：住
RPWOMLQLPHNFFCD66CA,喜東段,83.00,都市：住
RPPOMLRKQHNFFBD58CA,溪東段,132.56,都市：住
RPSNMLSLPHNFFCD98CA,福吉段,82.00,都市：住
RPPNMLPJQHNFFBD18CA,新順段,10.22,都市：住
RPPNMLPJQHNFFBD18CA,新順段,10.22,都市：住
RPRNMLRKQHNFFBD68CA,科工段,16.45,都市：住
RPRNMLRKQHNFFBD68CA,科工段,112.40,都市：住
RPRNMLSJQHNFFBD68CA,溪東段,75.42,都市：住
RPRNMLSJQHNFFBD68CA,溪東段,2.95,都市：住
RPRNMLSJQHNFFBD68CA,溪東段,17.62,都市：住
RPVNMLPLPHNFFBD88CA,公學段,95.35,都市：住
RPPOMLPKQHNFFAD28CA,頂美段,16.48,都市：住
RPSQMLPKQHNFFAD78CA,頂美段,16.17,都市：住
RPOOMLPKQHNFFAD18CA,頂美段,12.12,都市：住
RPQQMLQLPHNFFAD68CA,金華段,93.00,都市：住
RPTQMLPKQHNFFAD88CA,頂美段,16.17,都市：住
RPUQMLPKQHNFFAD98CA,頂美段,12.43,都市：住
RPWQMLPKQHNFFAD56CA,頂美段,12.12,都市：住
RPVQMLPKQHNFFAD09CA,頂美段,16.17,都市：住
RPOOMLRLPHNFFAD38CA,金華段,2.86,都市：商
RPTNMLQLPHNFFAD68CA,裕民段,21.72,都市：住
RPSOMLRLPHNFFAD78CA,新南段,193.00,都市：住
RPSNMLOLPHNFFAD38CA,文元段,120.72,都市：住
RPPNMLRLPHNFFBD48CA,海北段,116.55,都市：住
RPSOMLQLPHNFFAD68CA,裕民段,26.84,都市：住
RPPOMLQLPHNFFAD38CA,裕民段,21.72,都市：住
RPUNMLQLPHNFFAD78CA,裕民段,18.93,都市：住
RPXNMLQLPHNFFAD09CA,裕民段,21.56,都市：住
RPUOMLQLPHNFFAD88CA,裕民段,21.87,都市：住
RPQOMLQLPHNFFAD48CA,裕民段,18.93,都市：住
RPXOMLQLPHNFFAD56CA,環河段,106.00,都市：住
RPRPMLQLPHNFFAD68CA,光賢段,118.82,都市：住
RPRPMLQLPHNFFAD68CA,光賢段,118.54,都市：住
RPRPMLQLPHNFFAD68CA,光賢段,118.82,都市：住
RPXOMLRLPHNFFAD66CA,北安段,308.31,都市：住
RPXOMLRLPHNFFAD66CA,北安段,77.08,都市：住
RPXOMLRLPHNFFAD66CA,北安段,113.31,都市：住
RPXOMLRLPHNFFAD66CA,北安段,28.33,都市：住
RPXOMLRLPHNFFAD66CA,北安段,516.34,都市：住
RPXOMLRLPHNFFAD66CA,北安段,129.08,都市：住
RPOQMLQLPHNFFAD48CA,金華段,18.06,都市：住
RPOQMLQLPHNFFAD48CA,金華段,.75,都市：住
RPRNMLRLPHNFFAD58CA,金城段,61.48,都市：住
RPQNMLSLPHNFFAD58CA,開元段,5.90,都市：商
RPQNMLSLPHNFFAD58CA,開元段,.28,都市：住
RPQNMLSLPHNFFAD58CA,開元段,.02,都市：其他
RPTPMLQLPHNFFAD88CA,郡王祠段,82.60,都市：住
RPPPMLRLPHNFFAD58CA,金城段,106.00,都市：住
RPUOMLRLPHNFFAD98CA,北元段,62.42,都市：商
RPTOMLRLPHNFFAD88CA,北元段,62.42,都市：商
RPWOMLRLPHNFFAD56CA,北元段,62.52,都市：商
RPUPMLSJQHNFFAD09CA,萬昌段,62.28,都市：商
RPUPMLSJQHNFFAD09CA,銀同段,12.85,都市：其他
RPXOMLSJQHNFFAD66CA,環河段,32.28,都市：住
RPTNMLQJQHNFFAD58CA,金城段,30.79,都市：商
RPPPMLSJQHNFFAD58CA,環河段,27.38,都市：住
RPUNMLRJQHNFFAD78CA,金城段,22.29,都市：商
RPUNMLRJQHNFFAD78CA,金城段,3.89,都市：商
RPRNMLQLPHNFFBD58CA,溪東段,1310.45,都市：住
RPRNMLQLPHNFFBD58CA,溪東段,4077.73,都市：住
RPXOMLQLPHNFFBD66CA,州南段,42.66,都市：住
RPXOMLQLPHNFFBD66CA,州南段,56.78,都市：住
RPQNMLQLPHNFFBD48CA,海東段,82.76,都市：住
RPRPMLQLPHNFFBD78CA,國安段,48.59,都市：住
RPXNMLRLPHNFFBD66CA,新淵段,15.64,都市：住
RPXNMLRLPHNFFBD66CA,新淵段,55.66,都市：住
RPWOMLKMPHNFFAD58CA,郡王祠段,91.76,都市：住
RPPNMLQJQHNFFBD28CA,新順段,1105.04,都市：住
RPTNMLKMPHNFFBD28CA,和農段,13.28,都市：農
RPTNMLKMPHNFFBD28CA,和農段,116.30,都市：農
RPOPMLLJQHNFFAD77CA,開元段,.03,都市：其他
RPOPMLLJQHNFFAD77CA,開元段,10.61,都市：商
RPOPMLLJQHNFFAD77CA,開元段,.51,都市：住
RPWNMLLLQHNFFAD58CA,頂美段,17.10,都市：住
RPUOMLRKQHNFFAD98CA,頂美段,16.48,都市：住
RPROMLRKQHNFFAD68CA,頂美段,20.83,都市：住
RPSOMLRKQHNFFAD78CA,頂美段,15.85,都市：住
RPTOMLRKQHNFFAD88CA,頂美段,16.17,都市：住
RPXNMLOKQHNFFBD98CA,科工段,16.45,都市：住
RPXNMLOKQHNFFBD98CA,科工段,112.49,都市：住
RPXNMLSJQHNFFBD66CA,安慶段,75.00,都市：住
RPVNMLKMPHNFFBD48CA,怡中段,.04,都市：住
RPVNMLKMPHNFFBD48CA,怡中段,.40,都市：住
RPVNMLKMPHNFFBD48CA,怡中段,4.68,都市：住
RPVNMLKMPHNFFBD48CA,怡中段,7.26,都市：住
RPVNMLKMPHNFFBD48CA,怡中段,2.20,都市：住
RPVNMLKMPHNFFBD48CA,安中段,.86,都市：住
RPVNMLKMPHNFFBD48CA,安中段,44.52,都市：住
RPVNMLKMPHNFFBD48CA,安中段,1.66,都市：住
RPVNMLKMPHNFFBD48CA,安中段,6.11,都市：住
RPVNMLKMPHNFFBD48CA,安中段,2.64,都市：住
RPVNMLKMPHNFFBD48CA,安中段,.04,都市：住
RPVNMLKMPHNFFBD48CA,安中段,2.00,都市：住
RPVNMLKMPHNFFBD48CA,安中段,.07,都市：住
RPVNMLKMPHNFFBD48CA,怡中段,.46,都市：住
RPSNMLOJQHNFFBD38CA,海東段,81.22,都市：住
RPPOMLMJQHNFFBD97CA,科工段,16.45,都市：住
RPPOMLMJQHNFFBD97CA,科工段,112.39,都市：住
RPTNMLKMPHNFFCD38CA,鹽埕段,4.96,都市：住
RPSNMLRJQHNFFBD68CA,州北段,.10,都市：其他
RPSNMLRJQHNFFBD68CA,州北段,113.90,都市：住
RPSOMLQLPHNFFCD88CA,永寧段,6.60,都市：其他
RPROMLQLPHNFFCD78CA,永寧段,132.10,都市：其他
RPOPMLRLPHNFFCD68CA,光明段,35.24,都市：住
RPOPMLRLPHNFFCD68CA,光明段,.86,都市：其他
RPTQMLRKQHNFFCD66CA,仁和段,32.93,都市：住
RPQNMLSKQHNFFCD78CA,仁和段,32.48,都市：住
RPSNMLSKQHNFFCD98CA,仁和段,24.70,都市：住
RPRNMLSKQHNFFCD88CA,仁和段,24.70,都市：住
RPUNMLSKQHNFFCD56CA,仁和段,24.24,都市：住
RPPNMLSKQHNFFCD68CA,仁和段,32.48,都市：住
RPQNMLRLPHNFFCD68CA,竹篙厝段,93.00,都市：住
RPTOMLRKQHNFFCD09CA,水交社段,13.14,都市：住
RPTOMLRKQHNFFCD09CA,水交社段,6.46,都市：住
RPTOMLRKQHNFFCD09CA,水交社段,6.39,都市：住
RPTNMLSKQHNFFCD09CA,仁和段,24.70,都市：住
RPWNMLSKQHNFFCD76CA,仁和段,32.93,都市：住
RPXNMLSKQHNFFCD86CA,仁和段,32.48,都市：住
RPPOMLSKQHNFFCD78CA,仁和段,37.05,都市：住
RPQOMLSKQHNFFCD88CA,仁和段,32.48,都市：住
RPROMLSKQHNFFCD98CA,仁和段,37.05,都市：住
RPOOMLSKQHNFFCD68CA,仁和段,24.70,都市：住
RPSOMLSKQHNFFCD09CA,仁和段,24.24,都市：住
RPXNMLQJQHNFFCD56CA,鹽埕段,14.02,都市：住
RPRNMLLJQHNFFFD38CA,東角段,117.25,都市：住
RPRNMLLJQHNFFFD38CA,東角段,15.61,都市：住
RPRNMLLJQHNFFFD38CA,東角段,.09,都市：住
RPRNMLLJQHNFFFD38CA,東角段,.21,都市：住
RPXNMLKMPHNFFFD09CA,社子段,442.30,非都市：一般農業區 ; 非都市編定：農牧用地
RPWNMLKMPHNFFFD98CA,社子段,68.00,非都市：一般農業區 ; 非都市編定：農牧用地
RPVNMLKMPHNFFFD88CA,社子段,4449.00,非都市：一般農業區 ; 非都市編定：農牧用地
RPOOMLQLPHNFFFD78CA,大屯寮段,1362.00,非都市：特定農業區 ; 非都市編定：農牧用地
RPPNMLLKQHNFFFD28CA,隆田段,28.97,都市：其他
RPRNMLLJQHNFFGD48CA,竹子港段,2011.00,非都市：特定農業區 ; 非都市編定：農牧用地
RPRNMLLJQHNFFGD48CA,竹子港段,1780.00,非都市：特定農業區 ; 非都市編定：農牧用地
RPSNMLPLPHNFFED88CA,永安段,100.00,都市：住
RPTNMLPLPHNFFHD66CA,信義段,23.95,都市：住
RPRNMLKMPHNFFED38CA,東興段,88.06,都市：住
RPPNMLTLPHNFFGD56CA,中洲南段,32.04,非都市：鄉村區 ; 非都市編定：乙種建築用地
RPPNMLTLPHNFFGD56CA,中洲南段,69.08,非都市：鄉村區 ; 非都市編定：乙種建築用地
RPQNMLOKQHNFFED58CA,頂中段,98.40,非都市：鄉村區 ; 非都市編定：乙種建築用地
RPQNMLKKQHNFFGD38CA,國中段,8.47,都市：其他
RPQNMLKKQHNFFGD38CA,國中段,66.67,都市：住
RPQNMLKKQHNFFGD38CA,國中段,.37,都市：住
RPUOMLQLPHNFFHD96CA,玉二段,4.07,都市：商
RPQNMLOKQHNFFGD78CA,新樂段,71.44,非都市：鄉村區 ; 非都市編定：乙種建築用地
RPPNMLRLPHNFFHD09CA,善中段,34.92,都市：其他
RPPNMLRLPHNFFHD09CA,善中段,41.77,都市：其他
RPPNMLRLPHNFFHD09CA,善中段,56.37,都市：其他
RPPNMLRLPHNFFHD09CA,善中段,158.89,都市：其他
RPUNMLOKQHNFFGD56CA,新樂段,80.18,非都市：鄉村區 ; 非都市編定：乙種建築用地
RPOOMLOKQHNFFGD68CA,新樂段,88.46,非都市：鄉村區 ; 非都市編定：乙種建築用地
RPTNMLOKQHNFFGD09CA,新樂段,81.45,非都市：鄉村區 ; 非都市編定：乙種建築用地
RPRNMLOKQHNFFGD88CA,新樂段,71.25,非都市：鄉村區 ; 非都市編定：乙種建築用地
RPSNMLOKQHNFFGD98CA,新樂段,73.41,非都市：鄉村區 ; 非都市編定：乙種建築用地
RPVNMLOKQHNFFGD66CA,新樂段,81.93,非都市：鄉村區 ; 非都市編定：乙種建築用地
RPPOMLQLPHNFFHD09CA,什美段,173.88,非都市：鄉村區 ; 非都市編定：乙種建築用地
RPXNMLPLPHNFFHD07CA,華興段,832.55,都市：其他
RPSNMLQLPHNFFID76CA,南雄段,110.00,都市：住
RPUOMLQLPHNFFID07CA,民生段,105.00,都市：住
RPUOMLQLPHNFFID07CA,民生段,25.09,都市：住
RPQNMLNKQHNFFID88CA,車頭段,2513.00,非都市：一般農業區 ; 非都市編定：農牧用地
RPWNMLLLQHNFFDD88CA,新營段,6.00,都市：住
RPWNMLLLQHNFFDD88CA,新營段,6.00,都市：住
RPWNMLLLQHNFFDD88CA,新營段,76.00,都市：住
RPWNMLLLQHNFFDD88CA,新營段,76.00,都市：住
RPPNMLMKQHNFFID68CA,車頭段,873.23,非都市：一般農業區 ; 非都市編定：農牧用地
RPVNMLLLQHNFFDD78CA,新營段,91.00,都市：住
RPWNMLKLQHNFFHD56CA,保安段,108.01,都市：住
RPOOMLRJQHNFFHD98CA,蘇興段,92.43,非都市：鄉村區 ; 非都市編定：乙種建築用地
RPTNMLMJQHNFFID98CA,二橋段,2827.00,非都市：特定農業區 ; 非都市編定：農牧用地
RPOOMLLMPHNFFID68CA,媽祖廟段三小段,125.00,非都市：鄉村區 ; 非都市編定：乙種建築用地
RPSNMLMJQHNFFHD78CA,蘇興段,81.71,非都市：鄉村區 ; 非都市編定：乙種建築用地
RPRPMLQLPHNFFKD07CA,頂南段,97.42,都市：其他
RPWNMLTJQHNFFID37CA,後壁段,112.62,都市：住
RPWNMLQLPHNFFHD07CA,圳西段,174.86,都市：住
RPWNMLQLPHNFFHD07CA,圳西段,5.99,都市：住
RPTOMLQJRHNFFID96CA,南勢園段,18.52,都市：農
RPTOMLQJRHNFFID96CA,南勢園段,628.48,都市：農
RPTOMLQJRHNFFID96CA,南勢園段,326.02,都市：農
RPTOMLQJRHNFFID96CA,南勢園段,326.02,都市：農
RPTOMLQJRHNFFID96CA,南勢園段,326.02,都市：農
RPOOMLKMPHNFFID58CA,文衡段,.25,都市：其他
RPOOMLKMPHNFFID58CA,文衡段,.25,都市：其他
RPOOMLKMPHNFFID58CA,文衡段,69.00,都市：住
RPOOMLKMPHNFFID58CA,文衡段,69.00,都市：住
RPOOMLKMPHNFFID58CA,文衡段,1.92,都市：住
RPOOMLKMPHNFFID58CA,文衡段,1.92,都市：住
RPQNMLLMPHNFFKD98CA,兵北段,13.37,都市：住
RPXNMLQJQHNFFKD37CA,南工段,7.58,都市：住
RPTOMLQJQHNFFID86CA,歸仁北段,15.71,都市：住
RPPNMLKMPHNFFKD78CA,保生段,103.57,都市：住
RPWOMLKMPHNFFKD96CA,三民段,1.03,都市：農
RPWOMLKMPHNFFKD96CA,三民段,76.74,都市：農
RPWOMLKMPHNFFKD96CA,三民段,128.71,都市：農
RPWOMLKMPHNFFKD96CA,三民段,57.76,都市：農
RPQNMLMKQHNFFKD98CA,車行段,47.00,都市：其他
RPTNMLQLPHNFFDD09DA,孫厝寮段孫厝寮小段,869.50,非都市：特定農業區 ; 非都市編定：農牧用地
RPVNMLKKQHNFFKD66CA,北灣段,73.50,都市：住
RPRNMLPLPHNFFFD98DA,安正段,1387.00,非都市：特定農業區 ; 非都市編定：農牧用地
RPPNMLRLPHNFFED88DA,下茄苳段,1100.00,非都市：特定農業區 ; 非都市編定：農牧用地
RPTNMLQLPHNFFFD66DA,護安段,27.06,都市：住
RPTOMLSJQHNFFKD27CA,永和段,72.44,都市：住
RPSNMLQLPHNFFFD56DA,隆田段,56.60,都市：住
RPXOMLMLQHNFFCD56DA,新東段,59.00,都市：住
RPWNMLMJQHNFFGD56DA,佳里段,4.00,都市：商
RPWNMLMJQHNFFGD56DA,佳里段,4.00,都市：商
RPQNMLRLPHNFFKD96DA,鹽西段,116.15,都市：工
RPQNMLRLPHNFFKD96DA,鹽西段,26.33,都市：工
RPVNMLQLPHNFFHD07DA,內庄子段,355.00,非都市：一般農業區 ; 非都市編定：農牧用地
RPVNMLQLPHNFFHD07DA,內庄子段,97.00,非都市：一般農業區 ; 非都市編定：農牧用地
RPPNMLKMPHNFFJD78DA,東勢段,136.18,都市：住
RPVNMLRLPHNFFBD56DA,總安段,119.00,都市：住
RPVNMLRLPHNFFBD56DA,總安段,7.00,都市：其他
RPVNMLRLPHNFFBD56DA,總安段,1.00,都市：其他
RPVNMLRLPHNFFBD56DA,總安段,59.20,都市：住
RPVNMLRLPHNFFBD56DA,總安段,1.00,都市：其他
RPVNMLRLPHNFFBD56DA,總安段,88.00,都市：住
RPVNMLRLPHNFFBD56DA,總安段,88.00,都市：住
RPVNMLRLPHNFFBD56DA,總安段,7.00,都市：住
RPTNMLRLPHNFFBD98DA,海北段,123.48,都市：住
RPTNMLRLPHNFFBD98DA,海北段,119.59,都市：住
RPTNMLRLPHNFFBD98DA,海北段,13.65,都市：其他
RPTNMLRLPHNFFBD98DA,海北段,14.18,都市：其他
RPWNMLMJQHNFFID76DA,松腳段,263.00,都市：住
RPRNMLQLPHNFFKD96DA,勝利段,13.57,都市：住
RPSNMLQLPHNFFCD98EA,東安段,5.49,都市：住
RPSNMLRLPHNFFID07EA,歸仁北段,49.00,都市：住
RPRNMLRLPHNFFID96EA,歸仁北段,49.00,都市：住
RPQNMLQJQHNFFHD09DA,看西段,180.00,都市：農
RPWNMLLJQHNFFHD56DA,大洲段,5988.00,非都市：一般農業區 ; 非都市編定：農牧用地
RPWNMLLJQHNFFHD56DA,大洲段,2511.00,非都市：一般農業區 ; 非都市編定：農牧用地
RPTNMLNJQHNFFKD76DA,兵北段,4.72,都市：住
RPRNMLNKQHNFFCD58EA,鹽埕段,14.00,都市：住
RPPNMLKMPHNFFBD97DA,海東段,28.72,都市：住
RPPNMLKMPHNFFBD97DA,海東段,77.70,都市：住
RPUNMLKLQHNFFCD58DA,裕東段,20.60,都市：住
RPUNMLKLQHNFFCD58DA,裕東段,73.34,都市：住
RPPOMLQLPHNFFCD68DA,竹篙厝段,140.00,都市：住
RPSOMLMLQHNFFKD86DA,忠孝段,101.30,都市：住
RPOOMLRJQHNFFKD66CA,永大段,270.46,都市：住
RPOOMLRJQHNFFKD66CA,永大段,68.49,都市：其他
RPQOMLLLQHNFFKD09CA,永康段,63.00,都市：其他
RPQOMLLLQHNFFKD09CA,永康段,110.00,都市：其他
RPQOMLLLQHNFFKD09CA,埔北段,142.05,都市：其他
RPRNMLRLPHNFFBD78DA,新順段,103.02,都市：住
RPOOMLKKQHNFFKD68CA,橋北段,31.74,都市：住
RPPOMLOKQHNFFKD56CA,三村段,7.71,都市：住
RPPOMLOKQHNFFKD56CA,三村段,23.60,都市：住
RPPOMLOKQHNFFKD56CA,三村段,24.43,都市：住
RPPOMLOKQHNFFKD56CA,三村段,11.26,都市：住
RPPOMLOKQHNFFKD56CA,三村段,37.07,都市：住
RPROMLLJQHNFFKD98CA,中興段,84.99,都市：住
RPSNMLMJQHNFFKD09CA,蜈蜞潭段,103.00,都市：住
RPPNMLSJQHNFFJD66CA,口宵里段,322.00,非都市： ; 非都市編定：
RPRNMLSJQHNFFJD86CA,口宵里段,21.00,非都市： ; 非都市編定：
RPRNMLSJQHNFFJD86CA,口宵里段,14.00,非都市： ; 非都市編定：
RPQNMLSJQHNFFJD76CA,口宵里段,35.00,非都市： ; 非都市編定：
RPQNMLSJQHNFFJD76CA,口宵里段,60.00,非都市： ; 非都市編定：
RPSNMLSJQHNFFJD96CA,口宵里段,31.00,非都市： ; 非都市編定：
RPSNMLSJQHNFFJD96CA,口宵里段,49.00,非都市：一般農業區 ; 非都市編定：農牧用地
RPPPMLKMPHNFFKD98CA,大灣段,97.00,都市：住
RPQNMLKMPHNFFKD88CA,文化段,84.49,都市：住
RPRNMLLMPHNFFKD09CA,鹽新段,32.94,都市：住
RPRNMLLMPHNFFKD09CA,鹽新段,32.94,都市：住
RPRNMLLMPHNFFKD09CA,鹽新段,4.71,都市：住
RPRNMLLMPHNFFKD09CA,鹽新段,4.71,都市：住
RPQNMLRLPHNFFID66CA,下湖段,1939.29,非都市：一般農業區 ; 非都市編定：農牧用地
RPPOMLMJQHNFFHD58CA,港口段,3748.00,非都市：一般農業區 ; 非都市編定：養殖用地
RPUNMLRJQHNFFID96CA,崙子頂段,1083.00,非都市：一般農業區 ; 非都市編定：農牧用地
RPOPMLRLPHNFFKD86CA,文化段,79.79,都市：住
RPWNMLLJQHNFFID56CA,新埔段,194.00,非都市：鄉村區 ; 非都市編定：乙種建築用地
RPQNMLKMPHNFFJD78CA,玉田段,86.12,都市：住
RPXNMLKMPHNFFHD66CA,頂山腳段,2289.00,非都市：一般農業區 ; 非都市編定：農牧用地
RPXNMLKMPHNFFHD66CA,頂山腳段,25.00,非都市：一般農業區 ; 非都市編定：農牧用地
RPXNMLKMPHNFFHD66CA,頂山腳段,53.00,非都市：一般農業區 ; 非都市編定：交通用地
RPXNMLKMPHNFFHD66CA,頂山腳段,403.00,非都市：一般農業區 ; 非都市編定：養殖用地
RPXNMLKMPHNFFHD66CA,頂山腳段,122.00,非都市：一般農業區 ; 非都市編定：交通用地
RPTNMLKKQHNFFID88CA,新工段,73.44,都市：住
RPWNMLLMPHNFFID76CA,武東段,117.07,都市：住
RPWNMLLMPHNFFID76CA,武東段,.25,都市：住
RPWNMLLMPHNFFID76CA,武東段,.46,都市：住
RPPNMLKKQHNFFHD38CA,新太段,293.07,都市：住
RPPNMLKKQHNFFHD38CA,新太段,85.46,都市：住
RPPNMLKKQHNFFHD38CA,新太段,15.58,都市：住
RPPPMLLJQHNFFHD58CA,成功段,52.00,都市：住
RPPPMLLJQHNFFHD58CA,成功段,20.25,都市：住
RPWOMLLJQHNFFHD56CA,竹子腳段,2.05,非都市：特定農業區 ; 非都市編定：甲種建築用地
RPWOMLLJQHNFFHD56CA,竹子腳段,1.78,非都市：特定農業區 ; 非都市編定：農牧用地
RPWOMLLJQHNFFHD56CA,竹子腳段,.32,非都市：特定農業區 ; 非都市編定：甲種建築用地
RPWOMLLJQHNFFHD56CA,竹子腳段,.94,非都市：特定農業區 ; 非都市編定：甲種建築用地
RPWOMLLJQHNFFHD56CA,竹子腳段,.27,非都市：特定農業區 ; 非都市編定：甲種建築用地
RPWOMLLJQHNFFHD56CA,竹子腳段,.01,非都市：特定農業區 ; 非都市編定：甲種建築用地
RPWOMLLJQHNFFHD56CA,竹子腳段,.19,非都市：特定農業區 ; 非都市編定：甲種建築用地
RPWOMLLJQHNFFHD56CA,竹子腳段,.14,非都市：特定農業區 ; 非都市編定：甲種建築用地
RPWOMLLJQHNFFHD56CA,頂山腳段,.31,非都市：特定農業區 ; 非都市編定：甲種建築用地
RPWOMLLJQHNFFHD56CA,頂山腳段,15.71,非都市：特定農業區 ; 非都市編定：交通用地
RPWOMLLJQHNFFHD56CA,頂山腳段,83.00,非都市：特定農業區 ; 非都市編定：甲種建築用地
RPWOMLLJQHNFFHD56CA,頂山腳段,.05,非都市：特定農業區 ; 非都市編定：甲種建築用地
RPWOMLLJQHNFFHD56CA,頂山腳段,1.40,非都市：特定農業區 ; 非都市編定：甲種建築用地
RPWOMLLJQHNFFHD56CA,頂山腳段,21.00,非都市：特定農業區 ; 非都市編定：水利用地
RPQOMLKMPHNFFHD68CA,社內段,3.92,非都市：特定農業區 ; 非都市編定：交通用地
RPQOMLKMPHNFFHD68CA,社內段,.50,非都市：特定農業區 ; 非都市編定：交通用地
RPQOMLKMPHNFFHD68CA,社內段,103.52,非都市：特定農業區 ; 非都市編定：農牧用地
RPVNMLOKQHNFFHD76CA,新北段,103.46,都市：住
RPQNMLQLPHNFFGD98CA,南海埔段,575.50,非都市：特定農業區 ; 非都市編定：農牧用地
RPUNMLLMPHNFFGD98CA,宅子港段,12384.00,非都市：一般農業區 ; 非都市編定：養殖用地
RPTNMLRLPHNFFFD66CA,東角段,18.05,都市：住
RPTNMLRLPHNFFFD66CA,東角段,.76,都市：住
RPPOMLRJQHNFFGD98CA,八分段,22.92,非都市：鄉村區 ; 非都市編定：交通用地
RPPOMLRJQHNFFGD98CA,八分段,438.00,非都市：鄉村區 ; 非都市編定：乙種建築用地
RPPOMLRJQHNFFGD98CA,八分段,76.67,非都市：鄉村區 ; 非都市編定：乙種建築用地
RPOOMLKMPHNFFFD28CA,蒙正段,513.75,非都市：一般農業區 ; 非都市編定：農牧用地
RPQOMLRJQHNFFGD09CA,八分段,13.75,非都市：鄉村區 ; 非都市編定：交通用地
RPQOMLRJQHNFFGD09CA,八分段,264.00,非都市：鄉村區 ; 非都市編定：乙種建築用地
RPQOMLRJQHNFFGD09CA,八分段,46.00,非都市：鄉村區 ; 非都市編定：乙種建築用地
RPSNMLKMPHNFFED48CA,菁寮段,2316.00,非都市：特定農業區 ; 非都市編定：農牧用地
RPSNMLKMPHNFFED48CA,菁寮段,1713.00,非都市：特定農業區 ; 非都市編定：農牧用地
RPSNMLKMPHNFFED48CA,菁寮段,385.00,非都市：特定農業區 ; 非都市編定：農牧用地
RPSNMLKMPHNFFED48CA,菁寮段,54.00,非都市：特定農業區 ; 非都市編定：農牧用地
RPQOMLKMPHNFFFD48CA,朝天段,440.25,非都市：鄉村區 ; 非都市編定：乙種建築用地
RPPPMLRKQHNFFCD78CA,水交社段,12.32,都市：住
RPPPMLRKQHNFFCD78CA,水交社段,6.06,都市：住
RPPPMLRKQHNFFCD78CA,水交社段,5.99,都市：住
RPQPMLRKQHNFFCD88CA,水交社段,13.14,都市：住
RPQPMLRKQHNFFCD88CA,水交社段,6.46,都市：住
RPQPMLRKQHNFFCD88CA,水交社段,6.39,都市：住
RPSNMLSJQHNFFFD56CA,龍泉段,157.46,都市：住
RPUNMLKMPHNFFFD78CA,番子田段,82.00,非都市：鄉村區 ; 非都市編定：乙種建築用地
RPSNMLKMPHNFFDD38CA,歡雅段,6.00,非都市：鄉村區 ; 非都市編定：交通用地
RPSNMLKMPHNFFDD38CA,歡雅段,6.00,非都市：鄉村區 ; 非都市編定：交通用地
RPSNMLKMPHNFFDD38CA,歡雅段,437.26,非都市：鄉村區 ; 非都市編定：乙種建築用地
RPSNMLKMPHNFFDD38CA,歡雅段,437.26,非都市：鄉村區 ; 非都市編定：乙種建築用地
RPUNMLQLPHNFFDD09CA,新岸段,172.83,都市：其他
RPRNMLQLPHNFFDD78CA,大腿段,1637.00,非都市：特定農業區 ; 非都市編定：農牧用地
RPQNMLKMPHNFFFD38CA,南段,99.00,都市：住
RPQNMLKMPHNFFFD38CA,南段,14.62,都市：住
RPQOMLMJQHNFFGD58CA,營段,2.51,非都市：鄉村區 ; 非都市編定：乙種建築用地
RPQOMLMJQHNFFGD58CA,營段,77.58,非都市：鄉村區 ; 非都市編定：乙種建築用地
RPVNMLQLPHNFFDD56CA,茄苳段,86.00,都市：住
RPPNMLKKQHNFFCD87CA,竹篙厝段,120.00,都市：住
RPXNMLKKQHNFFCD68CA,泉南段,14.83,都市：住
RPXNMLKKQHNFFCD68CA,泉南段,4.64,都市：商
RPRNMLTJQHNFFCD88CA,正義段,17.51,都市：其他
RPXNMLLJQHNFFDD78CA,新榮段,2170.34,都市：工
RPQOMLKKQHNFFCD08CA,德高段,34.01,都市：住
RPTNMLTJQHNFFCD09CA,大山段,27.05,都市：住
RPRPMLLLQHNFFCD48CA,鹽埕段,26.02,都市：住
RPSOMLRKQHNFFCD98CA,水交社段,12.32,都市：住
RPSOMLRKQHNFFCD98CA,水交社段,6.06,都市：住
RPSOMLRKQHNFFCD98CA,水交社段,5.99,都市：住
RPPNMLLJQHNFFDD97CA,東興段,130.41,都市：住
RPUNMLQJQHNFFDD98CA,竹圍尾段,1560.00,都市：工
RPUNMLQJQHNFFDD98CA,竹圍尾段,1560.00,都市：工
RPUNMLQJQHNFFDD98CA,竹圍尾段,1560.00,都市：工
RPUNMLQJQHNFFDD98CA,竹圍尾段,1716.00,都市：工
RPUNMLQJQHNFFDD98CA,竹圍尾段,3494.00,都市：工
RPQNMLPKQHNFFCD48CA,鹽埕段,424.53,都市：其他
RPUNMLRJQHNFFCD98CA,虎尾寮段,11.31,都市：住
RPUNMLRJQHNFFCD98CA,虎尾寮段,.01,都市：住
RPPNMLRKQHNFFCD58CA,水交社段,10.00,都市：住
RPPNMLRKQHNFFCD58CA,水交社段,6.32,都市：住
RPPNMLRKQHNFFCD58CA,水交社段,9.91,都市：住
RPSOMLQKQHNFFCD88CA,新東段,9.29,都市：住
RPSOMLQKQHNFFCD88CA,新東段,.84,都市：住
RPROMLRJQHNFFCD78CA,德高段,72.00,都市：住
RPSNMLRLPHNFFCD88CA,虎尾寮段,22.99,都市：住
RPSNMLRLPHNFFCD88CA,虎尾寮段,2.98,都市：其他
RPPOMLPKQHNFFBD38CA,怡中段,959.25,都市：其他
RPPOMLPKQHNFFBD38CA,怡中段,483.82,都市：其他
RPWNMLRLPHNFFCD66CA,新興段,86.00,都市：住
RPQOMLRLPHNFFCD78CA,華南段,79.25,都市：住
RPXOMLRLPHNFFCD86CA,仁和段,20.86,都市：住
RPXOMLRLPHNFFCD86CA,仁和段,53.00,都市：住
RPTOMLRLPHNFFCD09CA,竹篙厝段,14.56,都市：商
RPQNMLKMPHNFFBD97CA,總安段,44.00,都市：其他
RPRNMLKMPHNFFBD08CA,佃北段,19.23,都市：其他
RPSNMLQKQHNFFBD68CA,國安段,87.62,都市：住
RPSNMLQKQHNFFBD68CA,國安段,4.25,都市：其他
RPUNMLKMPHNFFBD38CA,新順段,8.88,都市：住
RPUNMLKMPHNFFBD38CA,新順段,65.90,都市：住
RPUNMLLJQHNFFCD38CA,喜東段,70.00,都市：住
RPUNMLLJQHNFFCD38CA,喜東段,17.00,都市：住
RPTNMLQLPHNFFBD78CA,淵北段,120.17,都市：住
RPUOMLLJQHNFFCD48CA,裕東段,77.96,都市：住
RPUOMLLJQHNFFCD48CA,裕東段,1.94,都市：住
RPVNMLQJQHNFFBD88CA,公塭段,183.36,都市：住
RPTNMLLJQHNFFCD28CA,喜東段,84.00,都市：住
RPRNMLLJQHNFFBD97CA,海北段,666.60,都市：農
RPTOMLTJQHNFFBD09CA,學東段,82.57,都市：住
RPQNMLOLQHNFFAD28CA,北元段,29.64,都市：住
RPXNMLOLQHNFFAD98CA,北元段,20.10,都市：住
RPOOMLOLQHNFFAD18CA,北元段,19.88,都市：住
RPRNMLOLQHNFFAD38CA,北元段,21.22,都市：住
RPSNMLOLQHNFFAD48CA,北元段,21.44,都市：住
RPWNMLOLQHNFFAD88CA,北元段,24.25,都市：住
RPUNMLOLQHNFFAD68CA,北元段,21.44,都市：住
RPVNMLOLQHNFFAD78CA,北元段,24.25,都市：住
RPTNMLOLQHNFFAD58CA,北元段,26.61,都市：住
RPUNMLMJQHNFFBD38CA,安西段,23.69,都市：住
RPUNMLMJQHNFFBD38CA,安西段,76.19,都市：住
RPSNMLKKQHNFFAD97CA,北華段,32.20,都市：商
RPQNMLPKQHNFFAD28CA,仁愛段,28.50,都市：其他
RPQNMLPKQHNFFAD28CA,仁愛段,2.00,都市：其他
RPQNMLPKQHNFFAD28CA,小北段,208.70,都市：其他
RPQNMLPKQHNFFAD28CA,小北段,128.49,都市：其他
RPWOMLKKQHNFFAD48CA,開元段,.03,都市：其他
RPWOMLKKQHNFFAD48CA,開元段,10.94,都市：商
RPWOMLKKQHNFFAD48CA,開元段,.52,都市：住
RPQPMLRLPHNFFAD68CA,開元段,2.63,都市：商
RPVPMLPKQHNFFAD98CA,白金段,50.24,都市：商
RPUOMLKMPHNFFAD38CA,北元段,13.37,都市：住
RPRNMLNKQHNFFAD18CA,金城段,42.59,都市：住
RPXNMLKMPHNFFAD58CA,北元段,31.41,都市：住
RPRNMLPKQHNFFAD38CA,小北段,3.02,都市：其他
RPPNMLLMPHNFFAD87CA,赤崁段,.20,都市：其他
RPPNMLLMPHNFFAD87CA,赤崁段,2.48,都市：商
RPRNMLKMPHNFFAD97CA,新南段,53.22,都市：住
RPPNMLQKQHNFFAD28CA,妙壽段,22.02,都市：住
RPXOMLLJQHNFFAD58CA,北元段,18.84,都市：住
RPXOMLLJQHNFFAD58CA,北元段,57.78,都市：住
RPQOMLKMPHNFFAD97CA,金華段,6.65,都市：住
RPTNMLPKQHNFFAD58CA,環河段,22.39,都市：住
RPVOMLKMPHNFFAD48CA,立人段,21.00,都市：住
RPSOMLLMPHNFFAD28CA,郡王祠段,61.41,都市：住
RPTOMLNJQHNFFAD38CA,開元段,.02,都市：其他
RPTOMLNJQHNFFAD38CA,開元段,5.47,都市：商
RPTOMLNJQHNFFAD38CA,開元段,.26,都市：住
RPTOMLKMPHNFFAD28CA,上鯤鯓段,68.25,都市：住
RPSNMLPKQHNFFAD48CA,成光段,133.97,都市：住
RPOPMLRLPHNFFAD48CA,北元段,20.40,都市：住
RPOPMLRLPHNFFAD48CA,北元段,64.20,都市：住
RPXOMLKMPHNFFAD68CA,自強段,16.00,都市：其他
RPXOMLKMPHNFFAD68CA,自強段,11.00,都市：商
RPXOMLKMPHNFFAD68CA,自強段,143.00,都市：商
RPXOMLKMPHNFFAD68CA,自強段,37.00,都市：商
RPSNMLLJQHNFFAD97CA,金華段,20.26,都市：住
RPWNMLLJQHNFFAD38CA,環河段,11.07,都市：住
RPWQMLKKQHNFFAD68CA,東豐段,13.30,都市：住
RPPPMLKMPHNFFAD97CA,東豐段,42.12,都市：住
RPPPMLKMPHNFFAD97CA,東豐段,15.00,都市：住
RPPPMLKMPHNFFAD97CA,東豐段,3.38,都市：其他
RPPPMLKMPHNFFAD97CA,東豐段,.12,都市：其他
RPSNMLQKQHNFFAD58CA,金城段,15.01,都市：商
RPQOMLRLPHNFFBD68CA,溪東段,74.70,都市：住
RPTOMLLJQHNFFAD18CA,金華段,90.00,都市：住
RPXOMLRKQHNFFAD66CA,北元段,2.16,都市：住
RPXOMLRKQHNFFAD66CA,北元段,109.91,都市：住
RPXOMLRKQHNFFAD66CA,北元段,2.64,都市：住
RPXNMLTJQHNFFAD66CA,金城段,5.75,都市：住
RPPNMLNJQHNFFBD97CA,東和段,67.25,都市：農
RPPNMLNJQHNFFBD97CA,東和段,503.42,都市：農
RPUNMLTJQHNFFAD98CA,開元段,59.00,都市：住
RPSNMLRLQHNFFAD78CA,頂美段,17.10,都市：住
RPOOMLNJQHNFFBD97CA,國安段,185.82,都市：住
RPOOMLNJQHNFFBD97CA,國安段,185.82,都市：住
RPXNMLKMPHNFFCD78CA,虎尾寮段,32.02,都市：住
RPSNMLLMPHNFFCD38CA,大同段,10.72,都市：其他
RPSNMLLMPHNFFCD38CA,大同段,72.73,都市：住
RPTNMLLMPHNFFBD38CA,怡中段,7.52,都市：住
RPTNMLLMPHNFFBD38CA,怡中段,2.28,都市：住
RPTNMLLMPHNFFBD38CA,安中段,.89,都市：住
RPTNMLLMPHNFFBD38CA,安中段,1.72,都市：住
RPTNMLLMPHNFFBD38CA,安中段,6.33,都市：住
RPTNMLLMPHNFFBD38CA,安中段,2.74,都市：住
RPTNMLLMPHNFFBD38CA,安中段,.04,都市：住
RPTNMLLMPHNFFBD38CA,安中段,2.07,都市：住
RPTNMLLMPHNFFBD38CA,安中段,.07,都市：住
RPTNMLLMPHNFFBD38CA,怡中段,.47,都市：住
RPTNMLLMPHNFFBD38CA,怡中段,.04,都市：住
RPTNMLLMPHNFFBD38CA,怡中段,.41,都市：住
RPTNMLLMPHNFFBD38CA,怡中段,4.85,都市：住
RPTNMLLMPHNFFBD38CA,怡中段,41.97,都市：住
RPTNMLLMPHNFFBD38CA,怡中段,.02,都市：其他
RPPNMLLJQHNFFCD87CA,喜東段,65.00,都市：住
RPPNMLLJQHNFFCD87CA,喜東段,21.00,都市：住
RPRNMLLJQHNFFCD08CA,喜東段,84.00,都市：住
RPSOMLLLQHNFFAD28CA,頂美段,15.23,都市：住
RPSNMLLJQHNFFCD18CA,虎尾寮段,6.62,都市：住
RPOPMLPKQHNFFCD48CA,南山段,270.00,都市：住
RPOPMLPKQHNFFCD48CA,南山段,128.00,都市：其他
RPOPMLPKQHNFFCD48CA,南山段,48.00,都市：住
RPUQMLTJQHNFFCD86CA,仁和段,71.00,都市：住
RPPOMLLLQHNFFAD97CA,頂美段,20.52,都市：住
RPVNMLLMPHNFFCD68CA,新都段,81.00,都市：住
RPRNMLRKQHNFFCD78CA,水交社段,7.43,都市：住
RPRNMLRKQHNFFCD78CA,水交社段,4.69,都市：住
RPRNMLRKQHNFFCD78CA,水交社段,7.36,都市：住
RPUNMLKMPHNFFDD58CA,溪洲寮段頂溪洲寮小段,1956.00,非都市：特定農業區 ; 非都市編定：農牧用地
RPUNMLKMPHNFFDD58CA,溪洲寮段頂溪洲寮小段,2151.00,非都市：特定農業區 ; 非都市編定：農牧用地
RPUNMLKMPHNFFDD58CA,溪洲寮段頂溪洲寮小段,2151.00,非都市：特定農業區 ; 非都市編定：農牧用地
RPQNMLRKQHNFFCD68CA,水交社段,7.43,都市：住
RPQNMLRKQHNFFCD68CA,水交社段,4.69,都市：住
RPQNMLRKQHNFFCD68CA,水交社段,7.36,都市：住
RPSNMLLJQHNFFDD28CA,新東段,112.84,都市：住
RPOOMLKLQHNFFCD97CA,裕東段,34.89,都市：住
RPQNMLQKQHNFFCD58CA,裕東段,28.74,都市：住
RPQNMLQKQHNFFCD58CA,裕東段,56.45,都市：住
RPWNMLOKQHNFFCD98CA,虎尾寮段,84.00,都市：住
RPQNMLOKQHNFFCD38CA,公英段,56.69,都市：住
RPPNMLKMPHNFFDD08CA,三興段,1205.01,都市：住
RPVPMLRKQHNFFCD76CA,水交社段,10.04,都市：住
RPVPMLRKQHNFFCD76CA,水交社段,4.94,都市：住
RPVPMLRKQHNFFCD76CA,水交社段,4.88,都市：住
RPRNMLKMPHNFFDD28CA,新東段,255.53,都市：住
RPTNMLMLQHNFFCD58CA,裕東段,41.00,都市：住
RPRPMLRKQHNFFCD98CA,水交社段,12.82,都市：住
RPRPMLRKQHNFFCD98CA,水交社段,6.30,都市：住
RPRPMLRKQHNFFCD98CA,水交社段,6.23,都市：住
RPQNMLKMPHNFFDD18CA,岸南段,3523.00,非都市：特定農業區 ; 非都市編定：農牧用地
RPQNMLKMPHNFFDD18CA,岸南段,1000.00,非都市：特定農業區 ; 非都市編定：農牧用地
RPPOMLLLQHNFFCD18CA,裕東段,44.74,都市：住
RPTOMLLJQHNFFCD38CA,仁和段,26.80,都市：住
RPTOMLLJQHNFFCD38CA,仁和段,26.80,都市：住
RPXNMLLMPHNFFFD56CA,大埤段,1.87,都市：住
RPXNMLLMPHNFFFD56CA,大埤段,127.82,都市：住
RPROMLKKQHNFFFD48CA,謝厝寮段,26.42,非都市：鄉村區 ; 非都市編定：乙種建築用地
RPROMLKKQHNFFFD48CA,謝厝寮段,99.00,非都市：鄉村區 ; 非都市編定：乙種建築用地
RPTOMLKKQHNFFFD68CA,謝厝寮段,26.42,非都市：鄉村區 ; 非都市編定：乙種建築用地
RPTOMLKKQHNFFFD68CA,謝厝寮段,95.00,非都市：鄉村區 ; 非都市編定：乙種建築用地
RPUOMLKKQHNFFFD78CA,謝厝寮段,86.00,非都市：鄉村區 ; 非都市編定：乙種建築用地
RPUOMLKKQHNFFFD78CA,謝厝寮段,26.42,非都市：鄉村區 ; 非都市編定：乙種建築用地
RPUNMLOKQHNFFFD09CA,謝厝寮段,99.00,非都市：鄉村區 ; 非都市編定：乙種建築用地
RPUNMLOKQHNFFFD09CA,謝厝寮段,26.42,非都市：鄉村區 ; 非都市編定：乙種建築用地
RPTNMLOKQHNFFFD98CA,謝厝寮段,96.00,非都市：鄉村區 ; 非都市編定：乙種建築用地
RPTNMLOKQHNFFFD98CA,謝厝寮段,26.42,非都市：鄉村區 ; 非都市編定：乙種建築用地
RPSNMLOKQHNFFFD88CA,謝厝寮段,26.42,非都市：鄉村區 ; 非都市編定：乙種建築用地
RPSNMLOKQHNFFFD88CA,謝厝寮段,105.00,非都市：鄉村區 ; 非都市編定：乙種建築用地
RPPNMLKMPHNFFFD28CA,番子渡頭段,3770.00,非都市：一般農業區 ; 非都市編定：農牧用地
RPPNMLKMPHNFFFD28CA,番子渡頭段,365.00,非都市：一般農業區 ; 非都市編定：農牧用地
RPSNMLLJQHNFFGD58CA,西港段,120.00,都市：住
RPQNMLQJQHNFFGD88CA,後營段,693.00,非都市：鄉村區 ; 非都市編定：乙種建築用地
RPQNMLQJQHNFFGD88CA,後營段,97.00,非都市：鄉村區 ; 非都市編定：交通用地
RPQNMLQJQHNFFGD88CA,後營段,121.50,非都市：鄉村區 ; 非都市編定：乙種建築用地
RPQNMLQJQHNFFGD88CA,後營段,9.00,非都市：鄉村區 ; 非都市編定：乙種建築用地
RPOOMLLMPHNFFGD48CA,佳里段,154.00,都市：其他
RPOOMLLMPHNFFGD48CA,佳里段,294.00,都市：其他
RPOOMLLMPHNFFGD48CA,佳里段,69.09,都市：其他
RPWNMLLMPHNFFGD56CA,唐盟段,2358.00,非都市：工業區 ; 非都市編定：丁種建築用地
RPWNMLLMPHNFFGD56CA,唐盟段,6605.62,非都市：工業區 ; 非都市編定：丁種建築用地
RPROMLKMPHNFFHD78CA,東大社段,1584.00,非都市：特定農業區 ; 非都市編定：農牧用地
RPRNMLKLQHNFFDD28CA,大公段,24.96,都市：住
RPRNMLKLQHNFFDD28CA,大公段,79.05,都市：住
RPQNMLQKQHNFFFD88CA,麻口段,21.07,都市：住
RPQNMLQKQHNFFFD88CA,麻口段,89.72,都市：住
RPRNMLKMPHNFFGD58CA,南海埔段,500.00,非都市： ; 非都市編定：
RPWNMLKMPHNFFHD56CA,竹子腳段,49.00,非都市：特定農業區 ; 非都市編定：甲種建築用地
RPWNMLKMPHNFFHD56CA,竹子腳段,17.61,非都市：特定農業區 ; 非都市編定：交通用地
RPWNMLKMPHNFFHD56CA,竹子腳段,15.00,非都市：特定農業區 ; 非都市編定：甲種建築用地
RPWNMLKMPHNFFHD56CA,竹子腳段,19.00,非都市：特定農業區 ; 非都市編定：甲種建築用地
RPPOMLLLQHNFFDD28CA,復興段,29.91,都市：住
RPPOMLLLQHNFFDD28CA,復興段,28.60,都市：住
RPPNMLKMPHNFFHD48CA,善新段,150.00,都市：住
RPPNMLKMPHNFFHD48CA,善新段,24.68,都市：住
RPQNMLKMPHNFFHD58CA,善新段,206.09,都市：住
RPQNMLKMPHNFFHD58CA,善新段,24.68,都市：住
RPQNMLPKQHNFFGD88CA,學甲段,537.75,非都市：河川區 ; 非都市編定：農牧用地
RPQNMLPKQHNFFGD88CA,學甲段,683.88,非都市：河川區 ; 非都市編定：農牧用地
RPOOMLKMPHNFFHD48CA,社內段,1.00,非都市：河川區 ; 非都市編定：交通用地
RPOOMLKMPHNFFHD48CA,社內段,17.00,非都市：河川區 ; 非都市編定：交通用地
RPOOMLKMPHNFFHD48CA,社內段,2.00,非都市：河川區 ; 非都市編定：交通用地
RPOOMLKMPHNFFHD48CA,社內段,12.00,非都市：河川區 ; 非都市編定：農牧用地
RPOOMLKMPHNFFHD48CA,社內段,3.00,非都市：河川區 ; 非都市編定：交通用地
RPOOMLKMPHNFFHD48CA,社內段,15.00,非都市：特定農業區 ; 非都市編定：交通用地
RPOOMLKMPHNFFHD48CA,社內段,1.00,非都市：河川區 ; 非都市編定：交通用地
RPOOMLKMPHNFFHD48CA,社內段,1.00,非都市：河川區 ; 非都市編定：交通用地
RPOOMLKMPHNFFHD48CA,社內段,8.00,非都市：河川區 ; 非都市編定：交通用地
RPOOMLKMPHNFFHD48CA,社內段,15.00,非都市：河川區 ; 非都市編定：交通用地
RPOOMLKMPHNFFHD48CA,社內段,735.00,非都市：河川區 ; 非都市編定：交通用地
RPOOMLKMPHNFFHD48CA,社內段,1060.00,非都市：河川區 ; 非都市編定：交通用地
RPOOMLKMPHNFFHD48CA,社內段,33.00,非都市：河川區 ; 非都市編定：交通用地
RPOOMLKMPHNFFHD48CA,社內段,10.00,非都市：河川區 ; 非都市編定：交通用地
RPOOMLKMPHNFFHD48CA,社內段,5.00,非都市：河川區 ; 非都市編定：交通用地
RPOOMLKMPHNFFHD48CA,社內段,30.00,非都市：河川區 ; 非都市編定：交通用地
RPOOMLKMPHNFFHD48CA,社內段,33.00,非都市：一般農業區 ; 非都市編定：交通用地
RPOOMLKMPHNFFHD48CA,社內段,93.00,非都市：特定專用區 ; 非都市編定：交通用地
RPOOMLKMPHNFFHD48CA,社內段,248.00,非都市：特定專用區 ; 非都市編定：交通用地
RPOOMLKMPHNFFHD48CA,大洲段,162.00,非都市：河川區 ; 非都市編定：交通用地
RPOOMLKMPHNFFHD48CA,大洲段,66.00,非都市：河川區 ; 非都市編定：交通用地
RPOOMLKMPHNFFHD48CA,大洲段,78.00,非都市：河川區 ; 非都市編定：交通用地
RPOOMLKMPHNFFHD48CA,大洲段,238.00,非都市：河川區 ; 非都市編定：交通用地
RPOOMLKMPHNFFHD48CA,大洲段,73.00,非都市：河川區 ; 非都市編定：交通用地
RPQNMLPKQHNFFFD78CA,麻口段,86.63,都市：住
RPVNMLMJQHNFFGD98CA,新宅段,97.00,非都市：鄉村區 ; 非都市編定：乙種建築用地
RPSNMLPKQHNFFFD98CA,謝厝寮段,26.42,非都市：鄉村區 ; 非都市編定：乙種建築用地
RPSNMLPKQHNFFFD98CA,謝厝寮段,92.00,非都市：鄉村區 ; 非都市編定：乙種建築用地
RPPNMLQKQHNFFFD78CA,麻口段,88.40,都市：住
RPOPMLLJQHNFFHD48CA,成功段,52.00,都市：住
RPOPMLLJQHNFFHD48CA,成功段,20.25,都市：住
RPROMLQJQHNFFHD56CA,六分寮段,575.40,非都市：特定農業區 ; 非都市編定：農牧用地
RPQPMLLJQHNFFHD68CA,成功段,52.00,都市：住
RPQPMLLJQHNFFHD68CA,成功段,20.25,都市：住
RPXNMLLMPHNFFID86CA,南雄段,1.00,都市：住
RPXNMLLMPHNFFID86CA,南雄段,92.00,都市：住
RPRNMLLMPHNFFID88CA,布袋尾段,156.82,非都市：一般農業區 ; 非都市編定：甲種建築用地
RPRNMLLMPHNFFID88CA,布袋尾段,3.33,非都市：一般農業區 ; 非都市編定：交通用地
RPRNMLLMPHNFFID88CA,布袋尾段,.37,非都市：一般農業區 ; 非都市編定：交通用地
RPTOMLKMPHNFFID09CA,大成段,79.39,都市：住
RPUNMLLJQHNFFHD88CA,東潭頂段,67.00,非都市：特定農業區 ; 非都市編定：甲種建築用地
RPSNMLRJQHNFFID76CA,昭德段,1177.43,非都市：一般農業區 ; 非都市編定：農牧用地
RPROMLLMPHNFFID98CA,南雄段,83.00,都市：住
RPROMLLMPHNFFID98CA,南雄段,1.00,都市：住
RPPOMLLMPHNFFID78CA,南雄段,1.00,都市：住
RPPOMLLMPHNFFID78CA,南雄段,83.00,都市：住
RPPNMLLMPHNFFID68CA,八甲段,10.67,非都市：特定農業區 ; 非都市編定：甲種建築用地
RPPNMLLMPHNFFID68CA,八甲段,65.00,非都市：特定農業區 ; 非都市編定：甲種建築用地
RPQNMLMJQHNFFID68CA,五甲段,2711.00,都市：農
RPQNMLMJQHNFFID68CA,五甲段,727.00,都市：農
RPPNMLSLPHNFFKD86CA,東南段,34.17,都市：住
RPPNMLOKQHNFFJD98CA,玉田段,88.08,都市：商
RPPNMLOKQHNFFJD98CA,玉田段,12.15,都市：商
RPQNMLNJQHNFFID78CA,南花段,75.75,都市：住
RPVNMLKLQHNFFID56CA,歸仁北段,310.00,都市：住
RPQOMLKMPHNFFKD98CA,蜈蜞潭段,20.36,都市：住
RPRNMLPKQHNFFFD88CA,麻口段,87.35,都市：住
RPTNMLNKQHNFFID56CA,歸仁北段,22.97,都市：住
RPQPMLRJQHNFFHD66CA,新北段,18.71,都市：住
RPPNMLRJQHNFFKD66CA,永仁段,69.17,都市：住
RPTOMLLJQHNFFKD56CA,大灣段,116.00,都市：住
RPQNMLPKQHNFFBD48DA,頂安段,81.69,都市：住
RPVPMLRLPHNFFKD67DA,六甲頂段,3.02,都市：住
RPVPMLRLPHNFFKD67DA,六甲頂段,3.02,都市：住
RPVPMLRLPHNFFKD67DA,六甲頂段,3.02,都市：住
RPVPMLRLPHNFFKD67DA,六甲頂段,3.02,都市：住
RPVPMLRLPHNFFKD67DA,六甲頂段,5.34,都市：住
RPPNMLPKQHNFFKD56CA,正強段,18.33,都市：住
RPVNMLLMPHNFFAD58DA,新南段,53.22,都市：住
RPQNMLMJQHNFFKD98DA,東南段,199.37,都市：住
RPQNMLMJQHNFFKD98DA,東南段,194.82,都市：住
RPPNMLKMPHNFFID78EA,歸仁北段,24.00,都市：住
RPXOMLLMPHNFFID17EA,歸仁北段,82.50,都市：住
RPXOMLLMPHNFFID17EA,歸仁北段,7.00,都市：住
RPXOMLLMPHNFFID17EA,歸仁北段,1.67,都市：住
RPXOMLLMPHNFFID17EA,歸仁北段,1.73,都市：住
RPXOMLLMPHNFFID17EA,歸仁北段,.20,都市：住
RPXOMLLMPHNFFID17EA,歸仁北段,.40,都市：住
RPXOMLLMPHNFFID17EA,歸仁北段,.73,都市：住
RPVNMLPKQHNFFKD17CA,蜈蜞潭段,48.00,都市：住
RPQNMLKMPHNFFID88EA,歸仁北段,25.00,都市：住
RPSOMLMLQHNFFID66DA,崎頂段,12.00,非都市： ; 非都市編定：
RPRNMLRLQHNFFDD09DA,柳營段柳營小段,21.00,都市：農
RPVNMLLLQHNFFGD56DA,渡子頭段,1641.24,非都市：一般農業區 ; 非都市編定：養殖用地
RPVNMLLLQHNFFGD56DA,渡子頭段,315.03,非都市：一般農業區 ; 非都市編定：養殖用地
RPQPMLQKQHNFFKD96CA,六甲頂段,11.94,都市：住
RPVOMLPKQHNFFKD27CA,永信段,42.23,都市：住
RPPOMLQJQHNFFAD38DA,青年段,91.18,都市：商
RPVOMLLLQHNFFKD96CA,忠孝段,31.46,都市：住
RPVOMLLLQHNFFKD96CA,忠孝段,96.64,都市：住
RPVOMLLLQHNFFKD96CA,忠孝段,566.43,都市：其他
RPSNMLRLQHNFFDD56DA,下中段下中小段,1873.00,非都市：特定農業區 ; 非都市編定：農牧用地
RPQNMLKLQHNFFKD88CA,鹽行段,3985.00,都市：住
RPSPMLQKQHNFFKD17CA,烏竹段,65.79,都市：住
RPSPMLQKQHNFFKD17CA,烏竹段,17.36,都市：住
RPRPMLQKQHNFFKD07CA,烏竹段,17.36,都市：住
RPRPMLQKQHNFFKD07CA,烏竹段,90.33,都市：住
RPQNMLPKQHNFFKD66CA,忠孝段,548.59,都市：農
RPQNMLPKQHNFFKD66CA,忠孝段,1166.04,都市：農
RPTNMLPKQHNFFKD96CA,忠孝段,12393.96,都市：農
RPQNMLMLQHNFFKD09CA,烏竹段,15.55,都市：住
RPQOMLQKQHNFFKD86CA,永仁段,27.97,都市：住
RPQOMLQKQHNFFKD86CA,永仁段,.06,都市：住
RPPOMLQJQHNFFKD66CA,橋北段,24.85,都市：住
RPROMLSJQHNFFKD07CA,鹽中段,6.18,都市：住
RPXNMLSJQHNFFKD57CA,永華段,97.66,都市：其他
RPXNMLSJQHNFFKD57CA,永華段,41.90,都市：其他
RPXNMLSJQHNFFKD57CA,永華段,147.84,都市：其他
RPTOMLMLQHNFFKD86CA,兵北段,9.73,都市：住
RPPOMLLMPHNFFKD98CA,西勢段,5.03,都市：住
RPPOMLLMPHNFFKD98CA,西勢段,3.80,都市：住
RPTPMLQKQHNFFKD27CA,烏竹段,73.21,都市：住
RPOPMLKMQHNFFKD98CA,兵北段,5.53,都市：住
RPUNMLLJQHNFFKD56CA,橋北段,19.84,都市：住
RPUNMLLJQHNFFKD56CA,橋北段,4.96,都市：住
RPQNMLKKQHNFFKD78CA,六甲頂段,74.00,都市：住
RPPNMLMJQHNFFID58CA,媽祖廟段三小段,80.00,非都市：鄉村區 ; 非都市編定：乙種建築用地
RPVOMLLJQHNFFID56CA,山西段,57.00,都市：住
RPVOMLLJQHNFFID56CA,山西段,54.67,都市：住
RPSOMLLMPHNFFID09CA,南雄段,83.00,都市：住
RPSOMLLMPHNFFID09CA,南雄段,1.00,都市：住
RPSNMLLJQHNFFID78CA,中洲西段,850.48,非都市：一般農業區 ; 非都市編定：農牧用地
RPSNMLLMPHNFFID98CA,二行段,89.46,都市：住
RPTNMLLJQHNFFKD09CA,三崁店段,104.00,都市：住
RPWOMLLMPHNFFID86CA,媽祖廟段一小段,1047.00,非都市：特定農業區 ; 非都市編定：農牧用地
RPTNMLTJQHNFFID07CA,八甲西段,15.23,都市：住
RPPOMLKMPHNFFHD58CA,善駕段,26.14,都市：住
RPOOMLRLQHNFFKD86CA,西勢段,100.00,都市：住
RPUNMLQJQHNFFID86CA,埤子頭段,23.08,非都市：一般農業區 ; 非都市編定：甲種建築用地
RPUNMLQJQHNFFID86CA,埤子頭段,143.00,非都市：一般農業區 ; 非都市編定：甲種建築用地
RPUNMLQJQHNFFID86CA,埤子頭段,.24,非都市：一般農業區 ; 非都市編定：甲種建築用地
RPUNMLQJQHNFFID86CA,埤子頭段,12.18,非都市：一般農業區 ; 非都市編定：農牧用地
RPUNMLQJQHNFFID86CA,埤子頭段,.54,非都市：一般農業區 ; 非都市編定：交通用地
RPUNMLQJQHNFFID86CA,埤子頭段,.90,非都市：一般農業區 ; 非都市編定：甲種建築用地
RPOOMLMLQHNFFHD68CA,光華段,15.43,都市：商
RPQOMLSJQHNFFHD66CA,圳西段,12.24,都市：其他
RPQOMLSJQHNFFHD66CA,圳西段,.09,都市：其他
RPQOMLSJQHNFFHD66CA,圳西段,13.33,都市：其他
RPVNMLQJQHNFFHD86CA,拔林段,86.00,非都市：鄉村區 ; 非都市編定：乙種建築用地
RPVNMLQJQHNFFHD86CA,拔林段,85.00,非都市：鄉村區 ; 非都市編定：乙種建築用地
RPVNMLLMPHNFFID66CA,歸仁北段,44.31,都市：住
RPQNMLLMPHNFFGD58CA,佳化段,566.00,非都市：特定農業區 ; 非都市編定：農牧用地
RPSNMLLMPHNFFHD88CA,港口段,83.30,非都市：鄉村區 ; 非都市編定：乙種建築用地
RPSNMLLMPHNFFHD88CA,港口段,.67,非都市：鄉村區 ; 非都市編定：交通用地
RPUNMLTJQHNFFDD66CA,歡雅段,.20,非都市：鄉村區 ; 非都市編定：乙種建築用地
RPUNMLTJQHNFFDD66CA,歡雅段,3.70,非都市：鄉村區 ; 非都市編定：交通用地
RPUNMLTJQHNFFDD66CA,歡雅段,360.04,非都市：鄉村區 ; 非都市編定：乙種建築用地
RPRNMLLMPHNFFGD68CA,七十二分段,2931.00,非都市：特定專用區 ; 非都市編定：農牧用地
RPRNMLLMPHNFFGD68CA,七十二分段,119.00,非都市：特定專用區 ; 非都市編定：水利用地
RPPNMLKKQHNFFGD28CA,忠興段,422.00,非都市：特定農業區 ; 非都市編定：農牧用地
RPSNMLKMPHNFFGD68CA,東埔段,76.19,非都市：鄉村區 ; 非都市編定：乙種建築用地
RPOOMLNLQHNFFGD68CA,仁得段,8.33,都市：住
RPSNMLQKQHNFFFD09CA,麻口段,21.07,都市：住
RPSNMLQKQHNFFFD09CA,麻口段,86.05,都市：住
RPQNMLLJQHNFFGD38CA,佳里段,1960.00,非都市：特定農業區 ; 非都市編定：農牧用地
RPRNMLQKQHNFFFD98CA,麻口段,21.07,都市：住
RPRNMLQKQHNFFFD98CA,麻口段,84.75,都市：住
RPQNMLMLQHNFFHD78CA,善新段,7.39,都市：住
RPQNMLMLQHNFFHD78CA,善新段,8.43,都市：住
RPQNMLMLQHNFFHD78CA,善新段,240.96,都市：住
RPSNMLMJQHNFFGD68CA,檨林段,13.16,非都市：鄉村區 ; 非都市編定：乙種建築用地
RPSNMLMJQHNFFGD68CA,檨林段,102.11,非都市：鄉村區 ; 非都市編定：乙種建築用地
RPSNMLMJQHNFFGD68CA,檨林段,21.73,非都市：鄉村區 ; 非都市編定：乙種建築用地
RPQNMLKLQHNFFDD18CA,南新段,80.31,都市：住
RPSNMLLMPHNFFED58CA,草店段,2044.00,非都市：特定農業區 ; 非都市編定：農牧用地
RPPNMLLMPHNFFED28CA,菁寮段,205.00,非都市：特定農業區 ; 非都市編定：甲種建築用地
RPOOMLLMPHNFFFD38CA,大屯寮段,50.00,都市：住
RPOOMLLMPHNFFFD38CA,大屯寮段,43.00,都市：住
RPRNMLLMPHNFFFD58CA,茅港尾段,97.00,非都市：特定農業區 ; 非都市編定：水利用地
RPRNMLLMPHNFFFD58CA,茅港尾段,97.00,非都市：特定農業區 ; 非都市編定：水利用地
RPRNMLLMPHNFFFD58CA,茅港尾段,2067.00,非都市：特定農業區 ; 非都市編定：水利用地
RPRNMLLMPHNFFFD58CA,十六甲段,1067.00,非都市：特定農業區 ; 非都市編定：水利用地
RPRNMLLMPHNFFFD58CA,十六甲段,41.00,非都市：特定農業區 ; 非都市編定：水利用地
RPRNMLLMPHNFFFD58CA,十六甲段,402.00,非都市：特定農業區 ; 非都市編定：水利用地
RPPNMLQLQHNFFCD58CA,龍泉段,342.14,都市：住
RPPNMLQLQHNFFCD58CA,龍泉段,340.85,都市：住
RPQNMLLJQHNFFDD08CA,真武段,.26,都市：住
RPQNMLLJQHNFFDD08CA,真武段,15.53,都市：住
RPSOMLLLQHNFFCD48CA,水交社段,40.54,都市：商
RPUOMLMLQHNFFCD78CA,水交社段,5.79,都市：住
RPUOMLMLQHNFFCD78CA,水交社段,3.66,都市：住
RPUOMLMLQHNFFCD78CA,水交社段,5.74,都市：住
RPWPMLRKQHNFFCD86CA,水交社段,5.15,都市：住
RPWPMLRKQHNFFCD86CA,水交社段,2.53,都市：住
RPWPMLRKQHNFFCD86CA,水交社段,2.50,都市：住
RPTNMLKLQHNFFCD38CA,光明段,39.34,都市：住
RPSNMLPKQHNFFCD68CA,德高段,326.00,都市：住
RPSNMLPKQHNFFCD68CA,德高段,68.00,都市：其他
RPSPMLRKQHNFFCD09CA,水交社段,5.15,都市：住
RPSPMLRKQHNFFCD09CA,水交社段,2.53,都市：住
RPSPMLRKQHNFFCD09CA,水交社段,2.50,都市：住
RPQOMLQJQHNFFCD58CA,龍泉段,25.96,都市：住
RPQOMLQJQHNFFCD58CA,龍泉段,26.37,都市：住
RPVOMLRKQHNFFCD66CA,水交社段,5.15,都市：住
RPVOMLRKQHNFFCD66CA,水交社段,2.53,都市：住
RPVOMLRKQHNFFCD66CA,水交社段,2.50,都市：住
RPQOMLNKQHNFFCD38CA,泉南段,11.80,都市：住
RPQOMLNKQHNFFCD38CA,泉南段,3.69,都市：住
RPVOMLLLQHNFFCD78CA,水交社段,40.43,都市：商
RPTNMLLMPHNFFCD48CA,育樂段,7.00,都市：住
RPTNMLLMPHNFFCD48CA,育樂段,.50,都市：住
RPTNMLLMPHNFFCD48CA,育樂段,57.50,都市：住
RPXOMLRKQHNFFCD86CA,水交社段,5.15,都市：住
RPXOMLRKQHNFFCD86CA,水交社段,2.53,都市：住
RPXOMLRKQHNFFCD86CA,水交社段,2.50,都市：住
RPTOMLPKQHNFFBD78CA,佃北段,770.97,都市：農
RPPOMLLJQHNFFCD97CA,南華段,4.53,都市：住
RPPOMLLJQHNFFCD97CA,南華段,24.98,都市：住
RPPOMLLJQHNFFCD97CA,南華段,46.13,都市：住
RPRNMLRJQHNFFCD68CA,關帝段,65.13,都市：住
RPOOMLQJQHNFFBD28CA,淵北段,1652.98,都市：農
RPROMLLJQHNFFCD18CA,裕東段,94.40,都市：住
RPROMLSJQHNFFBD78CA,海西段,41.85,都市：其他
RPROMLSJQHNFFBD78CA,海西段,.68,都市：農
RPROMLSJQHNFFBD78CA,海西段,101.75,都市：住
RPUOMLKMPHNFFCD58CA,精忠段,38.00,都市：住
RPUOMLKMPHNFFCD58CA,精忠段,18.00,都市：其他
RPXNMLRJQHNFFBD56CA,新淵段,104.60,都市：住
RPOOMLKMPHNFFBD87CA,和館段,29.91,都市：住
RPOOMLKMPHNFFBD87CA,和館段,105.00,都市：住
RPWNMLLMPHNFFBD68CA,國安段,106.19,都市：住
RPQNMLLJQHNFFBD87CA,鎮安段,14.26,都市：住
RPQNMLLJQHNFFBD87CA,鎮安段,61.07,都市：住
RPQOMLLLQHNFFAD08CA,頂美段,17.10,都市：住
RPPNMLLJQHNFFBD77CA,鎮安段,14.26,都市：住
RPPNMLLJQHNFFBD77CA,鎮安段,61.46,都市：住
RPTOMLLLQHNFFAD38CA,頂美段,15.85,都市：住
RPQPMLLLQHNFFAD18CA,延平段,31.23,都市：住
RPWOMLLLQHNFFAD68CA,頂美段,16.17,都市：住
RPTNMLRLQHNFFAD88CA,頂美段,15.85,都市：住
RPVOMLLLQHNFFAD58CA,頂美段,12.75,都市：住
RPUNMLLMPHNFFAD38CA,北元段,969.90,都市：住
RPUOMLLLQHNFFAD48CA,頂美段,15.85,都市：住
RPVOMLRLQHNFFAD56CA,頂美段,20.52,都市：住
RPQPMLSJQHNFFAD68CA,富台段,57.00,都市：住
RPSNMLOJQHNFFAD28CA,金城段,109.00,都市：住
RPXNMLLMPHNFFAD68CA,金華段,2.86,都市：商
RPTNMLOJQHNFFAD38CA,金華段,8.35,都市：住
RPROMLLMPHNFFAD18CA,臨安段,13.92,都市：住
RPROMLLMPHNFFAD18CA,臨安段,.08,都市：其他
RPROMLLMPHNFFAD18CA,臨安段,.01,都市：其他
RPRNMLLMPHNFFAD08CA,大興段,88.08,都市：住
RPUNMLRLQHNFFAD98CA,頂美段,12.43,都市：住
RPQOMLRLQHNFFAD68CA,頂美段,16.17,都市：住
RPUNMLOKQHNFFAD58CA,富台段,57.00,都市：住
RPUNMLOKQHNFFAD58CA,富台段,9.00,都市：其他
RPUOMLLJQHNFFAD28CA,裕民段,82.43,都市：住
RPUOMLLJQHNFFAD28CA,裕民段,3.91,都市：住
RPQOMLMJQHNFFAD97CA,延平段,23.00,都市：住
RPSNMLQJQHNFFAD48CA,大興段,92.21,都市：其他
RPSNMLQJQHNFFAD48CA,大興段,20.49,都市：其他
RPSNMLQJQHNFFAD48CA,大興段,92.21,都市：其他
RPTNMLMJQHNFFAD18CA,開元段,.04,都市：其他
RPTNMLMJQHNFFAD18CA,開元段,11.26,都市：商
RPTNMLMJQHNFFAD18CA,開元段,.54,都市：住
RPSNMLMJQHNFFAD08CA,漁光段,12.03,都市：商
RPQNMLMJQHNFFAD87CA,漁光段,11.97,都市：商
RPRNMLMJQHNFFAD97CA,漁光段,7.41,都市：商
RPVNMLLJQHNFFAD28CA,金華段,14.58,都市：住
RPPNMLLJQHNFFAD67CA,小北段,70.00,都市：住
RPPNMLLJQHNFFAD67CA,小北段,28.87,都市：住
RPUNMLLJQHNFFAD18CA,金城段,64.77,都市：住
RPSPMLLJQHNFFAD18CA,北元段,62.42,都市：商
RPVPMLSJQHNFFAD56CA,武聖段,82.72,都市：住
RPOOMLQJQHNFFAD18CA,郡王祠段,53.70,都市：住
RPVNMLMJQHNFFBD48CA,理想段,271.68,都市：住
RPUNMLQKQHNFFBD88CA,怡北段,45.00,都市：其他
RPUNMLQKQHNFFBD88CA,怡北段,14.25,都市：其他
RPUNMLQKQHNFFBD88CA,怡北段,16.55,都市：其他
RPUNMLQKQHNFFBD88CA,怡北段,84.53,都市：住
RPUNMLQKQHNFFBD88CA,怡北段,.46,都市：住
RPUNMLQKQHNFFBD88CA,怡北段,1.07,都市：住
RPUNMLQKQHNFFBD88CA,怡北段,.17,都市：住
RPUNMLQKQHNFFBD88CA,怡北段,41.70,都市：住
RPWNMLLJQHNFFBD48CA,溪頂段,225.25,都市：住
RPSOMLMJQHNFFAD18CA,金城段,34.48,都市：商
RPOOMLMJQHNFFBD87CA,科工段,16.45,都市：住
RPOOMLMJQHNFFBD87CA,科工段,112.37,都市：住
RPXNMLLMPHNFFCD88CA,鹽埕段,26.72,都市：住
RPRNMLNJQHNFFCD28CA,省躬段,443.00,都市：其他
RPOOMLLJQHNFFDD97CA,飯店段,1661.00,非都市：一般農業區 ; 非都市編定：農牧用地
RPOOMLLJQHNFFDD97CA,飯店段,1664.00,非都市：一般農業區 ; 非都市編定：農牧用地
RPOOMLLJQHNFFDD97CA,飯店段,2540.00,非都市：一般農業區 ; 非都市編定：農牧用地
RPOOMLLJQHNFFDD97CA,飯店段,2540.00,非都市：一般農業區 ; 非都市編定：農牧用地
RPOOMLLJQHNFFDD97CA,飯店段,1632.00,非都市：一般農業區 ; 非都市編定：農牧用地
RPROMLNLQHNFFAD38CA,新南段,13.13,都市：商
RPTOMLRJQHNFFCD98CA,公英段,127.84,都市：住
RPQNMLSJQHNFFDD78CA,新營段,110.87,都市：住
RPQNMLOJQHNFFBD18CA,天馬段,68.29,都市：住
RPROMLTJQHNFFCD98CA,鹽埕段,.04,都市：住
RPROMLTJQHNFFCD98CA,鹽埕段,40.20,都市：住
RPPNMLSJQHNFFDD68CA,新營段,112.59,都市：住
RPOPMLRKQHNFFCD68CA,水交社段,6.08,都市：住
RPOPMLRKQHNFFCD68CA,水交社段,2.99,都市：住
RPOPMLRKQHNFFCD68CA,水交社段,2.96,都市：住
RPQNMLMLQHNFFCD28CA,中和段,3.50,都市：其他
RPQNMLMLQHNFFCD28CA,中和段,19.00,都市：其他
RPQNMLMLQHNFFCD28CA,中和段,18.00,都市：其他
RPQNMLMLQHNFFCD28CA,中和段,310.00,都市：其他
RPWOMLLJQHNFFCD68CA,仁和段,13.69,都市：住
RPWNMLNLQHNFFCD98CA,鹽埕段,13.40,都市：住
RPWNMLNLQHNFFCD98CA,鹽埕段,.90,都市：住
RPUNMLTJQHNFFCD56CA,富強段,16.58,都市：住
RPPNMLOLQHNFFCD38CA,育樂段,70.00,都市：商
RPTPMLRKQHNFFCD56CA,水交社段,5.15,都市：住
RPTPMLRKQHNFFCD56CA,水交社段,2.53,都市：住
RPTPMLRKQHNFFCD56CA,水交社段,2.50,都市：住
RPTNMLLMPHNFFFD78CA,新興段,172.45,都市：農
RPTNMLLMPHNFFFD78CA,新興段,1737.32,都市：農
RPUPMLRKQHNFFCD66CA,水交社段,5.15,都市：住
RPUPMLRKQHNFFCD66CA,水交社段,2.53,都市：住
RPUPMLRKQHNFFCD66CA,水交社段,2.50,都市：住
RPPOMLNJRHNFFCD28CA,竹篙厝段,13.74,都市：住
RPPNMLPKQHNFFFD68CA,麻豆口段,39.38,都市：其他
RPPNMLPKQHNFFFD68CA,麻豆口段,1456.00,都市：工
RPUNMLNJQHNFFFD88CA,信義段,105.68,都市：住
RPUNMLNJQHNFFFD88CA,信義段,104.52,都市：住
RPRNMLNJQHNFFFD58CA,下營段,1772.00,非都市：特定農業區 ; 非都市編定：農牧用地
RPQNMLNJQHNFFFD48CA,下營段,2532.00,非都市：特定農業區 ; 非都市編定：農牧用地
RPQNMLNJQHNFFFD48CA,下營段,1708.00,非都市：特定農業區 ; 非都市編定：農牧用地
RPXOMLKKQHNFFFD09CA,謝厝寮段,95.00,非都市：鄉村區 ; 非都市編定：乙種建築用地
RPXOMLKKQHNFFFD09CA,謝厝寮段,26.42,非都市：鄉村區 ; 非都市編定：乙種建築用地
RPSNMLNJQHNFFFD68CA,港子頭段,154.00,非都市：鄉村區 ; 非都市編定：乙種建築用地
RPSNMLNJQHNFFFD68CA,港子頭段,25.00,非都市：鄉村區 ; 非都市編定：乙種建築用地
RPUNMLTJQHNFFFD86CA,營正段,43.57,都市：其他
RPQNMLQJQHNFFDD58CA,育德段,124.59,都市：住
RPWOMLKKQHNFFFD98CA,謝厝寮段,88.00,非都市：鄉村區 ; 非都市編定：乙種建築用地
RPWOMLKKQHNFFFD98CA,謝厝寮段,26.42,非都市：鄉村區 ; 非都市編定：乙種建築用地
RPTNMLNJQHNFFFD78CA,角秀段,15.72,都市：農
RPTNMLNJQHNFFFD78CA,角秀段,13.50,都市：農
RPTNMLNJQHNFFFD78CA,角秀段,53.00,都市：農
RPQNMLMJQHNFFFD38CA,三結義段,85.00,都市：住
RPPNMLMJQHNFFED18CA,詔安段,5270.00,非都市：特定農業區 ; 非都市編定：農牧用地
RPOOMLKKQHNFFGD28CA,蚵寮段,10315.50,非都市：一般農業區 ; 非都市編定：養殖用地
RPPNMLLJQHNFFED08CA,三榮段,13.63,非都市：鄉村區 ; 非都市編定：交通用地
RPPNMLLJQHNFFED08CA,三榮段,1029.05,非都市：鄉村區 ; 非都市編定：乙種建築用地
RPPNMLMJQHNFFGD38CA,西港段,130.00,都市：住
RPPNMLMJQHNFFGD38CA,西港段,5.00,都市：農
RPVNMLLMPHNFFGD09CA,中樞段,2812.00,非都市：特定農業區 ; 非都市編定：農牧用地
RPVNMLLMPHNFFGD09CA,中樞段,2812.00,非都市：特定農業區 ; 非都市編定：農牧用地
RPVNMLLMPHNFFGD09CA,中樞段,2812.00,非都市：特定農業區 ; 非都市編定：農牧用地
RPVNMLLMPHNFFGD09CA,中樞段,2446.00,非都市：特定農業區 ; 非都市編定：農牧用地
RPUNMLKKQHNFFFD68CA,海埤段,14.27,都市：住
RPUNMLKKQHNFFFD68CA,海埤段,8.26,都市：住
RPWNMLKKQHNFFFD88CA,海埤段,1956.12,都市：其他
RPWNMLKKQHNFFFD88CA,大山段,208.25,都市：其他
RPWNMLKKQHNFFFD88CA,大山段,10.86,都市：其他
RPWNMLKKQHNFFFD88CA,海埤段,115.87,都市：農
RPVNMLKKQHNFFFD78CA,海埤段,12.84,都市：住
RPTNMLTJQHNFFHD96CA,社內段,266.96,非都市：鄉村區 ; 非都市編定：乙種建築用地
RPTNMLTJQHNFFHD96CA,社內段,220.12,非都市：鄉村區 ; 非都市編定：乙種建築用地
RPTNMLTJQHNFFHD96CA,社內段,174.93,非都市：鄉村區 ; 非都市編定：乙種建築用地
RPTNMLTJQHNFFHD96CA,社內段,197.63,非都市：鄉村區 ; 非都市編定：乙種建築用地
RPTNMLTJQHNFFHD96CA,社內段,90.56,非都市：鄉村區 ; 非都市編定：乙種建築用地
RPTNMLTJQHNFFHD96CA,社內段,157.89,非都市：鄉村區 ; 非都市編定：乙種建築用地
RPTNMLTJQHNFFHD96CA,社內段,165.15,非都市：鄉村區 ; 非都市編定：乙種建築用地
RPTNMLTJQHNFFHD96CA,社內段,2.33,非都市：鄉村區 ; 非都市編定：交通用地
RPTNMLTJQHNFFHD96CA,社內段,8.81,非都市：鄉村區 ; 非都市編定：交通用地
RPTNMLTJQHNFFHD96CA,社內段,7.78,非都市：鄉村區 ; 非都市編定：交通用地
RPXNMLKLQHNFFED98CA,東山段,1990.00,非都市：特定農業區 ; 非都市編定：農牧用地
RPXNMLKLQHNFFED98CA,東山段,1592.00,非都市：特定農業區 ; 非都市編定：農牧用地
RPSNMLTJQHNFFHD86CA,營新段,.43,都市：住
RPSNMLTJQHNFFHD86CA,善新段,21.56,都市：住
RPOOMLTJQHNFFHD56CA,南小新段,1.17,都市：住
RPOOMLTJQHNFFHD56CA,南小新段,1.17,都市：住
RPPNMLTKQHNFFGD56CA,竹子港段,400.00,非都市：特定農業區 ; 非都市編定：農牧用地
RPRNMLLJQHNFFHD58CA,北小新段,61.44,都市：住
RPRNMLLJQHNFFHD58CA,北小新段,72.63,都市：住
RPRNMLMJQHNFFGD58CA,興化段,988.00,非都市：特定農業區 ; 非都市編定：農牧用地
RPVOMLTLQHNFFFD27CA,港子尾段,4059.00,非都市：鄉村區 ; 非都市編定：乙種建築用地
RPVOMLTLQHNFFFD27CA,港子尾段,2525.00,非都市：鄉村區 ; 非都市編定：乙種建築用地
RPXNMLLJQHNFFHD56CA,內庄子段,11.00,非都市：一般農業區 ; 非都市編定：農牧用地
RPXNMLLJQHNFFHD56CA,內庄子段,159.00,非都市：一般農業區 ; 非都市編定：農牧用地
RPTOMLLJQHNFFHD88CA,竹子腳段,1078.00,非都市：特定農業區 ; 非都市編定：農牧用地
RPPNMLLJQHNFFID48CA,上崙段,.48,都市：住
RPPNMLLJQHNFFID48CA,上崙段,11.51,都市：住
RPPNMLLJQHNFFID48CA,上崙段,43.07,都市：住
RPPNMLLJQHNFFID48CA,上崙段,12.57,都市：住
RPPNMLLJQHNFFID48CA,上崙段,1.66,都市：住
RPPNMLLJQHNFFID48CA,上崙段,.18,都市：住
RPPNMLLJQHNFFID48CA,崑崙段,1.22,都市：住
RPPNMLLJQHNFFID48CA,崑崙段,4.00,都市：住
RPSOMLRJQHNFFHD76CA,慶安段,514.01,都市：商
RPSOMLLJQHNFFHD78CA,富強段,3.02,都市：住
RPSOMLLJQHNFFHD78CA,富強段,67.46,都市：住
RPTNMLLJQHNFFHD78CA,左鎮段,99.00,非都市：鄉村區 ; 非都市編定：乙種建築用地
RPVOMLLMPHNFFID76CA,北勢段,421.00,都市：住
RPTNMLNKQHNFFGD98CA,下山子寮段,452.81,非都市：一般農業區 ; 非都市編定：養殖用地
RPQNMLRLQHNFFHD66CA,頂山腳段,387.33,非都市：特定專用區 ; 非都市編定：農牧用地
RPUOMLLJQHNFFID09CA,埤子頭段,2554.00,非都市：一般農業區 ; 非都市編定：農牧用地
RPTNMLLJQHNFFID88CA,中洲西段,708.74,非都市：一般農業區 ; 非都市編定：農牧用地
RPOOMLMJQHNFFHD48CA,灣裡段,76.13,非都市：鄉村區 ; 非都市編定：交通用地
RPRNMLLJQHNFFJD78CA,中坑段,1491.00,非都市：山坡地保育區 ; 非都市編定：農牧用地
RPTNMLKLQHNFFGD78CA,大塭寮段,1160.00,非都市：特定農業區 ; 非都市編定：農牧用地
RPVNMLMJQHNFFID56CA,城光段,6.67,都市：工
RPVNMLMJQHNFFID56CA,城光段,6.67,都市：工
RPVNMLMJQHNFFID56CA,城光段,6.67,都市：工
RPVNMLMJQHNFFID56CA,城光段,1.10,都市：工
RPVNMLMJQHNFFID56CA,城光段,1.10,都市：工
RPVNMLMJQHNFFID56CA,城光段,1.10,都市：工
RPVNMLMJQHNFFID56CA,崁腳北段,3.44,都市：工
RPVNMLMJQHNFFID56CA,崁腳北段,3.44,都市：工
RPVNMLMJQHNFFID56CA,崁腳北段,3.44,都市：工
RPTOMLLJQHNFFID98CA,八甲段,26.44,非都市：特定農業區 ; 非都市編定：甲種建築用地
RPTOMLLJQHNFFID98CA,八甲段,77.00,非都市：特定農業區 ; 非都市編定：甲種建築用地
RPSNMLQJQHNFFHD56CA,三舍段,102.00,非都市：鄉村區 ; 非都市編定：乙種建築用地
RPROMLLJQHNFFID78CA,歸仁北段,21.10,都市：住
RPROMLLJQHNFFID78CA,歸仁北段,21.10,都市：住
RPXNMLMJQHNFFID76CA,城光段,.03,都市：工
RPXNMLMJQHNFFID76CA,城光段,.03,都市：工
RPXNMLMJQHNFFID76CA,城光段,.03,都市：工
RPXNMLMJQHNFFID76CA,崁腳北段,74.25,都市：工
RPXNMLMJQHNFFID76CA,崁腳北段,74.25,都市：工
RPXNMLMJQHNFFID76CA,崁腳北段,74.25,都市：工
RPXNMLMJQHNFFID76CA,崁腳北段,133.45,都市：工
RPXNMLMJQHNFFID76CA,崁腳北段,133.45,都市：工
RPXNMLMJQHNFFID76CA,崁腳北段,133.45,都市：工
RPXNMLMJQHNFFID76CA,崁腳北段,139.27,都市：工
RPXNMLMJQHNFFID76CA,崁腳北段,139.27,都市：工
RPXNMLMJQHNFFID76CA,崁腳北段,139.27,都市：工
RPPNMLNJQHNFFID68CA,布袋尾段,31.00,非都市：一般農業區 ; 非都市編定：農牧用地
RPPNMLNJQHNFFID68CA,布袋尾段,590.03,非都市：一般農業區 ; 非都市編定：農牧用地
RPXNMLNJQHNFFID86CA,城光段,.11,都市：工
RPXNMLNJQHNFFID86CA,崁腳北段,99.35,都市：工
RPXNMLNJQHNFFID86CA,崁腳北段,1.54,都市：工
RPPPMLQJQHNFFID56CA,中坑子段,1000.00,非都市： ; 非都市編定：
RPPNMLPKQHNFFID98CA,二空段,47.20,都市：住
RPQNMLRJQHNFFID56CA,龍船段,2040.50,非都市：山坡地保育區 ; 非都市編定：農牧用地
RPPOMLNJQHNFFID78CA,城光段,21.43,都市：工
RPPOMLNJQHNFFID78CA,城光段,3.54,都市：工
RPPOMLNJQHNFFID78CA,崁腳北段,238.47,都市：工
RPPOMLNJQHNFFID78CA,崁腳北段,463.08,都市：工
RPPOMLNJQHNFFID78CA,崁腳北段,311.93,都市：工
RPPOMLNJQHNFFID78CA,崁腳北段,11.05,都市：工
RPQNMLRJQHNFFKD76CA,六甲頂段,3.85,都市：住
RPQOMLSJQHNFFKD96CA,兵北段,10.85,都市：住
RPVNMLMJQHNFFKD76CA,國聖段,142.53,都市：住
RPPNMLLJQHNFFKD68CA,蔦松北段,2175.09,都市：其他
RPUOMLMJQHNFFKD76CA,永二段,6.06,都市：住
RPUOMLMJQHNFFKD76CA,永二段,28.89,都市：其他
RPUOMLMJQHNFFKD76CA,永二段,96.53,都市：住
RPTOMLNJQHNFFID56CA,如意段,3.11,都市：工
RPWNMLQJQHNFFAD98DA,保安段,81.00,都市：商
RPSNMLLJQHNFFKD98CA,大灣段,91.00,都市：住
RPXOMLRJQHNFFBD86EA,安東段,1.58,都市：住
RPWNMLNJQHNFFKD96CA,兵北段,11.60,都市：住
RPPNMLOJQHNFFID78CA,健康段,7.34,都市：住
RPPNMLOJQHNFFID78CA,健康段,7.35,都市：住
RPPNMLOJQHNFFID78CA,健康段,79.95,都市：住
RPPNMLOJQHNFFID78CA,健康段,7.33,都市：住
RPQNMLLJQHNFFHD58DA,新興段,21.70,都市：住
RPQNMLLJQHNFFHD58DA,新興段,.91,都市：住
RPQNMLRLQHNFFDD98DA,柳營段柳營小段,728.00,都市：農
RPUNMLMJQHNFFGD98DA,文化段,21.08,非都市：鄉村區 ; 非都市編定：乙種建築用地
RPPNMLSJQHNFFKD76CA,鹽東段,88.61,都市：住
RPPNMLOLPHNFFBD48CD,幸福段,130.01,都市：住
