﻿編號,土地區段位置,土地移轉面積(平方公尺),使用分區或編定
The serial number,land sector position,land shifting area (square meter),the use zoning or compiles and checks
RPXNMLRLPHNFFAE66CA,龍華段八小段,10.86,都市：商
RPUNMLLMPHNFFAE48CA,前金段,14.29,都市：商
RPVNMLOLPHNFFAE78CA,內惟段一小段,58.00,都市：住
RPPOMLNLPHNFFAE18CA,青海段,24.78,都市：住
RPXOMLKMPHNFFAE78CA,青海段,16.15,都市：住
RPUOMLLMPHNFFAE58CA,文東段,17.39,都市：商
RPQOMLPLPHNFFAE48CA,前金段,9.09,都市：商
RPSOMLNLPHNFFAE48CA,青海段,32.44,都市：住
RPWOMLLMPHNFFAE78CA,前金段,10.54,都市：商
RPQOMLTJQHNFFAE78CA,前金段,24.50,都市：商
RPQOMLTJQHNFFAE78CA,前金段,128.50,都市：商
RPSNMLMJQHNFFAE18CA,前金段,8.60,都市：商
RPVNMLMJQHNFFAE48CA,前金段,8.78,都市：商
RPTNMLQJQHNFFAE68CA,博孝段,6.12,都市：商
RPPNMLPJQHNFFAE18CA,龍中段,17.64,都市：商
RPVNMLPKQHNFFAE88CA,內惟段一小段,47.00,都市：住
RPXOMLLMPHNFFAE88CA,鹽北段,7.39,都市：商
RPXOMLLMPHNFFAE88CA,鹽北段,7.39,都市：商
RPRNMLOLPHNFFBE48CA,過田子段,7.33,都市：商
RPVNMLOLPHNFFBE88CA,新興段四小段,3.73,都市：商
RPOPMLNLPHNFFBE28CA,成功段,5.00,都市：住
RPOPMLNLPHNFFBE28CA,成功段,125.00,都市：住
RPTOMLRLPHNFFBE09CA,成功段,23.07,都市：商
RPPNMLMJQHNFFAE87CA,前金段,10.54,都市：商
RPRNMLMJQHNFFAE08CA,前金段,8.78,都市：商
RPSNMLLJQHNFFAE08CA,內惟段六小段,11.09,都市：住
RPSNMLLJQHNFFAE08CA,內惟段六小段,11.09,都市：住
RPQOMLOLPHNFFCE58CA,店鎮段一小段,63.40,都市：商
RPWNMLKMPHNFFBE68CA,林德官段一小段,10.09,都市：商
RPPNMLPLPHNFFBE38CA,五塊厝段,3.24,都市：商
RPPNMLPLPHNFFBE38CA,五塊厝段,7.23,都市：商
RPVOMLNLPHNFFBE88CA,正文段,73.37,都市：住
RPPNMLNJQHNFFBE08CA,新興段二小段,4.12,都市：商
RPROMLOLPHNFFCE68CA,桂林段,65.00,都市：住
RPXNMLNLPHNFFCE09CA,光華段,5.50,都市：其他
RPXNMLNLPHNFFCE09CA,光華段,5.50,都市：其他
RPVNMLRLPHNFFCE66CA,桂林段,16.33,都市：住
RPRNMLQLPHNFFCE78CA,坪鳳段,181.63,都市：住
RPRNMLRLPHNFFCE88CA,光華段,28.50,都市：住
RPRNMLRLPHNFFCE88CA,光華段,24.75,都市：住
RPRNMLRLPHNFFCE88CA,光華段,2.25,都市：住
RPQPMLKMPHNFFCE38CA,瑞隆段一小段,22.02,都市：住
RPOPMLKMPHNFFCE18CA,光華段一小段,37.20,都市：住
RPVOMLPLPHNFFCE56CA,瑞隆段三小段,10.55,都市：商
RPVOMLPLPHNFFCE56CA,瑞隆段三小段,4.35,都市：住
RPTOMLPLPHNFFCE98CA,瑞隆段三小段,10.97,都市：商
RPTOMLPLPHNFFCE98CA,瑞隆段三小段,4.53,都市：住
RPSNMLRJQHNFFBE78CA,新興段一小段,9.22,都市：商
RPQNMLRJQHNFFCE68CA,中厝段,25.06,都市：住
RPVNMLQJQHNFFCE09CA,中厝段,22.47,都市：住
RPUNMLQJQHNFFCE98CA,中厝段,15.27,都市：住
RPRNMLQJQHNFFCE68CA,中厝段,15.27,都市：住
RPTOMLOKQHNFFBE78CA,新興段一小段,18.37,都市：商
RPXNMLQJQHNFFCE66CA,中厝段,15.27,都市：住
RPWNMLQJQHNFFCE56CA,中厝段,25.64,都市：住
RPTNMLQJQHNFFCE88CA,中厝段,25.64,都市：住
RPTNMLOJQHNFFCE68CA,仁愛段,28.00,都市：住
RPOPMLKKQHNFFCE08CA,憲德段二小段,7.35,都市：商
RPQNMLQJQHNFFCE58CA,中厝段,22.47,都市：住
RPQNMLQKQHNFFCE68CA,草衙段一小段,62.74,都市：住
RPPNMLOLPHNFFDE48CA,建民段,8.85,都市：商
RPRNMLOLPHNFFDE68CA,覆鼎金段覆鼎金一小段,3.95,都市：住
RPRNMLOLPHNFFDE68CA,覆鼎金段覆鼎金一小段,73.00,都市：住
RPRNMLOLPHNFFDE68CA,覆鼎金段覆鼎金一小段,3.70,都市：住
RPWNMLOLPHNFFDE56CA,大港段六小段,3.03,都市：商
RPWNMLOLPHNFFDE56CA,大港段六小段,.32,都市：其他
RPPNMLTLPHNFFDE98CA,灣復段,15.74,都市：商
RPOPMLRKQHNFFDE88CA,灣中段,16.92,都市：商
RPXNMLLMPHNFFDE09CA,大港段六小段,.85,都市：其他
RPXNMLLMPHNFFDE09CA,大港段六小段,8.12,都市：商
RPWNMLRLPHNFFDE86CA,建豐段,41.00,都市：商
RPVNMLLJQHNFFDE68CA,三塊厝段二小段,17.66,都市：住
RPVNMLLJQHNFFDE68CA,三塊厝段二小段,6.19,都市：住
RPQNMLRLPHNFFEE98CA,翠屏段一小段,11.54,都市：住
RPSOMLQLPHNFFDE09CA,獅頭段,20.20,都市：商
RPRNMLRLPHNFFDE98CA,大港段四小段,4.30,都市：住
RPXPMLLMPHNFFEE76CA,援中段一小段,.06,都市：商
RPTPMLLMPHNFFEE98CA,福山段,8.98,都市：住
RPTRMLKMPHNFFEE09CA,新庄段十三小段,30.40,都市：商
RPVOMLRLPHNFFEE96CA,藍田中段,72.35,都市：住
RPVOMLRLPHNFFEE96CA,藍田中段,18.19,都市：住
RPQNMLPJQHNFFEE68CA,藍田西段,11.89,都市：住
RPQOMLLJQHNFFEE38CA,清豐段,24.21,都市：住
RPWNMLQJQHNFFEE76CA,新庄段十三小段,11.87,都市：住
RPOOMLQJQHNFFEE68CA,興隆段,15.76,都市：住
RPPNMLPJQHNFFEE58CA,藍田西段,11.89,都市：住
RPVNMLLJQHNFFEE78CA,菜公段六小段,10.04,都市：住
RPRNMLPJQHNFFEE78CA,藍田西段,22.40,都市：住
RPQNMLMKQHNFFEE48CA,新光段,14.02,都市：住
RPSPMLKKQHNFFEE68CA,清豐段,24.45,都市：住
RPWPMLQJQHNFFEE96CA,藍田西段,10.73,都市：住
RPQNMLKKQHNFFEE28CA,清楠段,74.93,都市：住
RPOQMLQJQHNFFEE88CA,藍田西段,20.96,都市：住
RPXOMLKLQHNFFEE56CA,援中段一小段,29.71,都市：住
RPQPMLKLQHNFFEE58CA,援中段一小段,28.60,都市：住
RPQNMLRLPHNFFFE09CA,嘉興段,133.00,非都市：鄉村區 ; 非都市編定：乙種建築用地
RPSNMLQLPHNFFFE56CA,安招段,1.42,都市：其他
RPSNMLQLPHNFFFE56CA,安招段,97.67,都市：住
RPQNMLQKQHNFFFE98CA,四村段,120.27,都市：住
RPSNMLTJQHNFFFE76CA,後壁田段,40.34,都市：住
RPUNMLQLPHNFFFE76CA,嘉興段,110.00,非都市：鄉村區 ; 非都市編定：乙種建築用地
RPRNMLOLPHNFFGE98CA,七老爺段一甲小段,32.00,都市：住
RPRNMLOLPHNFFGE98CA,七老爺段一甲小段,16.00,都市：住
RPRNMLOLPHNFFGE98CA,七老爺段一甲小段,15.00,都市：其他
RPXNMLPKQHNFFFE96CA,頂蚵子寮段,130.00,都市：住
RPQOMLRLPHNFFFE56CA,德松段,1.67,都市：住
RPQNMLPLPHNFFFE88CA,大紅段,88.00,都市：住
RPPOMLMJQHNFFFE48CA,頂田段一小段,2.75,非都市：一般農業區 ; 非都市編定：甲種建築用地
RPPOMLMJQHNFFFE48CA,典寶段,.06,非都市：特定農業區 ; 非都市編定：甲種建築用地
RPPOMLMJQHNFFFE48CA,典寶段,4.61,非都市：特定農業區 ; 非都市編定：甲種建築用地
RPXOMLQLPHNFFGE27CA,竹子腳段,33.91,都市：住
RPXNMLLMPHNFFGE76CA,大貝湖段,17.08,都市：住
RPPPMLQLPHNFFGE56CA,竹子腳段,28.01,都市：住
RPXNMLLJQHNFFGE56CA,南華段,86.33,都市：住
RPSPMLSJQHNFFGE96CA,新庄子段,37.78,都市：住
RPOPMLQJQHNFFGE98CA,竹子腳段,11.74,都市：住
RPOPMLQLPHNFFGE09CA,竹子腳段,33.23,都市：住
RPPOMLMJQHNFFGE58CA,鳳青段,117.63,都市：住
RPRNMLKMPHNFFGE68CA,鳳翔段,99.74,都市：住
RPSNMLLLQHNFFIE09CA,華美段,86.53,都市：住
RPPOMLSJQHNFFIE76CA,永和段,47.30,都市：住
RPROMLQLPHNFFJE96CA,樹人段,3556.86,非都市：一般農業區 ; 非都市編定：農牧用地
RPRNMLLJQHNFFJE88CA,海埔段,4.00,都市：住
RPRNMLLJQHNFFJE88CA,海埔段,92.00,都市：住
RPRNMLLJQHNFFJE88CA,海埔段,94.00,都市：住
RPRNMLLJQHNFFJE88CA,海埔段,104.00,都市：住
RPUNMLKMPHNFFJE66CA,立德段,86.52,都市：住
RPUNMLKMPHNFFJE66CA,立德段,85.15,都市：住
RPTNMLMJQHNFFJE56CA,中軍段,277.43,非都市：一般農業區 ; 非都市編定：農牧用地
RPROMLNLPHNFFIE56CA,竹後段,76.00,都市：住
RPUNMLPLPHNFFIE96CA,大竹段,62.33,都市：住
RPUNMLPLPHNFFIE96CA,大竹段,6.14,都市：住
RPVNMLKLQHNFFJE76CA,保萣段,319.27,都市：農
RPVNMLKLQHNFFJE76CA,保萣段,3778.98,都市：農
RPWNMLKLQHNFFJE86CA,保萣段,572.69,都市：農
RPWNMLKLQHNFFJE86CA,保萣段,3581.11,都市：農
RPQPMLPKQHNFFIE76CA,灣勢段,768.59,都市：農
RPQPMLPKQHNFFIE76CA,灣勢段,99.99,都市：農
RPQPMLPKQHNFFIE76CA,灣勢段,124.77,都市：農
RPRNMLPJRHNFFJE76CA,九鬮段,79.00,非都市： ; 非都市編定：
RPRNMLPJRHNFFJE76CA,九鬮段,29.12,非都市：特定農業區 ; 非都市編定：甲種建築用地
RPPNMLOKQHNFFJE09CA,崎漏段,83.00,都市：住
RPSNMLPJRHNFFJE86CA,九鬮段,29.12,非都市：特定農業區 ; 非都市編定：甲種建築用地
RPSNMLPJRHNFFJE86CA,九鬮段,79.00,非都市：特定農業區 ; 非都市編定：甲種建築用地
RPQOMLNJQHNFFJE09CA,崎漏段,3.38,都市：住
RPQOMLNJQHNFFJE09CA,崎漏段,3.65,都市：住
RPQOMLNJQHNFFJE09CA,崎漏段,3.65,都市：住
RPUNMLSJQHNFFIE17CA,永和段,85.00,都市：住
RPVNMLMJQHNFFJE76CA,九鬮段,29.12,非都市：特定農業區 ; 非都市編定：甲種建築用地
RPVNMLMJQHNFFJE76CA,九鬮段,79.00,非都市：特定農業區 ; 非都市編定：甲種建築用地
RPUNMLMJQHNFFJE66CA,九鬮段,29.12,非都市：特定農業區 ; 非都市編定：甲種建築用地
RPUNMLMJQHNFFJE66CA,九鬮段,79.00,非都市： ; 非都市編定：
RPRNMLOLPHNFFCE68DA,仁愛段,41.00,都市：住
RPPNMLOLPHNFFKE56CA,龍興段,855.87,非都市：鄉村區 ; 非都市編定：乙種建築用地
RPPNMLQLPHNFFKE76CA,瀰濃段,12.47,都市：住
RPPNMLQLPHNFFKE76CA,瀰濃段,8.03,都市：其他
RPPNMLQLPHNFFKE76CA,瀰濃段,37.37,都市：住
RPPNMLQLPHNFFKE76CA,瀰濃段,120.40,都市：住
RPTNMLPLPHNFFLE17CA,水源段,37.00,都市：住
RPTNMLPLPHNFFLE17CA,水源段,10.00,都市：住
RPVNMLRJQHNFFIE17CA,永和段,85.00,都市：住
RPUNMLPKQHNFFLE27CA,義仁段,73.52,都市：其他
RPUNMLPKQHNFFLE27CA,義仁段,298.90,都市：工
RPUNMLPKQHNFFLE27CA,義仁段,299.43,都市：工
RPUNMLPKQHNFFLE27CA,義仁段,362.65,都市：工
RPUNMLPKQHNFFLE27CA,義仁段,76.52,都市：其他
RPUNMLPKQHNFFLE27CA,義仁段,152.23,都市：其他
RPUNMLPKQHNFFLE27CA,義仁段,5.78,都市：工
RPUNMLPKQHNFFLE27CA,義仁段,872.02,都市：工
RPUNMLPKQHNFFLE27CA,義仁段,103.30,都市：農
RPUNMLPKQHNFFLE27CA,義仁段,38.60,都市：農
RPUNMLPKQHNFFLE27CA,義仁段,390.98,都市：農
RPSNMLQLPHNFFLE17CA,內厝段,67.00,都市：住
RPPNMLMLQHNFFLE56CA,水源段,23.83,都市：住
RPPNMLTKPHNFFAE88CD,大智段,9.91,都市：商
RPQNMLTKPHNFFAE98CD,大智段,8.85,都市：商
RPRNMLTKPHNFFAE09CD,大智段,8.73,都市：商
RPVNMLRLPHNFFLE57CA,仁德段,14.45,都市：住
RPVNMLRLPHNFFLE57CA,仁德段,81.41,都市：住
RPPNMLLKPHNFFCE28CD,山明段,41.54,都市：住
RPPNMLKLPHNFFBE18CD,過田子段,1.63,都市：商
RPPNMLKLPHNFFBE18CD,過田子段,1.78,都市：商
RPPNMLKLPHNFFBE18CD,過田子段,.24,都市：商
RPQNMLNKPHNFFAE38CD,青海段,28.14,都市：住
RPRNMLRKPHNFFFE76CD,三仙段,90.96,非都市：鄉村區 ; 非都市編定：乙種建築用地
RPRNMLRKPHNFFFE76CD,三仙段,6.61,非都市：鄉村區 ; 非都市編定：乙種建築用地
RPPNMLTKPHNFFEE66CD,新庄段七小段,28.77,都市：住
RPQNMLRKPHNFFGE76CD,北門段,57.00,都市：住
RPTNMLNLPHNFFLE07DA,六合段,13.33,都市：住
RPQNMLKLPHNFFGE78CD,赤山段,54.00,都市：住
RPSNMLRKPHNFFGE96CD,中崙段,47.47,都市：住
RPSNMLRKPHNFFGE96CD,中崙段,.15,都市：住
RPQOMLSKPHNFFEE76CD,德昌段,18.86,都市：住
RPPNMLQJPHNFFFE98CD,頂蚵子寮段,184.00,都市：住
RPRNMLKLPHNFFLE76CD,港子埔段,149.00,都市：住
RPPNMLKLPHNFFIE88CD,松埔段,10.51,非都市：鄉村區 ; 非都市編定：乙種建築用地
RPPNMLKLPHNFFLE56CD,中庄北段,17.72,都市：住
RPPNMLOLPHNFFJE76CD,海埔段,11.00,都市：工
RPPNMLNLPHNFFLE86CD,赤崁段,83.00,都市：住
RPSNMLNLPHNFFJE96CD,聖母段,9.10,都市：住
RPSNMLNLPHNFFJE96CD,聖母段,42.71,都市：住
RPPNMLKLPHNFFJE98CD,金平段,99.76,都市：商
RPPNMLNLPHNFFJE66CD,崎漏段,101.00,都市：住
RPQNMLLLOHNFFJE09CD,金平段,178.14,都市：商
RPQNMLTKPHNFFJE27CD,東安段,111.01,都市：住
RPPNMLSKPHNFFEE56CD,援中段一小段,19.36,都市：住
RPSNMLKLPHNFFGE98CD,竹子腳段,8.29,都市：住
RPPNMLKKPHNFFGE58CD,新甲段,43.92,都市：住
RPQNMLSKPHNFFEE66CD,援中段一小段,29.93,都市：住
RPRNMLSKPHNFFEE76CD,援中段一小段,25.11,都市：住
RPQNMLTKPHNFFDE66CD,大港段二小段,6.49,都市：商
RPSNMLSKPHNFFEE86CD,援中段一小段,25.76,都市：住
RPPNMLKLPHNFFDE38CD,覆鼎金段覆鼎金小段,23.72,都市：住
RPPNMLKLPHNFFFE58CD,面前埔段,13.78,非都市：鄉村區 ; 非都市編定：乙種建築用地
RPPNMLKLPHNFFAE08CD,鼓中段五小段,14.97,都市：住
RPPNMLKLPHNFFAE08CD,鼓中段五小段,4.54,都市：商
RPQNMLKLPHNFFDE48CD,灣華段,3.82,都市：住
RPSNMLPLPHNFFKE07DA,不老段,3080.08,非都市：風景區 ; 非都市編定：農牧用地
RPSNMLPLPHNFFKE07DA,不老段,933.59,非都市：風景區 ; 非都市編定：農牧用地
RPQNMLKLPHNFFAE18CD,龍中段,9.16,都市：商
RPPNMLNLPHNFFFE88CD,嘉興段,107.00,非都市：鄉村區 ; 非都市編定：乙種建築用地
RPPNMLNLQHNFFLE76DA,中汕段,634.00,都市：商
RPQNMLNLPHNFFFE98CD,富貴段,149.00,都市：住
RPQNMLNLPHNFFFE98CD,富貴段,32.00,都市：住
RPQNMLNLPHNFFFE98CD,富貴段,52.00,都市：住
RPPNMLMLPHNFFFE78CD,大公段,3.78,都市：住
RPPNMLMLPHNFFFE78CD,大公段,.77,都市：其他
RPRNMLPLPHNFFAE58DA,鹽府段,36.30,都市：商
RPTNMLKMPHNFFJE66DA,復安段,469.06,非都市：一般農業區 ; 非都市編定：農牧用地
RPUNMLPLPHNFFKE27DA,中興段,120.00,非都市：特定農業區 ; 非都市編定：甲種建築用地
RPQNMLPLPHNFFAE48DA,前金段,38.92,都市：商
RPQNMLPLPHNFFAE48DA,前金段,4.00,都市：商
RPRNMLNLPHNFFFE09CD,舊港口段,226.00,非都市：一般農業區 ; 非都市編定：甲種建築用地
RPPNMLPLPHNFFCE58DA,新生段,7.00,都市：住
RPPNMLPLPHNFFCE58DA,新生段,5.00,都市：住
RPRNMLPLPHNFFCE78DA,仁愛段,25.00,都市：住
RPRNMLPLPHNFFCE78DA,仁愛段,3.00,都市：住
RPSNMLKLQHNFFLE66CA,六合段,.71,都市：住
RPSNMLKLQHNFFLE66CA,六合段,.84,都市：其他
RPSNMLKLQHNFFLE66CA,六合段,1.08,都市：住
RPSNMLKLQHNFFLE66CA,六合段,15.69,都市：住
RPSNMLKLQHNFFLE66CA,六合段,.93,都市：其他
RPSNMLKLQHNFFLE66CA,六合段,.31,都市：住
RPSNMLKLQHNFFLE66CA,六合段,.16,都市：其他
RPUOMLQLPHNFFGE07DA,保成段,192.03,都市：住
RPSOMLQLPHNFFGE86DA,保成段,192.03,都市：住
RPTOMLQLPHNFFGE96DA,保成段,211.12,都市：住
RPQNMLMJQHNFFLE09CA,義和段,114.04,都市：住
RPOOMLQLPHNFFGE09DA,保成段,192.03,都市：住
RPUNMLRLPHNFFLE47CA,上寮南段,1168.96,都市：農
RPUNMLRLPHNFFLE47CA,上寮南段,20.56,都市：農
RPUNMLRJQHNFFLE37CA,後庄段,81.09,都市：住
RPRNMLRJQHNFFLE07CA,後庄段,92.16,都市：住
RPXNMLRLPHNFFLE77CA,會社段,9.88,都市：住
RPXNMLRLPHNFFLE77CA,會社段,1.58,都市：住
RPXNMLRLPHNFFLE77CA,會社段,11.59,都市：住
RPXNMLRLPHNFFLE77CA,會社段,2.35,都市：住
RPXNMLRLPHNFFLE77CA,會社段,1.41,都市：住
RPXNMLRLPHNFFLE77CA,會社段,1.41,都市：住
RPXNMLRLPHNFFLE77CA,會社段,.42,都市：住
RPQNMLNKQHNFFJE09CA,聖母段,24.02,都市：住
RPQNMLNKQHNFFJE09CA,聖母段,98.76,都市：住
RPPNMLRJQHNFFLE86CA,後庄段,182.08,都市：住
RPTNMLRJQHNFFLE27CA,後庄段,138.13,都市：住
RPOOMLKMPHNFFLE98CA,琉球段,84.04,都市：住
RPPNMLLJQHNFFJE68CA,崎漏段,92.00,都市：住
RPPNMLKMPHNFFLE98CA,後庄段,82.47,都市：住
RPPNMLNJQHNFFKE98CA,龍東段,1320.84,非都市：特定農業區 ; 非都市編定：農牧用地
RPQNMLRLPHNFFKE96CA,中圳段,1.00,都市：住
RPQNMLRLPHNFFKE96CA,中圳段,159.47,都市：住
RPQNMLRLPHNFFKE96CA,中圳段,43.23,都市：住
RPQNMLRLPHNFFKE96CA,中圳段,2.05,都市：住
RPSNMLPKQHNFFIE76CA,崎子段,1650.00,都市：農
RPWNMLQLPHNFFJE37CA,聖母段,98.22,都市：住
RPPNMLOLPHNFFJE09CA,海埔段,58.00,都市：工
RPRNMLSJQHNFFIE86CA,永和段,65.00,都市：住
RPRNMLSJQHNFFIE86CA,永和段,23.12,都市：住
RPPNMLRKQHNFFIE66CA,永和段,67.74,都市：住
RPPNMLRKQHNFFIE66CA,永和段,23.12,都市：住
RPQOMLQJQHNFFIE66CA,烏林段,2277.30,非都市：一般農業區 ; 非都市編定：農牧用地
RPWNMLRJQHNFFIE27CA,永和段,78.18,都市：住
RPWNMLRJQHNFFIE27CA,永和段,23.12,都市：住
RPXNMLRJQHNFFIE37CA,永和段,89.84,都市：住
RPSNMLQLPHNFFJE96CA,雙萣段,123.86,都市：住
RPOOMLRJQHNFFIE56CA,永和段,89.84,都市：住
RPPOMLRJQHNFFIE66CA,永和段,65.00,都市：住
RPPOMLRJQHNFFIE66CA,永和段,23.12,都市：住
RPSNMLPLPHNFFIE76CA,澄清段,16.76,都市：住
RPSNMLPLPHNFFIE76CA,澄清段,138.45,都市：住
RPPPMLQKQHNFFGE56CA,五甲段,7.23,都市：住
RPSNMLSJQHNFFIE96CA,永和段,65.00,都市：住
RPSNMLSJQHNFFIE96CA,永和段,23.12,都市：住
RPTNMLSJQHNFFIE07CA,永和段,66.88,都市：住
RPTNMLSJQHNFFIE07CA,永和段,23.12,都市：住
RPQOMLRLPHNFFIE86CA,八德段,12.15,都市：住
RPQOMLRLPHNFFIE86CA,八德段,74.34,都市：住
RPSOMLRLPHNFFIE07CA,八德段,71.08,都市：住
RPSOMLRLPHNFFIE07CA,八德段,13.95,都市：住
RPQNMLRLPHNFFHE66CA,新庄段,1376.00,非都市：鄉村區 ; 非都市編定：乙種建築用地
RPSNMLRLPHNFFHE86CA,溝坪段,2144.00,非都市：山坡地保育區 ; 非都市編定：農牧用地
RPSNMLRLPHNFFHE86CA,溝坪段,1746.00,非都市：山坡地保育區 ; 非都市編定：農牧用地
RPSNMLRLPHNFFHE86CA,溝坪段,4054.00,非都市：山坡地保育區 ; 非都市編定：農牧用地
RPSNMLRLPHNFFHE86CA,溝坪段,1028.00,非都市：山坡地保育區 ; 非都市編定：農牧用地
RPSNMLRLPHNFFHE86CA,溝坪段,247.00,非都市：山坡地保育區 ; 非都市編定：農牧用地
RPSNMLRLPHNFFHE86CA,溝坪段,466.00,非都市：山坡地保育區 ; 非都市編定：丙種建築用地
RPSNMLRLPHNFFHE86CA,溝坪段,267.00,非都市：山坡地保育區 ; 非都市編定：農牧用地
RPSNMLRLPHNFFHE86CA,溝坪段,5208.00,非都市：山坡地保育區 ; 非都市編定：農牧用地
RPSNMLRLPHNFFHE86CA,溝坪段,12781.00,非都市：山坡地保育區 ; 非都市編定：農牧用地
RPSNMLRLPHNFFHE86CA,溝坪段,11390.00,非都市：山坡地保育區 ; 非都市編定：農牧用地
RPSNMLRLPHNFFHE86CA,溝坪段,10000.00,非都市：山坡地保育區 ; 非都市編定：農牧用地
RPQPMLQLPHNFFGE66CA,頂新段,14.69,都市：商
RPXNMLKMPHNFFGE66CA,文英段,68.00,都市：住
RPSOMLRLPHNFFGE86CA,正義段,74.09,都市：住
RPOOMLRJQHNFFGE98CA,竹子腳段,24.63,都市：住
RPOOMLRJQHNFFGE98CA,竹子腳段,.22,都市：住
RPSPMLRLPHNFFGE96CA,竹子腳段,4.82,都市：住
RPSPMLRLPHNFFGE96CA,竹子腳段,1.30,都市：住
RPSPMLRLPHNFFGE96CA,竹子腳段,22.03,都市：住
RPROMLLJQHNFFGE68CA,五甲段,49.00,都市：住
RPOPMLKLQHNFFFE48CA,梓和段,.24,都市：住
RPXOMLRLPHNFFGE37CA,新甲段,9.80,都市：住
RPVOMLRLPHNFFGE17CA,埤頂段,26.20,都市：住
RPROMLNJQHNFFGE88CA,大樹保安段,112.67,都市：農
RPPOMLNJQHNFFGE68CA,大樹保安段,111.50,都市：農
RPUNMLLJQHNFFGE88CA,鳳翔段,270.00,都市：住
RPRPMLRKQHNFFFE76CA,石螺段,4.16,非都市：特定農業區 ; 非都市編定：農牧用地
RPPNMLPLPHNFFGE88CA,鳳甲段,28.30,都市：住
RPQNMLQLPHNFFGE09CA,中崙段,39.61,都市：住
RPQNMLQLPHNFFGE09CA,中崙段,.08,都市：住
RPOPMLRKQHNFFFE09CA,石螺段,1.85,非都市：特定農業區 ; 非都市編定：農牧用地
RPROMLRKQHNFFFE66CA,石螺段,1.80,非都市：特定農業區 ; 非都市編定：水利用地
RPROMLRKQHNFFFE66CA,石螺段,11.96,非都市：特定農業區 ; 非都市編定：水利用地
RPQPMLRKQHNFFFE66CA,石螺段,4.37,非都市：特定農業區 ; 非都市編定：農牧用地
RPPPMLRKQHNFFFE56CA,石螺段,.66,非都市：特定農業區 ; 非都市編定：農牧用地
RPXOMLLJQHNFFGE66CA,維新段,78.61,都市：住
RPXOMLLJQHNFFGE66CA,維新段,78.90,都市：住
RPXOMLLJQHNFFGE66CA,維新段,77.69,都市：住
RPXOMLLJQHNFFGE66CA,維新段,28.71,都市：住
RPQOMLRKQHNFFFE56CA,石螺段,.21,非都市：特定農業區 ; 非都市編定：水利用地
RPQOMLRKQHNFFFE56CA,石螺段,1.39,非都市：特定農業區 ; 非都市編定：水利用地
RPSPMLRKQHNFFFE86CA,大公段,119.00,都市：住
RPSNMLSKQHNFFEE66CA,右昌段二小段,119.00,都市：住
RPPNMLPLPHNFFFE78CA,嘉興段,3209.00,非都市：特定農業區 ; 非都市編定：農牧用地
RPUNMLPLPHNFFFE66CA,靖和段,52.14,都市：住
RPPNMLMKQHNFFEE38CA,高昌段,19.08,都市：住
RPQNMLNJQHNFFFE58CA,赤慈段,93.67,非都市：鄉村區 ; 非都市編定：乙種建築用地
RPRNMLMKQHNFFEE58CA,高昌段,12.31,都市：住
RPRNMLPLPHNFFFE98CA,岡山段,36.22,都市：住
RPPNMLKKQHNFFEE18CA,加昌段,37.15,都市：住
RPTOMLRJQHNFFEE66CA,清豐段,26.61,都市：住
RPRNMLQJQHNFFEE88CA,藍田西段,6.72,都市：商
RPQNMLNKQHNFFEE58CA,和平段五小段,27.21,都市：住
RPTNMLQJQHNFFEE09CA,藍田西段,11.09,都市：商
RPUNMLPKQHNFFCE98CA,愛群段,5.12,都市：商
RPQNMLLMPHNFFDE38CA,鼎中段,90.99,都市：住
RPSNMLNJQHNFFEE68CA,莒光段一小段,23.05,都市：住
RPSNMLNJQHNFFEE68CA,莒光段一小段,8.26,都市：商
RPUPMLQJQHNFFEE76CA,藍昌段三小段,7.00,都市：商
RPOOMLLMPHNFFDE28CA,大豐段二小段,63.00,都市：住
RPPNMLRLPHNFFEE88CA,翠屏段一小段,95.01,都市：住
RPQNMLTLPHNFFDE09CA,覆鼎金段覆鼎金小段,11.15,都市：住
RPQNMLTLPHNFFDE09CA,鼎泰段一小段,6.99,都市：住
RPQOMLRLPHNFFDE98CA,灣華段,40.74,都市：住
RPUNMLKLQHNFFCE58CA,店鎮段,25.17,都市：住
RPTOMLRLPHNFFDE66CA,三塊厝段一小段,18.43,都市：商
RPVNMLQLPHNFFDE66CA,澄清段二小段,15.03,都市：住
RPSOMLQKQHNFFCE98CA,店鎮段,32.28,都市：住
RPPNMLLLQHNFFCE18CA,憲德段一小段,12.64,都市：商
RPTNMLKLQHNFFCE48CA,店鎮段,18.56,都市：住
RPRNMLTLPHNFFDE56CA,鼎泰段,18.79,都市：住
RPVNMLPLPHNFFDE56CA,灣復段,10.31,都市：商
RPVNMLPLPHNFFDE56CA,灣復段,.01,都市：商
RPVNMLPLPHNFFDE56CA,灣復段,.04,都市：商
RPVNMLPLPHNFFDE56CA,灣復段,.02,都市：其他
RPOPMLRLPHNFFDE88CA,鼎泰段,40.89,都市：住
RPUNMLQKQHNFFCE09CA,店鎮段,26.18,都市：住
RPXOMLQLPHNFFCE86CA,朝陽段,243.00,都市：工
RPSPMLQLPHNFFCE09CA,仁愛段,118.00,都市：住
RPTOMLRLPHNFFCE56CA,光華段一小段,9.25,都市：住
RPTOMLRLPHNFFCE56CA,光華段一小段,1.52,都市：商
RPOOMLLJQHNFFCE97CA,瑞隆段一小段,26.75,都市：住
RPVNMLLLQHNFFCE78CA,店鎮段,25.17,都市：住
RPVNMLNJQHNFFCE78CA,高鳳段,120.00,都市：住
RPXNMLLMPHNFFCE98CA,瑞隆段三小段,22.72,都市：住
RPTNMLLJQHNFFCE38CA,光華段一小段,29.82,都市：住
RPQPMLPLPHNFFCE78CA,龍鳳段,46.00,都市：住
RPSNMLRKQHNFFBE88CA,新興段四小段,5.19,都市：商
RPWOMLPLPHNFFCE66CA,籬子內段崗山子小段,54.00,都市：住
RPQNMLOLPHNFFBE38CA,新興段一小段,6.87,都市：商
RPQNMLOLPHNFFBE38CA,新興段一小段,.64,都市：其他
RPXNMLKLQHNFFAE68CA,龍華段三小段,2.47,都市：住
RPXNMLKMPHNFFBE78CA,新興段二小段,2.57,都市：商
RPPNMLKMPHNFFBE97CA,林德官段二小段,31.18,都市：住
RPROMLQKQHNFFAE68CA,青海段,27.15,都市：住
RPXNMLPKQHNFFBE56CA,林聖段,26.00,都市：住
RPXNMLPKQHNFFBE56CA,林聖段,508.00,都市：住
RPXNMLPKQHNFFBE56CA,林聖段,111.00,都市：住
RPXNMLPKQHNFFBE56CA,林聖段,1147.00,都市：住
RPWNMLRLPHNFFBE66CA,大統段一小段,9.16,都市：商
RPSNMLQLPHNFFBE78CA,苓洲段,23.11,都市：住
RPSNMLQLPHNFFBE78CA,苓洲段,.38,都市：住
RPQNMLRJQHNFFAE48CA,青海段,15.30,都市：住
RPPNMLQLPHNFFAE38CA,前金段,1.35,都市：商
RPPNMLQLPHNFFAE38CA,前金段,2.55,都市：商
RPUNMLQJQHNFFAE78CA,青海段,20.00,都市：住
RPROMLLMPHNFFAE28CA,內惟段二小段,20.25,都市：住
RPUNMLPKQHNFFAE78CA,前金段,6.39,都市：商
RPUNMLPKQHNFFAE78CA,前金段,.04,都市：商
RPUNMLPKQHNFFAE78CA,前金段,34.92,都市：住
RPUNMLPKQHNFFAE78CA,前金段,.59,都市：住
RPXNMLLMPHNFFAE78CA,鼓中段三小段,40.00,都市：住
RPVOMLLMPHNFFAE68CA,前金段,.44,都市：商
RPVOMLLMPHNFFAE68CA,前金段,4.73,都市：商
RPVOMLLMPHNFFAE68CA,前金段,.29,都市：商
RPPOMLKMPHNFFAE97CA,青海段,18.64,都市：住
RPUNMLQLPHNFFAE88CA,龍水段,2.53,都市：住
RPUNMLQLPHNFFAE88CA,青海段,9.18,都市：住
RPTNMLRLPHNFFAE88CA,龍華段一小段,70.00,都市：住
RPWNMLOLPHNFFAE88CA,東金段,45.00,都市：商
RPQNMLRLPHNFFAE58CA,後金段,15.16,都市：商
RPTOMLQLPHNFFAE88CA,東金段,21.44,都市：商
RPPNMLPLPHNFFAE28CA,前金段,7.08,都市：商
RPTNMLPLPHNFFAE68CA,青海段,11.93,都市：住
RPUNMLPLPHNFFAE78CA,青海段,8.61,都市：商
RPOOMLPLPHNFFAE28CA,鼓中段五小段,36.56,都市：住
RPOOMLPLPHNFFAE28CA,鼓中段五小段,.05,都市：住
RPOPMLQLPHNFFAE48CA,龍華段二小段,22.45,都市：住
RPOOMLRLPHNFFAE48CA,內惟段五小段,26.00,都市：商
RPQNMLLMPHNFFAE08CA,內惟段五小段,139.00,都市：住
RPWOMLKMPHNFFAE68CA,鼓中段一小段,110.00,都市：住
RPWNMLLMPHNFFAE68CA,興福段,13.22,都市：住
RPPNMLQJQHNFFAE28CA,府北段五小段,1.75,都市：商
RPRNMLQJQHNFFAE48CA,東金段,3.33,都市：商
RPSOMLMJQHNFFAE28CA,內惟段五小段,7.50,都市：住
RPSOMLMJQHNFFAE28CA,內惟段五小段,55.50,都市：住
RPUNMLQLPHNFFBE98CA,五塊厝段,22.58,都市：商
RPWNMLOKQHNFFAE88CA,內惟段一小段,29.40,都市：住
RPOOMLRLPHNFFBE58CA,過田子段,11.00,都市：其他
RPOOMLRLPHNFFBE58CA,過田子段,42.00,都市：住
RPPNMLOKQHNFFAE18CA,前金段,16.07,都市：商
RPXOMLRLPHNFFBE86CA,新興段一小段,2.92,都市：商
RPQOMLKMPHNFFBE18CA,林德官段一小段,13.33,都市：住
RPQOMLLMPHNFFBE28CA,五塊厝段,31.00,都市：住
RPRPMLLJQHNFFBE28CA,林德官段一小段,14.08,都市：商
RPROMLLMPHNFFBE38CA,成功段,45.98,都市：商
RPWOMLRLPHNFFBE76CA,新興段四小段,113.00,都市：商
RPSOMLLJQHNFFBE28CA,苓東段,19.95,都市：商
RPSOMLLJQHNFFBE28CA,苓東段,1.95,都市：其他
RPSOMLLJQHNFFBE28CA,苓東段,2.28,都市：住
RPWOMLLMPHNFFBE88CA,新興段三小段,200.00,都市：商
RPQPMLLJQHNFFBE18CA,林德官段一小段,15.65,都市：商
RPSNMLQLPHNFFCE88CA,光華段,38.80,都市：住
RPPOMLMJQHNFFBE08CA,五權段,22.00,都市：住
RPPOMLQKQHNFFBE58CA,苓東段,18.49,都市：商
RPPOMLQKQHNFFBE58CA,苓東段,1.81,都市：其他
RPPOMLQKQHNFFBE58CA,苓東段,2.11,都市：住
RPVNMLKKQHNFFBE48CA,武聖段,84.00,都市：住
RPQOMLTJQHNFFBE88CA,新興段四小段,4.04,都市：商
RPWNMLKKQHNFFBE58CA,五權段,8.17,都市：商
RPQOMLQKQHNFFBE68CA,苓東段,18.49,都市：商
RPQOMLQKQHNFFBE68CA,苓東段,1.81,都市：其他
RPQOMLQKQHNFFBE68CA,苓東段,2.11,都市：住
RPOOMLQLPHNFFCE58CA,孔宅段,27.65,都市：住
RPRNMLKMPHNFFDE38CA,獅頭段,12.98,都市：商
RPQNMLMJQHNFFCE18CA,大業段,56.00,都市：住
RPOOMLLLQHNFFCE18CA,坪北段,4172.31,都市：其他
RPPNMLMJQHNFFCE08CA,憲德段,20.88,都市：住
RPPNMLMJQHNFFCE08CA,憲德段,62.00,都市：住
RPPOMLLJQHNFFDE18CA,獅頭段一小段,15.64,都市：商
RPUNMLMJQHNFFCE58CA,松華段,95.94,都市：住
RPUNMLKMPHNFFCE58CA,二苓段,52.00,都市：住
RPVOMLLJQHNFFDE78CA,灣復段,9.74,都市：商
RPUOMLQLPHNFFEE76CA,清楠段,5.05,都市：住
RPXNMLNJQHNFFDE09CA,大港段,20.07,都市：住
RPVPMLLJQHNFFDE88CA,鼎泰段,14.43,都市：住
RPTNMLMJQHNFFDE58CA,鼎泰段,22.38,都市：住
RPUNMLQLPHNFFEE66CA,和平段一小段,5.70,都市：住
RPUNMLQLPHNFFEE66CA,和平段一小段,.80,都市：住
RPUNMLQLPHNFFEE66CA,和平段一小段,20.60,都市：住
RPQNMLQKQHNFFDE78CA,鼎中段,.17,都市：其他
RPQNMLQKQHNFFDE78CA,鼎中段,.35,都市：其他
RPXNMLPKQHNFFDE76CA,三塊厝段三小段,15.36,都市：住
RPOOMLPKQHNFFDE58CA,三塊厝段三小段,11.86,都市：住
RPPNMLKMPHNFFEE28CA,後勁段一小段,4.99,都市：住
RPPNMLKMPHNFFEE28CA,後勁段一小段,4.99,都市：住
RPPNMLKMPHNFFEE28CA,後勁段一小段,2.24,都市：商
RPPNMLKMPHNFFEE28CA,後勁段一小段,2.24,都市：商
RPPOMLPKQHNFFDE68CA,三塊厝段三小段,11.28,都市：住
RPQNMLKMPHNFFEE38CA,後勁段一小段,14.29,都市：住
RPQNMLKMPHNFFEE38CA,後勁段一小段,6.42,都市：商
RPWNMLKMPHNFFEE98CA,後勁段一小段,11.54,都市：住
RPWNMLKMPHNFFEE98CA,後勁段一小段,5.19,都市：商
RPPOMLKMPHNFFEE38CA,後勁段一小段,10.85,都市：住
RPPOMLKMPHNFFEE38CA,後勁段一小段,4.88,都市：商
RPRNMLKMPHNFFEE48CA,後勁段一小段,14.29,都市：住
RPRNMLKMPHNFFEE48CA,後勁段一小段,6.42,都市：商
RPTNMLKMPHNFFEE68CA,後勁段一小段,10.68,都市：住
RPTNMLKMPHNFFEE68CA,後勁段一小段,4.80,都市：商
RPXNMLKMPHNFFEE09CA,後勁段一小段,9.64,都市：住
RPXNMLKMPHNFFEE09CA,後勁段一小段,4.33,都市：商
RPUNMLKMPHNFFEE78CA,後勁段一小段,5.34,都市：住
RPUNMLKMPHNFFEE78CA,後勁段一小段,5.34,都市：住
RPUNMLKMPHNFFEE78CA,後勁段一小段,2.40,都市：商
RPUNMLKMPHNFFEE78CA,後勁段一小段,2.40,都市：商
RPSNMLKMPHNFFEE58CA,後勁段一小段,15.15,都市：住
RPSNMLKMPHNFFEE58CA,後勁段一小段,6.81,都市：商
RPQOMLKMPHNFFEE48CA,後勁段一小段,10.85,都市：住
RPQOMLKMPHNFFEE48CA,後勁段一小段,4.88,都市：商
RPROMLKMPHNFFEE58CA,後勁段一小段,9.82,都市：住
RPROMLKMPHNFFEE58CA,後勁段一小段,4.41,都市：商
RPROMLRLPHNFFEE56CA,後勁段一小段,10.16,都市：住
RPROMLRLPHNFFEE56CA,後勁段一小段,4.57,都市：商
RPPOMLRLPHNFFEE98CA,芎蕉段,8.95,都市：住
RPQOMLRLPHNFFEE09CA,後勁段一小段,10.16,都市：住
RPQOMLRLPHNFFEE09CA,後勁段一小段,4.57,都市：商
RPXNMLLMPHNFFEE56CA,新民段,12.86,都市：商
RPRNMLLMPHNFFEE58CA,新庄段二小段,26.64,都市：商
RPRNMLNKQHNFFEE68CA,莒光段二小段,64.00,都市：住
RPRNMLKKQHNFFEE38CA,右昌段二小段,50.00,都市：住
RPVOMLKMPHNFFEE98CA,後勁段一小段,10.33,都市：住
RPVOMLKMPHNFFEE98CA,後勁段一小段,4.64,都市：商
RPWOMLKMPHNFFEE09CA,後勁段一小段,10.33,都市：住
RPWOMLKMPHNFFEE09CA,後勁段一小段,4.64,都市：商
RPSPMLKLQHNFFEE78CA,和平段五小段,3.87,都市：商
RPSPMLKLQHNFFEE78CA,和平段五小段,.23,都市：住
RPSRMLKMPHNFFEE98CA,藍田西段,102.53,都市：住
RPXNMLNKQHNFFEE66CA,和平段五小段,17.24,都市：住
RPXNMLNKQHNFFEE66CA,和平段五小段,.06,都市：其他
RPWPMLKLQHNFFEE56CA,和平段五小段,3.92,都市：商
RPWPMLKLQHNFFEE56CA,和平段五小段,.23,都市：住
RPSPMLKMPHNFFEE78CA,新庄段一小段,42.88,都市：住
RPPNMLQKQHNFFFE88CA,北角宿段,1038.79,非都市：山坡地保育區 ; 非都市編定：農牧用地
RPPNMLPJQHNFFFE68CA,保安段,131.99,非都市：一般農業區 ; 非都市編定：農牧用地
RPSOMLRKQHNFFFE76CA,石螺段,2.37,非都市：特定農業區 ; 非都市編定：農牧用地
RPSNMLPLPHNFFFE09CA,南庄段,299.19,非都市：鄉村區 ; 非都市編定：乙種建築用地
RPPNMLRLPHNFFFE98CA,岡山段,28.39,都市：住
RPTOMLRKQHNFFFE86CA,石螺段,1.29,非都市：特定農業區 ; 非都市編定：農牧用地
RPTNMLRLPHNFFFE76CA,岡山段,18.32,都市：住
RPTNMLRLPHNFFFE76CA,岡山段,18.32,都市：住
RPRNMLQLPHNFFFE09CA,岡山段,8.31,都市：住
RPVNMLRKQHNFFFE96CA,石螺段,1.25,非都市：特定農業區 ; 非都市編定：水利用地
RPVNMLRKQHNFFFE96CA,石螺段,8.33,非都市：特定農業區 ; 非都市編定：水利用地
RPUNMLRKQHNFFFE86CA,石螺段,.21,非都市：特定農業區 ; 非都市編定：水利用地
RPUNMLRKQHNFFFE86CA,石螺段,1.39,非都市：特定農業區 ; 非都市編定：水利用地
RPWNMLRKQHNFFFE07CA,石螺段,.21,非都市：特定農業區 ; 非都市編定：水利用地
RPWNMLRKQHNFFFE07CA,石螺段,1.39,非都市：特定農業區 ; 非都市編定：水利用地
RPUOMLRKQHNFFFE96CA,石螺段,2.95,非都市：特定農業區 ; 非都市編定：農牧用地
RPXOMLRKQHNFFFE27CA,石螺段,4.16,非都市：特定農業區 ; 非都市編定：農牧用地
RPPOMLKMPHNFFFE48CA,頂田段,2562.00,非都市：特定農業區 ; 非都市編定：農牧用地
RPWOMLRKQHNFFFE17CA,石螺段,1.05,非都市：特定農業區 ; 非都市編定：農牧用地
RPXNMLRKQHNFFFE17CA,石螺段,1.80,非都市：特定農業區 ; 非都市編定：水利用地
RPXNMLRKQHNFFFE17CA,石螺段,11.96,非都市：特定農業區 ; 非都市編定：水利用地
RPTOMLKMPHNFFFE88CA,大智段,215.00,都市：農
RPTOMLKMPHNFFFE88CA,大智段,198.00,都市：農
RPTOMLKMPHNFFFE88CA,大智段,110.00,都市：農
RPTOMLKMPHNFFFE88CA,大智段,105.00,都市：農
RPTOMLRLPHNFFGE96CA,華鳳段,28.98,都市：住
RPTOMLRLPHNFFGE96CA,華鳳段,1.33,都市：住
RPPOMLRKQHNFFFE09CA,石螺段,.10,非都市：特定農業區 ; 非都市編定：水利用地
RPPOMLRKQHNFFFE09CA,石螺段,.69,非都市：特定農業區 ; 非都市編定：水利用地
RPOOMLRKQHNFFFE98CA,石螺段,.21,非都市：特定農業區 ; 非都市編定：水利用地
RPOOMLRKQHNFFFE98CA,石螺段,1.39,非都市：特定農業區 ; 非都市編定：水利用地
RPRNMLRLPHNFFGE66CA,七老爺段一甲小段,69.00,都市：住
RPOOMLRLPHNFFGE09CA,赤山段,10.98,都市：商
RPXNMLOJRHNFFFE86CA,石螺段,.92,非都市：特定農業區 ; 非都市編定：農牧用地
RPPOMLRLPHNFFGE56CA,赤山段,7.32,都市：商
RPQOMLRLPHNFFGE66CA,赤山段,7.84,都市：商
RPPNMLLLQHNFFFE48CA,安東段,20.42,都市：住
RPOOMLRLPHNFFFE98CA,嘉興段,23.00,非都市：鄉村區 ; 非都市編定：乙種建築用地
RPOOMLRLPHNFFFE98CA,嘉興段,23.00,非都市：鄉村區 ; 非都市編定：乙種建築用地
RPTNMLKMPHNFFGE88CA,鳳青段,96.71,都市：住
RPROMLRLPHNFFGE76CA,過埤段,12.65,都市：住
RPQNMLTLPHNFFGE76CA,新甲段,79.00,都市：其他
RPWNMLRLPHNFFGE17CA,赤山段,13.94,都市：商
RPUOMLLJQHNFFGE98CA,中崙段,39.44,都市：住
RPUOMLLJQHNFFGE98CA,中崙段,.08,都市：住
RPPNMLSJQHNFFGE09CA,文山段,15.36,都市：住
RPUNMLMJQHNFFGE98CA,華英段,87.43,都市：住
RPSNMLQJQHNFFGE56CA,埤頂段,17.40,都市：住
RPROMLKMPHNFFGE78CA,小坪段,600.21,非都市：一般農業區 ; 非都市編定：農牧用地
RPWNMLLMPHNFFGE66CA,埤頂段,15.69,都市：住
RPRNMLLJQHNFFGE58CA,鳳翔段,198.04,都市：住
RPOPMLQKQHNFFGE09CA,埤頂段,10.52,都市：住
RPTNMLLJQHNFFGE78CA,文英段,58.00,都市：住
RPUOMLLMPHNFFGE56CA,五甲段,27.80,都市：住
RPWNMLPLPHNFFIE17CA,萬金段,34.14,都市：住
RPXNMLQLPHNFFIE37CA,慈惠段,13.98,都市：住
RPVOMLQLPHNFFIE27CA,青雲段,27.74,都市：住
RPUOMLQLPHNFFIE17CA,青雲段,27.74,都市：住
RPXOMLQLPHNFFIE47CA,青雲段,26.56,都市：住
RPWOMLQLPHNFFIE37CA,青雲段,27.74,都市：住
RPQNMLOKQHNFFHE98CA,旗甲段,1782.10,非都市：特定農業區 ; 非都市編定：農牧用地
RPQPMLQLPHNFFIE86CA,青雲段,13.33,都市：住
RPRNMLOKQHNFFHE09CA,旗甲段,1163.68,非都市：特定農業區 ; 非都市編定：農牧用地
RPOPMLQLPHNFFIE66CA,青雲段,26.56,都市：住
RPPPMLQLPHNFFIE76CA,青雲段,27.74,都市：住
RPRNMLNKQHNFFIE09CA,圳觀段,1.92,都市：農
RPRNMLNKQHNFFIE09CA,圳觀段,830.96,都市：農
RPRNMLNKQHNFFIE09CA,圳觀段,6.23,都市：農
RPPNMLNJQHNFFIE78CA,保安段,19.75,都市：住
RPWNMLPKQHNFFIE17CA,萬金段,16.96,都市：住
RPQNMLPKQHNFFJE66CA,清水段,129.76,都市：住
RPOOMLRLPHNFFIE66CA,大安段,5.40,都市：其他
RPOOMLRLPHNFFIE66CA,大安段,.10,都市：其他
RPOOMLRLPHNFFIE66CA,大安段,132.00,都市：住
RPOOMLRLPHNFFIE66CA,大安段,37.80,都市：住
RPOOMLRLPHNFFIE66CA,大安段,1.00,都市：住
RPOOMLRLPHNFFIE66CA,大安段,.20,都市：住
RPOOMLRLPHNFFIE66CA,大安段,2.40,都市：住
RPOOMLRLPHNFFIE66CA,大安段,.10,都市：其他
RPSOMLQLPHNFFJE07CA,民生段,15.88,都市：住
RPVNMLKKQHNFFJE66CA,南安老段,739.58,非都市：山坡地保育區 ; 非都市編定：農牧用地
RPUPMLQLPHNFFIE27CA,豐禾段,18.91,都市：住
RPUPMLQLPHNFFIE27CA,豐禾段,53.35,都市：住
RPOOMLLMPHNFFIE78CA,草潭段,80.08,都市：住
RPOOMLLMPHNFFIE78CA,草潭段,1.80,都市：住
RPOOMLLMPHNFFIE78CA,草潭段,26.07,都市：住
RPUNMLKKQHNFFJE56CA,文南段,168.40,都市：住
RPUNMLNJQHNFFJE76CA,福東段,145.44,都市：住
RPWNMLQLPHNFFGE17DA,保成段,192.03,都市：住
RPOOMLRLPHNFFLE96CA,港子埔段,267.00,都市：農
RPOOMLRLPHNFFLE96CA,港子埔段,267.00,都市：農
RPOOMLRLPHNFFLE96CA,港子埔段,267.00,都市：農
RPOOMLRLPHNFFLE96CA,港子埔段,267.00,都市：農
RPVNMLNJQHNFFLE07CA,磚子段,1269.00,都市：農
RPWNMLRLPHNFFLE67CA,中庄北段,19.47,都市：住
RPUNMLQLPHNFFCE56DA,鳳鼻頭段,16.00,都市：住
RPUNMLQLPHNFFCE56DA,鳳鼻頭段,48.00,都市：其他
RPVNMLRLPHNFFAE56DA,博孝段,7.86,都市：住
RPQNMLPLPHNFFKE86DA,不老段,2504.56,非都市：風景區 ; 非都市編定：農牧用地
RPRNMLPLPHNFFKE96DA,不老段,2504.56,非都市：風景區 ; 非都市編定：農牧用地
RPTNMLQJQHNFFFE66DA,岡山段,36.63,都市：住
RPQOMLQJQHNFFCE78DA,仁愛段,16.00,都市：住
RPQOMLQJQHNFFCE78DA,仁愛段,5.00,都市：住
RPWNMLLJQHNFFLE96CA,後庄段,.06,都市：住
RPWNMLLJQHNFFLE96CA,後庄段,82.77,都市：住
RPPNMLQLPHNFFHE56DA,十八份段,2548.08,非都市：特定農業區 ; 非都市編定：農牧用地
RPTNMLTJQHNFFHE17DA,廣福段,1000.00,非都市：鄉村區 ; 非都市編定：乙種建築用地
RPQNMLOLPHNFFFE09CD,安港段,415.32,都市：工
RPVNMLRLPHNFFJE47DA,慈濟段,127.14,都市：住
RPVNMLRLPHNFFJE47DA,慈濟段,8.60,都市：其他
RPPNMLOLPHNFFFE98CD,華崗段,53.62,非都市：一般農業區 ; 非都市編定：農牧用地
RPPNMLQKPHNFFCE78CD,孔宅段,31.47,都市：住
RPPNMLOLPHNFFEE88CD,新庄段十三小段,14.68,都市：商
RPWNMLSKPHNFFEE27CD,援中段一小段,25.76,都市：住
RPOOMLSKPHNFFEE56CD,援中段一小段,25.76,都市：住
RPPNMLNLPHNFFEE78CD,新庄段七小段,33.54,都市：住
RPVNMLSKPHNFFEE17CD,援中段一小段,25.76,都市：住
RPRNMLNLPHNFFCE78CD,坪鳳段,84.70,都市：住
RPSNMLTKPHNFFEE96CD,果貿段,8.58,都市：住
RPTNMLSKPHNFFEE96CD,援中段一小段,24.95,都市：住
RPQNMLTKOHNFFDE56CD,水源段,119.26,都市：住
RPQNMLOLPHNFFLE07CD,潭頭段,600.00,都市：農
RPPNMLKLPHNFFGE68CD,赤山段,28.80,都市：住
RPPNMLKLPHNFFGE68CD,赤山段,4.50,都市：住
RPQNMLNLPHNFFGE09CD,竹子腳段,24.63,都市：住
RPPNMLSKPHNFFGE76CD,華鳳段,28.98,都市：住
RPPNMLSKPHNFFGE76CD,華鳳段,1.33,都市：住
RPPNMLNLPHNFFHE09CD,旗甲段,2930.77,非都市：特定農業區 ; 非都市編定：農牧用地
RPPNMLTKPHNFFFE76CD,仕興段,63.00,都市：住
RPPNMLQLPHNFFJE96CD,北蓮段,57.65,都市：住
RPRNMLTKPHNFFEE86CD,清楠段,18.81,都市：住
RPRNMLTKPHNFFEE86CD,清楠段,.16,都市：住
RPRNMLTKPHNFFEE86CD,清楠段,61.79,都市：住
RPRNMLOLPHNFFLE17CD,會結北段,64.49,都市：住
RPSNMLKLPHNFFLE86CD,內厝段,70.00,都市：住
RPSNMLKLPHNFFLE86CD,內厝段,57.00,都市：住
RPSNMLKLPHNFFLE86CD,內厝段,8.00,都市：住
RPQNMLQLPHNFFJE07CD,中軍段,61.70,非都市：特定農業區 ; 非都市編定：殯葬用地
RPSNMLRLPHNFFGE07CD,新甲段,17.14,都市：住
RPSNMLRLPHNFFGE07CD,新甲段,17.46,都市：住
RPQNMLKLPHNFFLE66CD,中庄北段,55.16,都市：住
RPQNMLKLPHNFFLE66CD,中庄北段,22.09,都市：住
RPPNMLTKPHNFFLE37CD,內湖段,18.26,都市：住
RPRNMLMLOHNFFHE09CD,旗南段,84.72,都市：住
RPQNMLTKPHNFFFE86CD,同安段,518.92,非都市：鄉村區 ; 非都市編定：乙種建築用地
RPQNMLTKPHNFFFE86CD,同安段,74.00,非都市：鄉村區 ; 非都市編定：乙種建築用地
RPQNMLNLPHNFFEE88CD,左東段,12.75,都市：住
RPQNMLOLPHNFFEE98CD,菜公段六小段,6.63,都市：住
RPRNMLOLPHNFFEE09CD,興隆段,71.00,都市：住
RPRNMLOLPHNFFEE09CD,興隆段,21.35,都市：住
RPRNMLOLPHNFFEE09CD,興隆段,.25,都市：住
RPQNMLKMPHNFFJE98DA,白砂段,16.82,都市：其他
RPQNMLKMPHNFFJE98DA,白砂段,34.03,都市：住
RPPNMLOLPHNFFBE58CD,林聖段一小段,16.92,都市：住
RPQNMLLKPHNFFCE38CD,山明段,5.73,都市：住
RPRNMLSKPHNFFFE86CD,岡山段,122.00,都市：住
RPPNMLQLPHNFFFE56CD,石螺潭段,68.00,非都市：特定農業區 ; 非都市編定：甲種建築用地
RPQNMLOLPHNFFIE76CD,育英段,136.07,都市：住
RPQNMLQKPHNFFCE88CD,孔宅段,24.32,都市：住
RPQNMLLJQHNFFHE68DA,茄苳湖段,2590.00,非都市：山坡地保育區 ; 非都市編定：農牧用地
RPRNMLQLPHNFFKE07DA,文武段,10.00,非都市：鄉村區 ; 非都市編定：乙種建築用地
RPRNMLNJQHNFFGE88DA,興和段,17.25,非都市：特定農業區 ; 非都市編定：甲種建築用地
RPRPMLLMPHNFFEE88DA,新庄段二小段,25.64,都市：住
RPSOMLQLPHNFFCE09DA,仁愛段,17.00,都市：住
RPSOMLQLPHNFFCE09DA,仁愛段,135.00,都市：住
RPROMLQLPHNFFCE98DA,仁愛段,2.00,都市：住
RPROMLQLPHNFFCE98DA,仁愛段,28.00,都市：住
RPQNMLKMPHNFFCE28DA,鎮昌段,61.00,都市：住
RPSNMLNLQHNFFJE76CA,三爺埤段,8.24,非都市：一般農業區 ; 非都市編定：農牧用地
RPUNMLLJQHNFFLE76CA,六合段,.53,都市：住
RPUNMLLJQHNFFLE76CA,六合段,.88,都市：住
RPUNMLLJQHNFFLE76CA,六合段,.76,都市：住
RPUNMLLJQHNFFLE76CA,六合段,.20,都市：住
RPUNMLLJQHNFFLE76CA,六合段,.35,都市：其他
RPUNMLLJQHNFFLE76CA,六合段,24.93,都市：其他
RPQNMLLMPHNFFLE56CA,中芸段,1608.00,都市：農
SPSNMLNLQHNFFJE86CA,三爺埤段,.24,非都市：一般農業區 ; 非都市編定：農牧用地
RPUNMLKMPHNFFLE86CA,王公廟段,732.00,都市：農
RPVNMLKMPHNFFLE96CA,林園段,22.33,都市：商
RPTNMLKMPHNFFLE76CA,溪州段二小段,103.00,都市：住
RPUNMLLLQHNFFLE96CA,中厝段,3.39,都市：住
RPUNMLLLQHNFFLE96CA,中厝段,34.11,都市：住
RPUNMLLLQHNFFLE96CA,中厝段,8.61,都市：住
RPTNMLNLQHNFFJE86CA,三爺埤段,52.71,非都市：一般農業區 ; 非都市編定：農牧用地
RPQNMLQLPHNFFKE86CA,中圳段,3.89,都市：住
RPPNMLKMPHNFFJE78CA,劉家段,9.71,非都市：鄉村區 ; 非都市編定：乙種建築用地
RPPNMLKMPHNFFJE78CA,劉家段,217.78,非都市：鄉村區 ; 非都市編定：乙種建築用地
RPPNMLKMPHNFFJE78CA,劉家段,8841.02,非都市：一般農業區 ; 非都市編定：養殖用地
RPPNMLKMPHNFFJE78CA,劉家段,2406.72,非都市：一般農業區 ; 非都市編定：養殖用地
RPPNMLKMPHNFFJE78CA,劉家段,5.72,非都市：鄉村區 ; 非都市編定：乙種建築用地
RPPNMLKMPHNFFJE78CA,劉家段,56.26,非都市：鄉村區 ; 非都市編定：乙種建築用地
RPPNMLKMPHNFFJE78CA,劉家段,11.10,非都市：鄉村區 ; 非都市編定：乙種建築用地
RPPNMLKMPHNFFJE78CA,劉家段,1.48,非都市：鄉村區 ; 非都市編定：乙種建築用地
RPPNMLKMPHNFFJE78CA,劉家段,.61,非都市：鄉村區 ; 非都市編定：乙種建築用地
RPPNMLKMPHNFFJE78CA,劉家段,5.69,非都市：一般農業區 ; 非都市編定：養殖用地
RPPNMLKMPHNFFJE78CA,海山段,27.38,非都市：一般農業區 ; 非都市編定：養殖用地
RPSNMLKMPHNFFJE09CA,聖母段,24.02,都市：住
RPSNMLKMPHNFFJE09CA,聖母段,90.18,都市：住
SPTNMLNLQHNFFJE96CA,三爺埤段,1.33,非都市：一般農業區 ; 非都市編定：農牧用地
RPUNMLNLQHNFFJE96CA,三爺埤段,19.22,非都市：一般農業區 ; 非都市編定：農牧用地
RPRNMLRLPHNFFKE07CA,長生段,1065.58,非都市：山坡地保育區 ; 非都市編定：農牧用地
RPRNMLRLPHNFFKE07CA,長生段,1057.62,非都市：山坡地保育區 ; 非都市編定：農牧用地
SPUNMLNLQHNFFJE07CA,三爺埤段,.47,非都市：一般農業區 ; 非都市編定：農牧用地
RPPNMLNKQHNFFHE78CA,中正段,14.08,非都市：鄉村區 ; 非都市編定：乙種建築用地
RPPNMLNKQHNFFHE78CA,中正段,97.52,非都市：鄉村區 ; 非都市編定：乙種建築用地
RPXNMLPKQHNFFGE07CA,七老爺段一甲小段,65.00,都市：住
RPSNMLLJQHNFFIE88CA,保安段,10.93,都市：住
RPWNMLKLQHNFFGE56CA,南華段,35.89,都市：住
RPPNMLRLPHNFFIE66CA,興工段,11.35,都市：商
RPVNMLNKQHNFFIE86CA,烏林段,91.37,非都市：特定農業區 ; 非都市編定：甲種建築用地
RPSNMLLMPHNFFJE56CA,復興段,18.02,都市：農
RPSNMLLMPHNFFJE56CA,復興段,6.82,都市：農
RPSNMLLMPHNFFJE56CA,復興段,192.10,都市：農
RPRPMLQLPHNFFIE96CA,慈惠段,16.17,都市：住
RPVNMLKKQHNFFGE98CA,竹子腳段,1.00,都市：住
RPVNMLKKQHNFFGE98CA,竹子腳段,161.00,都市：住
RPVNMLKKQHNFFGE98CA,竹子腳段,7.30,都市：住
RPWNMLQJQHNFFGE96CA,竹子腳段,24.23,都市：住
RPWNMLQJQHNFFGE96CA,竹子腳段,.35,都市：住
RPWOMLLMPHNFFGE76CA,文英段,20.41,都市：住
RPWNMLTJQHNFFIE47CA,仁雄段,131.29,都市：住
RPPNMLLMPHNFFGE58CA,文英段,15.63,都市：住
RPSOMLQJQHNFFGE66CA,文英段,12.53,都市：住
RPUNMLRLPHNFFHE07CA,中華段,13.84,都市：其他
RPUNMLRLPHNFFHE07CA,中華段,5.41,都市：其他
RPTNMLRLPHNFFHE96CA,月眉段二小段,2096.00,非都市：特定農業區 ; 非都市編定：農牧用地
RPSNMLOKQHNFFIE66CA,豐禾段,3.12,都市：住
RPSNMLOKQHNFFIE66CA,豐禾段,18.14,都市：住
RPSNMLOKQHNFFIE66CA,豐禾段,52.87,都市：住
RPTNMLNJQHNFFGE98CA,五甲段,34.00,都市：住
RPRNMLRJQHNFFGE56CA,水寮段,16.88,非都市：鄉村區 ; 非都市編定：乙種建築用地
RPRNMLRJQHNFFGE56CA,水寮段,17.09,非都市：鄉村區 ; 非都市編定：乙種建築用地
RPRNMLRJQHNFFGE56CA,水寮段,19.14,非都市：鄉村區 ; 非都市編定：乙種建築用地
RPRNMLRJQHNFFGE56CA,水寮段,18.29,非都市：鄉村區 ; 非都市編定：乙種建築用地
RPRNMLRJQHNFFGE56CA,水寮段,15.07,非都市：鄉村區 ; 非都市編定：乙種建築用地
RPRNMLRJQHNFFGE56CA,水寮段,3.93,非都市：鄉村區 ; 非都市編定：乙種建築用地
RPRNMLRJQHNFFGE56CA,水寮段,18.85,非都市：鄉村區 ; 非都市編定：乙種建築用地
RPRNMLRJQHNFFGE56CA,水寮段,13.14,非都市：鄉村區 ; 非都市編定：乙種建築用地
RPRNMLRJQHNFFGE56CA,水寮段,.76,非都市：鄉村區 ; 非都市編定：乙種建築用地
RPQNMLLMPHNFFGE68CA,文英段,15.02,都市：住
RPOPMLRLPHNFFGE56CA,文英段,17.06,都市：住
RPSNMLRKQHNFFFE66CA,石螺段,.10,非都市：特定農業區 ; 非都市編定：水利用地
RPSNMLRKQHNFFFE66CA,石螺段,.69,非都市：特定農業區 ; 非都市編定：水利用地
RPRPMLQLPHNFFGE76CA,文英段,74.00,都市：住
RPSNMLRLPHNFFGE76CA,七老爺段一甲小段,49.00,都市：住
RPSNMLRLPHNFFGE76CA,七老爺段一甲小段,12.00,都市：住
RPSNMLRLPHNFFGE76CA,七老爺段一甲小段,2.00,都市：住
RPPPMLKLQHNFFEE48CA,援中段一小段,27.24,都市：住
RPTNMLRKQHNFFFE76CA,石螺段,.21,非都市：特定農業區 ; 非都市編定：水利用地
RPTNMLRKQHNFFFE76CA,石螺段,1.39,非都市：特定農業區 ; 非都市編定：水利用地
RPRNMLQJQHNFFFE98CA,陽明段,192.00,都市：商
RPRNMLQJQHNFFFE98CA,陽明段,1.00,都市：其他
RPRNMLOKQHNFFFE88CA,建樹段,65.95,都市：住
RPRNMLOKQHNFFFE88CA,建樹段,1.16,都市：住
RPVNMLOKQHNFFFE66CA,岡山段,77.71,都市：商
RPVNMLOKQHNFFFE66CA,岡山段,11.43,都市：商
RPUNMLKKQHNFFEE68CA,新民段,21.70,都市：住
RPWNMLOKQHNFFEE66CA,新庄段五小段,25.80,都市：住
RPQPMLMJQHNFFEE58CA,和平東段,11.31,都市：住
RPVOMLPKQHNFFEE76CA,菜公段一小段,91.00,都市：住
RPRPMLMJQHNFFEE68CA,和平東段,6.97,都市：住
RPRPMLMJQHNFFEE68CA,和平東段,6.97,都市：住
RPPNMLMJQHNFFEE28CA,翠屏段一小段,32.95,都市：住
RPSNMLQKQHNFFEE09CA,清楠段,33.40,都市：住
RPSNMLMJQHNFFEE58CA,翠屏段一小段,5.30,都市：住
RPQNMLMJQHNFFEE38CA,翠屏段一小段,32.16,都市：住
RPVNMLNJQHNFFEE98CA,加昌段二小段,91.51,都市：住
RPSPMLMJQHNFFEE78CA,和平東段,10.90,都市：住
RPTPMLMJQHNFFEE88CA,和平東段,10.90,都市：住
RPSQMLMJQHNFFEE88CA,福民段,11.20,都市：住
RPOQMLKMPHNFFEE48CA,後勁段一小段,10.16,都市：住
RPOQMLKMPHNFFEE48CA,後勁段一小段,4.57,都市：商
RPPNMLSJQHNFFEE88CA,和平段五小段,8.95,都市：住
RPUPMLKMPHNFFEE98CA,後勁段一小段,9.47,都市：住
RPPQMLKMPHNFFEE58CA,後勁段一小段,10.16,都市：住
RPUPMLKMPHNFFEE98CA,後勁段一小段,4.26,都市：商
RPPQMLKMPHNFFEE58CA,後勁段一小段,4.57,都市：商
RPWPMLKMPHNFFEE56CA,後勁段一小段,10.16,都市：住
RPWPMLKMPHNFFEE56CA,後勁段一小段,4.57,都市：商
RPVPMLKMPHNFFEE09CA,後勁段一小段,9.64,都市：住
RPVPMLKMPHNFFEE09CA,後勁段一小段,4.33,都市：商
RPSQMLKMPHNFFEE88CA,後勁段一小段,10.16,都市：住
RPSQMLKMPHNFFEE88CA,後勁段一小段,4.57,都市：商
RPQQMLKMPHNFFEE68CA,後勁段一小段,10.16,都市：住
RPQQMLKMPHNFFEE68CA,後勁段一小段,4.57,都市：商
RPVQMLKMPHNFFEE56CA,後勁段一小段,10.33,都市：住
RPVQMLKMPHNFFEE56CA,後勁段一小段,4.64,都市：商
RPRQMLKMPHNFFEE78CA,後勁段一小段,10.16,都市：住
RPRQMLKMPHNFFEE78CA,後勁段一小段,4.57,都市：商
RPTQMLKMPHNFFEE98CA,後勁段一小段,10.33,都市：住
RPTQMLKMPHNFFEE98CA,後勁段一小段,4.64,都市：商
RPQNMLLMPHNFFEE48CA,新華段,26.28,都市：住
RPWQMLKMPHNFFEE66CA,後勁段一小段,10.33,都市：住
RPWQMLKMPHNFFEE66CA,後勁段一小段,4.64,都市：商
RPORMLKMPHNFFEE58CA,芎蕉段,18.87,都市：住
RPOOMLQLPHNFFEE78CA,菜公段六小段,13.34,都市：住
RPOPMLKMPHNFFEE38CA,後勁段一小段,10.50,都市：住
RPOPMLKMPHNFFEE38CA,後勁段一小段,4.72,都市：商
RPPPMLKMPHNFFEE48CA,後勁段一小段,9.99,都市：住
RPPPMLKMPHNFFEE48CA,後勁段一小段,4.49,都市：商
RPQRMLKMPHNFFEE78CA,楠都段二小段,67.00,都市：住
RPRPMLKMPHNFFEE68CA,後勁段一小段,9.47,都市：住
RPRPMLKMPHNFFEE68CA,後勁段一小段,4.26,都市：商
RPPNMLMKQHNFFDE28CA,鼎泰段,43.74,都市：住
RPVNMLQJQHNFFDE56CA,獅頭段一小段,25.15,都市：商
RPQOMLPKQHNFFDE78CA,大港段,4.23,都市：商
RPQOMLPKQHNFFDE78CA,大港段,.28,都市：住
RPVNMLPKQHNFFDE56CA,大裕段一小段,10.32,都市：住
RPUPMLLJQHNFFDE78CA,大港段四小段,4.30,都市：住
RPSOMLOKQHNFFDE88CA,獅頭段一小段,10.05,都市：商
RPSOMLLMPHNFFDE68CA,中都段四小段,14.00,都市：住
RPSOMLLMPHNFFDE68CA,中都段四小段,51.00,都市：住
RPWNMLRLPHNFFEE96CA,新庄段四小段,19.44,都市：住
RPWNMLRLPHNFFEE96CA,新庄段四小段,14.36,都市：住
RPVNMLLMPHNFFDE88CA,三塊厝段二小段,25.02,都市：商
RPSNMLKMPHNFFDE48CA,灣華段,4.50,都市：住
RPROMLQLPHNFFDE98CA,建昌段,16.16,都市：商
RPROMLQLPHNFFDE98CA,建昌段,12.26,都市：住
RPQNMLKMPHNFFDE28CA,建德段,24.08,都市：商
RPQNMLLJQHNFFDE18CA,凱歌段,26.84,都市：住
RPQPMLRLPHNFFDE09CA,三塊厝段,27.50,都市：住
RPXOMLRLPHNFFDE07CA,大順段,11.49,都市：商
RPPNMLRJQHNFFCE58CA,光華段,36.00,都市：住
RPPNMLRJQHNFFCE58CA,光華段,40.00,都市：商
RPPOMLKMPHNFFCE18CA,草衙段三小段,14.30,都市：住
RPROMLKKQHNFFCE28CA,瑞隆段三小段,14.13,都市：商
RPROMLKKQHNFFCE28CA,瑞隆段三小段,5.83,都市：住
RPXNMLTJQHNFFCE96CA,坪鳳段,83.34,都市：住
RPRNMLKKQHNFFCE18CA,瑞隆段三小段,8.51,都市：商
RPRNMLKKQHNFFCE18CA,瑞隆段三小段,3.51,都市：住
RPRNMLLJQHNFFCE18CA,仁愛段,42.90,都市：住
RPRNMLKMPHNFFCE28CA,店鎮段一小段,11.13,都市：商
RPXOMLKMPHNFFCE98CA,獅甲段,.21,都市：商
RPXOMLKMPHNFFCE98CA,獅甲段,.65,都市：商
RPOPMLLJQHNFFCE08CA,瑞隆段一小段,16.27,都市：商
RPOPMLLJQHNFFCE08CA,瑞隆段一小段,.23,都市：住
RPOPMLLJQHNFFCE08CA,瑞隆段一小段,.63,都市：商
RPPPMLLJQHNFFCE18CA,瑞隆段二小段,2.00,都市：商
RPPPMLLJQHNFFCE18CA,瑞隆段二小段,84.00,都市：商
RPPNMLKMPHNFFCE08CA,店鎮段一小段,7.88,都市：商
RPVOMLTJQHNFFCE86CA,瑞隆段二小段,69.50,都市：商
RPVOMLTJQHNFFCE86CA,瑞隆段二小段,69.50,都市：商
RPUOMLRLPHNFFCE66CA,光華段一小段,9.16,都市：住
RPUOMLRLPHNFFCE66CA,光華段一小段,1.50,都市：商
RPOOMLKMPHNFFBE97CA,林德官段,56.00,都市：住
RPOOMLKMPHNFFBE97CA,林德官段,3.00,都市：商
RPOOMLKMPHNFFBE97CA,林德官段,10.00,都市：其他
RPRNMLPJRHNFFAE48CA,青海段,23.19,都市：商
RPPNMLLMPHNFFBE08CA,正德段,88.11,都市：住
RPPNMLRLPHNFFBE58CA,武聖段,73.00,都市：住
RPWNMLRLPHNFFCE76CA,桂林段,95.00,都市：住
RPPOMLOKQHNFFBE38CA,新興段二小段,3.46,都市：商
RPPNMLRKQHNFFBE58CA,衛武段,60.12,都市：住
RPRNMLLMPHNFFBE28CA,五塊厝段,6.14,都市：商
RPVNMLMJQHNFFBE58CA,意誠段,4.02,都市：商
RPQNMLRLPHNFFBE68CA,苓雅寮段,6.51,都市：商
RPQOMLSJQHNFFAE68CA,龍華段一小段,42.40,都市：住
RPQOMLRLPHNFFAE68CA,內惟段九小段,10.97,都市：住
RPQNMLSJQHNFFAE58CA,後金段,17.00,都市：商
RPQNMLSJQHNFFAE58CA,後金段,60.00,都市：商
RPPOMLRLPHNFFAE58CA,前金段,7.08,都市：商
RPPNMLLMPHNFFAE97CA,龍東段,140.34,都市：商
RPOOMLMJQHNFFAE87CA,青海段,21.07,都市：商
RPPNMLMKQHNFFAE97CA,青海段,12.09,都市：商
RPWNMLMJQHNFFAE58CA,博孝段,4.97,都市：商
RPVOMLKMPHNFFAE58CA,內惟段九小段,10.70,都市：住
RPVNMLKMPHNFFAE48CA,北金段,9.99,都市：商
RPXNMLKMPHNFFAE68CA,東金段,4.08,都市：商
RPUNMLLJQHNFFAE28CA,府北段五小段,4.20,都市：住
RPQNMLLJQHNFFAE87CA,鹽壽段,13.00,都市：商
RPTNMLLJQHNFFAE18CA,龍華段四小段,5.57,都市：住
RPQOMLMJQHNFFAE08CA,龍水段,6.64,都市：住
RPQOMLMJQHNFFAE08CA,青海段,24.10,都市：住
RPUOMLKMPHNFFAE48CA,鹽新段,15.23,都市：商
RPUOMLKMPHNFFAE48CA,鹽新段,1.99,都市：商
RPROMLKMPHNFFAE18CA,青海段,14.75,都市：住
RPROMLTJQHNFFAE88CA,前金段,12.25,都市：商
RPROMLTJQHNFFAE88CA,前金段,64.25,都市：商
RPTNMLNJQHNFFAE38CA,龍中段,9.00,都市：商
RPXNMLPKQHNFFAE09CA,青海段,21.97,都市：住
RPQNMLLMPHNFFBE18CA,過田子段,1.06,都市：住
RPQNMLLMPHNFFBE18CA,過田子段,11.36,都市：住
RPXNMLQJQHNFFAE09CA,青海段,14.29,都市：住
RPUOMLLJQHNFFBE48CA,林德官段一小段,10.40,都市：商
RPROMLLJQHNFFAE08CA,龍華段三小段,68.00,都市：商
RPQNMLMJQHNFFBE08CA,大統段二小段,28.40,都市：住
RPVOMLLJQHNFFBE58CA,林德官段一小段,9.91,都市：商
RPPNMLLJQHNFFBE87CA,五塊厝段,2.66,都市：住
RPUPMLLJQHNFFBE58CA,林德官段,36.99,都市：商
RPQNMLNKQHNFFBE28CA,福東段,40.00,都市：住
RPWOMLLJQHNFFBE68CA,新興段二小段,22.57,都市：商
RPPNMLSKQHNFFAE58CA,青海段,16.01,都市：住
RPROMLOKQHNFFBE58CA,意誠段,5.85,都市：商
RPWNMLLJQHNFFCE68CA,愛群段,6.11,都市：商
RPVOMLLMPHNFFCE88CA,坪北段,625.45,都市：其他
RPVOMLLMPHNFFCE88CA,坪北段,18.82,都市：其他
RPVOMLLMPHNFFCE88CA,坪北段,8.39,都市：其他
RPVOMLLMPHNFFCE88CA,坪北段,3.14,都市：住
RPSOMLLMPHNFFCE58CA,鎮昌段一小段,2.77,都市：商
RPSOMLLMPHNFFCE58CA,鎮昌段一小段,12.04,都市：商
RPVNMLQKQHNFFCE56CA,憲德段二小段,13.92,都市：商
RPUOMLQKQHNFFCE56CA,孔宅段,15.11,都市：住
RPVNMLOKQHNFFCE98CA,光華段一小段,37.20,都市：住
RPSNMLRJQHNFFDE98CA,大港段二小段,14.00,都市：住
RPQOMLLJQHNFFDE28CA,大豐段二小段,20.64,都市：住
RPXNMLMJQHNFFDE98CA,建豐段,34.60,都市：商
RPVNMLRJQHNFFDE66CA,三塊厝段,48.00,都市：商
RPVNMLRJQHNFFDE66CA,三塊厝段,11.00,都市：其他
RPXNMLOKQHNFFDE66CA,大港段四小段,4.17,都市：住
RPSOMLLJQHNFFDE48CA,大豐段二小段,20.64,都市：住
RPXNMLLJQHNFFDE88CA,澄東段,25.16,都市：住
RPTNMLLMPHNFFDE68CA,覆鼎金段覆鼎金小段,10.18,都市：住
RPPOMLKMPHNFFDE28CA,建民段,9.32,都市：商
RPWNMLLJQHNFFDE78CA,澄東段,35.89,都市：住
RPXNMLNLQHNFFDE66CA,灣復段,13.28,都市：商
RPVOMLKLQHNFFDE88CA,建豐段,26.12,都市：住
RPSOMLQKQHNFFDE09CA,中華段二小段,15.46,都市：商
RPWOMLKLQHNFFDE98CA,鼎祥段,16.49,都市：住
RPTOMLQKQHNFFDE56CA,中華段二小段,16.27,都市：商
RPROMLLJQHNFFEE48CA,莒光段三小段,67.00,都市：住
RPUNMLLJQHNFFEE68CA,右昌段四小段,16.40,都市：住
RPUNMLLJQHNFFEE68CA,右昌段四小段,16.40,都市：住
RPTQMLMJQHNFFEE98CA,果貿段,11.00,都市：住
RPUQMLMJQHNFFEE09CA,後勁段四小段,18.89,都市：住
RPVQMLMJQHNFFEE56CA,後勁段四小段,8.21,都市：住
RPWQMLMJQHNFFEE66CA,後勁段四小段,8.21,都市：住
RPXQMLKMPHNFFEE76CA,新民段,25.51,都市：住
RPUPMLLMPHNFFEE09CA,興隆段,8.71,都市：住
RPSPMLLMPHNFFEE88CA,新庄段十三小段,8.56,都市：商
RPWOMLMJQHNFFEE09CA,新庄段十二小段,145.00,都市：住
RPOSMLKMPHNFFEE68CA,新庄段十二小段,76.00,都市：住
RPOOMLNJQHNFFEE38CA,右昌段一小段,13.91,都市：住
RPQPMLLMPHNFFEE68CA,和平段五小段,27.83,都市：住
RPRQMLNJQHNFFEE88CA,新庄段六小段,15.53,都市：住
RPOQMLMJQHNFFEE48CA,後勁段四小段,15.30,都市：住
RPURMLMJQHNFFEE56CA,加昌段,18.90,都市：住
RPURMLMJQHNFFEE56CA,加昌段,9.61,都市：住
RPSNMLQJQHNFFEE98CA,楠梓段二小段,68.00,都市：住
RPSNMLQJQHNFFEE98CA,楠梓段二小段,4.00,都市：住
RPTNMLMJQHNFFEE68CA,援中段一小段,97.04,都市：住
RPTNMLMJQHNFFEE68CA,援中段一小段,23.20,都市：住
RPQNMLTJQHNFFEE09CA,加昌段,15.33,都市：住
RPQNMLNJQHNFFEE48CA,楠都段四小段,9.81,都市：住
RPQNMLNJQHNFFEE48CA,楠都段四小段,.20,都市：住
RPQNMLNJQHNFFEE48CA,楠都段四小段,50.00,都市：住
RPVNMLMJQHNFFEE88CA,援中段一小段,124.08,都市：住
RPTOMLSJQHNFFEE76CA,援中段,82.00,都市：住
RPUOMLMJQHNFFEE88CA,援中段一小段,124.07,都市：住
RPPQMLMJQHNFFEE58CA,後勁段四小段,9.44,都市：住
RPPQMLMJQHNFFEE58CA,後勁段四小段,9.44,都市：住
RPRPMLRLPHNFFGE86CA,土角厝段,108.84,都市：住
RPTOMLMLQHNFFEE98CA,芎蕉段,21.41,都市：商
RPRNMLRJQHNFFEE98CA,新庄段六小段,19.59,都市：住
RPTPMLKKQHNFFEE78CA,右昌段三小段,82.00,都市：住
RPRNMLSKQHNFFEE56CA,清豐段,10.43,都市：住
RPQNMLSKQHNFFEE09CA,莒光段一小段,23.17,都市：住
RPWNMLKMPHNFFGE56CA,新甲段,75.00,都市：住
RPUNMLQJQHNFFGE76CA,牛潮埔段,19.55,都市：住
RPSOMLLJQHNFFGE78CA,道爺段,27.00,都市：住
RPOOMLMJQHNFFFE38CA,友情段,240.51,都市：商
RPOOMLMJQHNFFFE38CA,友情段,6.13,都市：其他
RPOOMLMJQHNFFFE38CA,友情段,.52,都市：其他
RPOOMLMJQHNFFFE38CA,友情段,1.00,都市：商
RPVNMLMLQHNFFFE56CA,後壁田段,32.22,都市：住
RPPOMLOKQHNFFFE78CA,頂田段,617.29,非都市：特定農業區 ; 非都市編定：農牧用地
RPPOMLOKQHNFFFE78CA,頂田段,889.71,非都市：特定農業區 ; 非都市編定：農牧用地
RPXOMLNJQHNFFGE86CA,道爺段,96.00,都市：住
RPUNMLMLQHNFFFE09CA,後壁田段,32.56,都市：住
RPQOMLOKQHNFFFE88CA,頂田段,140.29,非都市：特定農業區 ; 非都市編定：農牧用地
RPQOMLOKQHNFFFE88CA,頂田段,202.21,非都市：特定農業區 ; 非都市編定：農牧用地
RPVNMLKMPHNFFGE09CA,竹子腳段,11.93,都市：住
RPPOMLSJQHNFFGE56CA,五甲段,13.63,都市：住
RPUOMLSJQHNFFGE07CA,保成段,206.88,都市：住
RPXNMLNKQHNFFGE86CA,新甲段,13.15,都市：住
RPQPMLSJQHNFFGE76CA,五甲段,23.75,都市：住
RPXNMLOKQHNFFGE96CA,鳳西段,10.13,都市：住
RPRNMLRLPHNFFHE76CA,嶺口段,17.38,非都市：鄉村區 ; 非都市編定：乙種建築用地
RPPNMLLMPHNFFJE88CA,聖母段,24.02,都市：住
RPPNMLLMPHNFFJE88CA,聖母段,92.96,都市：住
RPTNMLKMPHNFFIE09CA,金鼎段,95.59,都市：住
RPUOMLKMPHNFFIE66CA,保社段,1731.79,都市：農
RPSNMLNJQHNFFGE88CA,華鳳段,32.76,都市：住
RPWNMLKLQHNFFIE76CA,大昌段,41.03,都市：住
RPQNMLNJQHNFFGE68CA,五甲段,40.37,都市：住
RPTNMLMLQHNFFIE66CA,山水段,28.04,都市：住
RPPNMLKMPHNFFKE88CA,中壇段一小段,970.00,非都市：特定農業區 ; 非都市編定：農牧用地
RPQNMLLJQHNFFKE88CA,德興段,468.00,非都市：特定農業區 ; 非都市編定：農牧用地
RPSNMLKMQHNFFHE98CA,紫竹段,82.89,非都市：一般農業區 ; 非都市編定：甲種建築用地
RPVNMLKLQHNFFIE66CA,大昌段,46.60,都市：住
RPQNMLTJQHNFFJE96CA,海埔段,33.00,都市：工
RPTNMLNJQHNFFLE86CA,翁公園段,94.00,都市：住
RPWNMLKMPHNFFLE07CA,翁公園段,61.00,都市：住
RPTNMLLMPHNFFIE56CA,育才段,39.34,都市：住
RPRNMLOKQHNFFLE86CA,潭鳳段,69.71,都市：其他
RPWNMLLMPHNFFLE17CA,廣應段,21.61,都市：其他
RPWNMLLMPHNFFLE17CA,廣應段,3.47,都市：住
RPWNMLLMPHNFFLE17CA,廣應段,63.13,都市：住
RPVNMLLJQHNFFLE86CA,山子頂段,57.00,都市：住
RPPNMLLJQHNFFLE88CA,大寮段芎蕉腳小段,55.00,都市：住
RPPNMLLJQHNFFCE08DA,仁愛段,36.00,都市：商
RPWOMLRLPHNFFIE47CA,興農段,78.00,都市：住
RPPNMLKMPHNFFIE68CA,大昌段,254.99,都市：住
RPQNMLLJQHNFFLE98CA,伍厝段,19.34,都市：住
RPWOMLKMPHNFFCE98DA,鎮昌段,56.00,都市：住
RPUNMLKKQHNFFIE09CA,文武段,54.42,都市：住
RPUNMLKKQHNFFIE09CA,文武段,15.12,都市：住
RPUNMLKKQHNFFIE09CA,文武段,11.73,都市：住
RPPNMLSKQHNFFLE07CA,中庄北段,17.94,都市：住
RPPNMLSKQHNFFLE07CA,中庄北段,.00,都市：住
RPTNMLLMPHNFFGE09DA,東隆段,29.23,都市：住
RPUNMLOJRHNFFFE66DA,劉厝段,368.00,都市：住
RPRRMLKMPHNFFEE98DA,藍田西段,51.75,都市：住
RPRRMLKMPHNFFEE98DA,藍田西段七小段,152.00,都市：住
RPPNMLNJQHNFFFE58DA,樹德段,16.26,都市：住
RPVNMLOJRHNFFFE76DA,劉厝段,181.00,都市：住
RPTNMLOJRHNFFFE56DA,劉厝段,152.00,都市：住
RPWNMLOJRHNFFFE86DA,劉厝段,151.00,都市：住
RPWNMLOJRHNFFFE86DA,劉厝段,1.00,都市：住
RPPNMLNLPHNFFCE58CD,仁愛段,42.00,都市：商
RPPNMLNLPHNFFCE58CD,仁愛段,22.00,都市：商
RPQNMLQLPHNFFEE56CD,新庄段一小段,21.81,都市：住
RPSNMLOLPHNFFFE66CD,大紅段,19.93,都市：住
RPROMLMLQHNFFLE86CA,三隆段,42.52,都市：住
RPROMLMLQHNFFLE86CA,三隆段,83.37,都市：住
RPSNMLQLPHNFFJE27CD,青蓮段,111.50,都市：住
RPWNMLKMPHNFFFE56DA,後壁田段,124.19,都市：住
RPWNMLKMPHNFFFE56DA,後壁田段,2.74,都市：住
RPPNMLNLPHNFFBE48CD,大統段二小段,122.00,都市：商
RPRNMLKLPHNFFGE88CD,新甲段,20.31,都市：住
RPUNMLSKPHNFFEE07CD,清豐段,23.63,都市：商
RPPNMLQLPHNFFIE86CD,育才段,39.34,都市：住
RPRNMLNLPHNFFJE86CD,福安段,162.69,都市：工
RPRNMLNLPHNFFJE86CD,福安段,461.23,都市：工
RPRNMLNLPHNFFLE07CD,廣應段,3.45,都市：其他
RPRNMLNLPHNFFLE07CD,廣應段,2.38,都市：其他
RPPNMLQLPHNFFDE98CD,陽明段二小段,19.89,都市：住
RPSNMLNLPHNFFLE17CD,廣應段,5.75,都市：其他
RPSNMLNLPHNFFLE17CD,廣應段,3.96,都市：其他
RPTNMLNLPHNFFLE27CD,廣應段,3.88,都市：其他
RPTNMLNLPHNFFLE27CD,廣應段,2.68,都市：其他
RPQNMLNLPHNFFLE96CD,王公廟段,8.00,都市：其他
RPQNMLNLPHNFFLE96CD,王公廟段,27.00,都市：其他
RPQNMLNLPHNFFLE96CD,王公廟段,25.00,都市：其他
RPPNMLQKPHNFFGE56CD,新甲段,52.16,都市：住
RPPNMLRLPHNFFDE09CD,覆鼎金段覆鼎金一小段,11.04,都市：住
RPPNMLRLPHNFFDE09CD,覆鼎金段覆鼎金一小段,10.28,都市：商
RPPNMLNLPHNFFAE38CD,東金段,10.57,都市：住
RPPNMLNLPHNFFAE38CD,東金段,4.71,都市：住
RPPNMLPLPHNFFFE09CD,後壁田段,29.95,都市：住
RPSNMLLMPHNFFLE86DA,山子頂段,94.00,都市：農
RPPNMLSKPHNFFCE98CD,山明段,35.81,都市：住
RPQNMLPLPHNFFFE56CD,後壁田段,40.34,都市：住
RPSNMLQLPHNFFEE76CD,藍田中段四小段,132.00,都市：住
RPPNMLOLPHNFFLE96CD,柚子腳段,160.57,都市：住
RPPNMLQLPHNFFEE09CD,德昌段,15.45,都市：住
RPRNMLQLPHNFFEE66CD,新庄段一小段,26.97,都市：住
RPUNMLLMPHNFFLE07DA,山子頂段,79.00,都市：農
RPTNMLLMPHNFFLE96DA,山子頂段,131.00,都市：農
RPQNMLLMPHNFFJE09DA,民生段,3.63,都市：住
RPPNMLLMPHNFFHE78DA,旗山段,54.00,都市：商
RPVOMLLMPHNFFBE88DA,五塊厝段,21.21,都市：住
RPUOMLQJRHNFFEE86DA,新光段,6.71,都市：商
RPPNMLQJQHNFFGE98DA,新水安段,1149.58,非都市：一般農業區 ; 非都市編定：農牧用地
RPVNMLRJQHNFFCE66DA,仁愛段,22.00,都市：商
RPVNMLRJQHNFFCE66DA,仁愛段,23.00,都市：商
RPPNMLTLQHNFFFE76DA,烏樹林段,4636.00,非都市：一般農業區 ; 非都市編定：農牧用地
RPXNMLRLQHNFFFE37DA,新本洲段,766.34,非都市：鄉村區 ; 非都市編定：乙種建築用地
RPXNMLRLQHNFFFE37DA,新本洲段,40.16,非都市：鄉村區 ; 非都市編定：乙種建築用地
RPXNMLRLQHNFFFE37DA,新本洲段,23.87,非都市：鄉村區 ; 非都市編定：乙種建築用地
RPQNMLNLPHNFFJE76CD,福安段,308.09,都市：工
RPPOMLKMPHNFFGE68DA,七老爺段一甲小段,85.12,都市：住
RPRNMLRLQHNFFDE56DA,大港段六小段,4.54,都市：商
RPRNMLRLQHNFFDE56DA,大港段六小段,.48,都市：其他
RPPNMLLJQHNFFDE18DA,大港段三小段,61.00,都市：商
RPPNMLLJQHNFFDE18DA,大港段三小段,13.00,都市：其他
RPPOMLLMPHNFFLE56CA,廣應段,23.97,都市：住
RPPNMLLMPHNFFDE38DA,覆鼎金段覆鼎金小段,30.34,都市：住
RPTOMLLJQHNFFDE68DA,大順段,20.85,都市：商
RPRNMLLMPHNFFLE66CA,林園段,.21,都市：商
RPRNMLLMPHNFFLE66CA,林園段,3.80,都市：其他
RPRNMLLMPHNFFLE66CA,林園段,3.84,都市：商
RPRNMLLMPHNFFLE66CA,林園段,.95,都市：其他
RPRNMLLMPHNFFLE66CA,林園段,8.00,都市：商
RPRNMLLMPHNFFLE66CA,林園段,9.00,都市：其他
RPQOMLMLQHNFFLE76CA,林園段,735.80,都市：其他
RPRNMLNKQHNFFLE76CA,磚子段,1160.00,都市：工
RPRNMLNKQHNFFLE76CA,磚子段,116.00,都市：其他
RPSNMLLJQHNFFCE38DA,籬子內段籬子內小段,29.19,都市：住
RPXNMLKKQHNFFLE07CA,林子邊段,15.24,都市：住
RPTNMLRKQHNFFIE07CA,永和段,85.00,都市：住
RPPOMLRKQHNFFIE76CA,永和段,92.11,都市：住
RPSNMLRKQHNFFIE96CA,永和段,107.81,都市：住
RPWOMLPKQHNFFIE27CA,金鼎段,82.39,都市：住
RPVOMLPKQHNFFIE17CA,赤南段,47.68,都市：住
RPVOMLPKQHNFFIE17CA,赤南段,25.17,都市：住
RPVOMLPKQHNFFIE17CA,赤南段,.23,都市：住
RPSOMLPKQHNFFIE86CA,永和段,96.43,都市：住
RPWNMLLLQHNFFGE66CA,竹寮段,23.73,非都市：鄉村區 ; 非都市編定：乙種建築用地
RPWNMLLLQHNFFGE66CA,竹寮段,45.10,非都市：鄉村區 ; 非都市編定：乙種建築用地
RPROMLKMPHNFFLE66CA,林園段,67.00,都市：商
RPVNMLKKQHNFFIE56CA,中里段,21.74,都市：住
RPQNMLNLQHNFFGE88CA,新甲段,362.50,都市：工
RPQNMLNLQHNFFGE88CA,新甲段,362.50,都市：工
RPQNMLMJQHNFFIE78CA,鳥松段,11.36,都市：住
RPQNMLMJQHNFFIE78CA,林內段,73.67,都市：住
RPPNMLNLQHNFFGE78CA,維新段,163.22,都市：其他
RPPNMLNLQHNFFGE78CA,維新段,21.42,都市：住
RPRNMLLJQHNFFIE78CA,暘善段,72.70,都市：農
RPRNMLLJQHNFFIE78CA,暘善段,22.56,都市：農
RPUNMLQJQHNFFIE96CA,草潭段,99.20,都市：住
RPUNMLQJQHNFFIE96CA,草潭段,15.45,都市：住
RPQNMLRJQHNFFIE66CA,翠屏段,74.00,都市：住
RPTOMLTJQHNFFGE07CA,文英段,27.30,都市：住
RPPNMLLMPHNFFIE78CA,豐禾段,72.69,都市：住
RPRPMLSJQHNFFGE86CA,五甲段,68.00,都市：住
RPQNMLLMPHNFFIE88CA,北屋段,108.92,都市：住
RPSNMLLJQHNFFGE68CA,曹公段,273.90,都市：工
RPSNMLLJQHNFFGE68CA,曹公段,61.84,都市：工
RPUOMLKMPHNFFGE09CA,頂新段,4.41,都市：商
RPQNMLMJQHNFFGE58CA,鳳山段草店尾小段,10.40,都市：商
RPXNMLQJQHNFFGE07CA,埤頂段一小段,49.00,都市：住
RPXNMLQJQHNFFGE07CA,埤頂段一小段,8.00,都市：住
RPSNMLMJQHNFFGE78CA,頂新段,13.76,都市：商
RPRNMLMJQHNFFGE68CA,埤頂段,46.50,都市：住
RPVOMLKMPHNFFGE56CA,頂新段,4.49,都市：住
RPWNMLMJQHNFFGE56CA,五甲段,25.12,都市：住
RPWOMLLJQHNFFGE56CA,文山段,18.47,都市：住
RPWOMLLJQHNFFGE56CA,文山段,.16,都市：其他
RPSNMLRJQHNFFGE66CA,中崙段,39.44,都市：住
RPSNMLRJQHNFFGE66CA,中崙段,.08,都市：住
RPPNMLLJQHNFFGE38CA,曹公段,273.90,都市：工
RPPNMLLJQHNFFGE38CA,曹公段,61.84,都市：工
RPQNMLLJQHNFFGE48CA,曹公段,273.90,都市：工
RPQNMLLJQHNFFGE48CA,曹公段,61.84,都市：工
RPSQMLKLQHNFFFE98CA,仁壽段,35.13,都市：其他
RPSQMLKLQHNFFFE98CA,仁壽段,52.85,都市：住
RPOQMLKLQHNFFFE58CA,石螺段,48.52,非都市：特定農業區 ; 非都市編定：交通用地
RPOQMLKLQHNFFFE58CA,石螺段,57.28,非都市：特定農業區 ; 非都市編定：交通用地
RPPQMLKLQHNFFFE68CA,石螺段,87.02,非都市：特定農業區 ; 非都市編定：交通用地
RPPQMLKLQHNFFFE68CA,石螺段,6.32,非都市：特定農業區 ; 非都市編定：交通用地
RPPQMLKLQHNFFFE68CA,石螺段,117.06,非都市：特定農業區 ; 非都市編定：交通用地
RPROMLKLQHNFFFE68CA,石螺段,2.17,非都市：鄉村區 ; 非都市編定：交通用地
RPROMLKLQHNFFFE68CA,石螺段,3.06,非都市：鄉村區 ; 非都市編定：交通用地
RPROMLKLQHNFFFE68CA,石螺段,3.54,非都市：鄉村區 ; 非都市編定：交通用地
RPUNMLKLQHNFFFE88CA,石螺段,3.91,非都市：鄉村區 ; 非都市編定：交通用地
RPUNMLKLQHNFFFE88CA,石螺段,41.92,非都市：鄉村區 ; 非都市編定：交通用地
RPUOMLKLQHNFFFE98CA,石螺段,8.38,非都市：特定農業區 ; 非都市編定：交通用地
RPUOMLKLQHNFFFE98CA,石螺段,6.57,非都市：特定農業區 ; 非都市編定：交通用地
RPUOMLKLQHNFFFE98CA,石螺段,28.54,非都市：特定農業區 ; 非都市編定：交通用地
RPOOMLKLQHNFFFE38CA,石螺段,69.33,非都市：鄉村區 ; 非都市編定：交通用地
RPRQMLKLQHNFFFE88CA,石螺段,42.18,非都市：特定農業區 ; 非都市編定：交通用地
RPRQMLKLQHNFFFE88CA,石螺段,48.43,非都市：特定農業區 ; 非都市編定：交通用地
RPRQMLKLQHNFFFE88CA,石螺段,38.88,非都市：特定農業區 ; 非都市編定：交通用地
RPQNMLLJQHNFFFE38CA,仁壽段,36.87,都市：住
RPQNMLLMPHNFFFE58CA,子段,30.75,非都市：鄉村區 ; 非都市編定：乙種建築用地
RPPOMLLJQHNFFFE38CA,岡山段,111.00,都市：商
RPUPMLKKQHNFFEE88CA,莒光段三小段,50.00,都市：住
RPTOMLQKQHNFFEE66CA,加昌段二小段,18.84,都市：住
RPTOMLQKQHNFFEE66CA,加昌段二小段,62.00,都市：住
RPXQMLKLQHNFFEE76CA,和平段四小段,118.00,都市：住
RPWPMLKKQHNFFEE09CA,高昌段,9.83,都市：住
RPRNMLTJQHNFFEE56CA,高昌段,10.45,都市：住
RPWNMLSKQHNFFEE07CA,德昌段,16.54,都市：住
RPWNMLSKQHNFFEE07CA,德昌段,57.49,都市：住
RPVNMLSKQHNFFEE96CA,果貿段,23.14,都市：住
RPVNMLQJQHNFFEE66CA,藍田西段,9.07,都市：商
RPROMLNJQHNFFEE68CA,楠都段四小段,60.00,都市：住
RPUNMLNJQHNFFEE88CA,藍田中段,61.21,都市：住
RPUNMLNJQHNFFEE88CA,藍田中段,.20,都市：住
RPUNMLNJQHNFFEE88CA,藍田中段,21.63,都市：住
RPSQMLNJQHNFFEE98CA,高昌段,9.83,都市：住
RPOPMLSJQHNFFEE98CA,高昌段,11.88,都市：住
RPXOMLSJQHNFFEE17CA,高昌段,11.47,都市：住
RPUNMLQJQHNFFEE56CA,藍田西段,14.45,都市：商
RPPPMLSJQHNFFEE09CA,高昌段,11.88,都市：住
RPQRMLMJQHNFFEE78CA,和平段五小段,11.34,都市：住
RPRQMLMJQHNFFEE78CA,加昌段,13.16,都市：住
RPOPMLLMPHNFFEE48CA,新庄段八小段,15.16,都市：住
RPUOMLLMPHNFFEE98CA,菜公段六小段,18.04,都市：住
RPOQMLLMPHNFFEE58CA,後勁段一小段,43.50,都市：住
RPOQMLLMPHNFFEE58CA,後勁段一小段,9.38,都市：住
RPOQMLLMPHNFFEE58CA,後勁段一小段,27.75,都市：住
RPQSMLMJQHNFFEE88CA,翠屏段一小段,28.52,都市：住
RPPNMLLMPHNFFEE38CA,清楠段,5.60,都市：住
RPXOMLMJQHNFFEE56CA,福山段,27.33,都市：住
RPSQMLLJQHNFFEE78CA,菜公段六小段,8.69,都市：住
RPQNMLSKQHNFFDE98CA,覆鼎金段覆鼎金一小段,21.29,都市：住
RPTNMLLJQHNFFEE58CA,新民段,7.63,都市：商
RPPOMLQJQHNFFDE68CA,獅頭段,11.47,都市：商
RPUNMLNJQHNFFDE78CA,建民段,17.65,都市：住
RPPOMLLJQHNFFEE28CA,福民段,14.75,都市：住
RPTOMLQJQHNFFDE09CA,三塊厝段一小段,.46,都市：商
RPUOMLQJQHNFFDE56CA,建民段,8.03,都市：商
RPTOMLQJQHNFFDE09CA,三塊厝段一小段,4.05,都市：商
RPTOMLQJQHNFFDE09CA,三塊厝段一小段,1.22,都市：商
RPTOMLQJQHNFFDE09CA,三塊厝段一小段,8.57,都市：商
RPTOMLQJQHNFFDE09CA,三塊厝段一小段,.07,都市：商
RPTOMLQJQHNFFDE09CA,三塊厝段一小段,.09,都市：商
RPTOMLQJQHNFFDE09CA,三塊厝段一小段,.44,都市：商
RPTOMLQJQHNFFDE09CA,三塊厝段一小段,3.89,都市：商
RPTOMLQJQHNFFDE09CA,三塊厝段一小段,.80,都市：商
RPTOMLQJQHNFFDE09CA,三塊厝段一小段,5.59,都市：商
RPTOMLQJQHNFFDE09CA,三塊厝段一小段,.07,都市：商
RPTOMLQJQHNFFDE09CA,三塊厝段一小段,.10,都市：商
RPOOMLMJQHNFFDE18CA,建豐段,34.60,都市：商
RPXOMLOKQHNFFDE76CA,大裕段一小段,44.52,都市：住
RPUNMLSJQHNFFDE66CA,灣和段,13.88,都市：住
RPTPMLLJQHNFFDE68CA,鼎金段,23.73,都市：其他
RPTPMLLJQHNFFDE68CA,鼎金段,487.85,都市：其他
RPRPMLLJQHNFFDE48CA,灣立段,46.28,都市：住
RPXNMLNJQHNFFCE98CA,青島段二小段,27.38,都市：住
RPPNMLNJQHNFFCE18CA,光華段,10.84,都市：其他
RPUOMLTJQHNFFCE76CA,港和段一小段,125.60,都市：商
RPUOMLTJQHNFFCE76CA,港和段一小段,.40,都市：商
RPUNMLLMPHNFFDE78CA,覆鼎金段覆鼎金小段,64.00,都市：住
RPUOMLNLQHNFFCE98CA,獅甲段,11.00,都市：商
RPUOMLNLQHNFFCE98CA,獅甲段,47.00,都市：商
RPPPMLKMPHNFFDE38CA,大港段六小段,2.28,都市：商
RPPPMLKMPHNFFDE38CA,大港段六小段,.15,都市：商
RPXNMLMLQHNFFCE09CA,港和段三小段,4.21,都市：住
RPSOMLQJQHNFFCE88CA,坪鳳段,85.74,都市：住
RPRNMLRJQHNFFCE78CA,中厝段,22.18,都市：住
RPTNMLTJQHNFFCE56CA,光華段一小段,57.00,都市：商
RPUNMLRJQHNFFCE09CA,中厝段,30.83,都市：住
RPOOMLLJQHNFFDE08CA,大港段二小段,85.00,都市：住
RPSNMLQJQHNFFCE78CA,獅甲段二小段,30.33,都市：住
RPQOMLLMPHNFFCE38CA,佛公段,7.47,都市：商
RPSNMLQKQHNFFBE78CA,林德官段一小段,5.69,都市：商
RPVNMLQKQHNFFBE09CA,林德官段一小段,9.53,都市：商
RPTNMLPKQHNFFBE78CA,意誠段,9.84,都市：商
RPXNMLMJQHNFFBE78CA,成功段,34.60,都市：商
RPQNMLQKQHNFFBE58CA,林德官段一小段,6.09,都市：商
RPUOMLLMPHNFFCE78CA,瑞南段,92.00,都市：住
RPUOMLLMPHNFFCE78CA,瑞南段,14.17,都市：住
RPUOMLLMPHNFFCE78CA,瑞南段,9.00,都市：住
RPOOMLMJQHNFFBE97CA,新興段三小段,15.65,都市：商
RPTNMLLMPHNFFBE48CA,正德段,295.86,都市：住
RPVNMLTJQHNFFBE66CA,新興段二小段,6.75,都市：商
RPTPMLLJQHNFFBE48CA,新興段一小段,14.17,都市：商
RPUNMLQJQHNFFBE88CA,五塊厝段,10.04,都市：商
RPWNMLLJQHNFFAE48CA,龍華段八小段,4.89,都市：商
RPRPMLLMPHNFFBE48CA,新興段一小段,18.26,都市：商
RPRPMLLMPHNFFBE48CA,新興段一小段,2.53,都市：商
RPTOMLKMPHNFFAE38CA,鹽北段,15.29,都市：商
RPUNMLMJQHNFFAE38CA,鼓南段四小段,1.69,都市：住
RPUNMLMJQHNFFAE38CA,鼓南段四小段,.43,都市：住
RPUNMLMJQHNFFAE38CA,鼓南段四小段,22.11,都市：住
RPUNMLMJQHNFFAE38CA,鼓南段四小段,20.46,都市：住
RPUNMLMJQHNFFAE38CA,鼓南段四小段,11.50,都市：住
RPOOMLRJQHNFFAE38CA,大智段,9.15,都市：商
RPQNMLQJQHNFFAE38CA,青海段,6.09,都市：商
RPQNMLSKQHNFFAE68CA,前金段,33.10,都市：商
RPRNMLOJQHNFFAE28CA,博孝段,4.97,都市：商
RPWNMLQJQHNFFAE98CA,旗港段,.69,都市：住
RPWNMLQJQHNFFAE98CA,旗港段,.55,都市：住
RPSOMLRJQHNFFAE78CA,鼓南段三小段,.05,都市：其他
RPSOMLRJQHNFFAE78CA,鼓南段三小段,4.77,都市：商
RPTNMLOKQHNFFAE58CA,青海段,27.15,都市：住
RPTOMLLMPHNFFAE48CA,龍華段四小段,3.98,都市：住
SPXNMLNLQHNFFAE09CA,內惟段八小段,.86,都市：住
SPXNMLNLQHNFFAE09CA,內惟段八小段,.78,都市：住
SPXNMLNLQHNFFAE09CA,內惟段八小段,.86,都市：住
SPXNMLNLQHNFFAE09CA,內惟段八小段,.61,都市：住
RPWNMLPKQHNFFAE98CA,龍中段,12.08,都市：商
RPOOMLRJQHNFFBE48CA,苓雅寮段,4.38,都市：商
RPOOMLRJQHNFFBE48CA,苓雅寮段,8.92,都市：商
RPTNMLKLQHNFFAE28CA,旗港段,26.00,都市：住
RPTNMLKLQHNFFAE28CA,旗港段,7.00,都市：住
SPWNMLNLQHNFFAE98CA,內惟段八小段,2.40,都市：住
SPWNMLNLQHNFFAE98CA,內惟段八小段,2.17,都市：住
SPWNMLNLQHNFFAE98CA,內惟段八小段,2.40,都市：住
SPWNMLNLQHNFFAE98CA,內惟段八小段,1.71,都市：住
RPOPMLLMPHNFFBE18CA,林興段,27.11,都市：住
TPWNMLNLQHNFFAE09CA,內惟段八小段,.69,都市：其他
RPWPMLLJQHNFFBE78CA,大統段二小段,1.80,都市：商
RPWPMLLJQHNFFBE78CA,大統段二小段,8.40,都市：商
RPWPMLLJQHNFFBE78CA,大統段二小段,12.20,都市：商
RPWPMLLJQHNFFBE78CA,大統段二小段,.54,都市：商
RPWNMLNLQHNFFAE88CA,內惟段六小段,.73,都市：住
RPWNMLNLQHNFFAE88CA,內惟段六小段,.66,都市：住
RPWNMLNLQHNFFAE88CA,內惟段六小段,.75,都市：住
RPWNMLNLQHNFFAE88CA,內惟段六小段,.86,都市：住
RPWNMLNLQHNFFAE88CA,內惟段六小段,.06,都市：住
RPWNMLNLQHNFFAE88CA,內惟段六小段,.82,都市：住
RPWNMLNLQHNFFAE88CA,內惟段六小段,.81,都市：住
RPWNMLNLQHNFFAE88CA,內惟段六小段,1.37,都市：住
RPXNMLNLQHNFFAE98CA,內惟段六小段,.26,都市：住
RPXNMLNLQHNFFAE98CA,內惟段六小段,.24,都市：住
RPXNMLNLQHNFFAE98CA,內惟段六小段,.27,都市：住
RPXNMLNLQHNFFAE98CA,內惟段六小段,.31,都市：住
RPXNMLNLQHNFFAE98CA,內惟段六小段,.02,都市：住
RPXNMLNLQHNFFAE98CA,內惟段六小段,.30,都市：住
RPXNMLNLQHNFFAE98CA,內惟段六小段,.29,都市：住
RPXNMLNLQHNFFAE98CA,內惟段六小段,.50,都市：住
RPPPMLLMPHNFFEE58CA,和平段四小段,85.00,都市：住
RPOPMLLMPHNFFCE28CA,瑞崗段一小段,18.06,都市：住
RPPOMLSJQHNFFCE78CA,丹山段,164.00,都市：住
RPWOMLLJQHNFFCE78CA,宏明段,67.13,都市：商
RPUNMLOKQHNFFBE78CA,林德官段,13.05,都市：商
RPQOMLRJQHNFFBE68CA,成功段,27.95,都市：住
RPWOMLNJQHNFFEE56CA,新庄段十三小段,16.69,都市：商
RPPPMLTJQHNFFEE56CA,翠屏段一小段,25.65,都市：住
RPQNMLOJQHNFFEE58CA,新庄段五小段,9.66,都市：住
RPQNMLOJQHNFFEE58CA,新庄段五小段,10.02,都市：住
RPWNMLSJQHNFFBE66CA,新興段二小段,11.36,都市：商
RPROMLQJQHNFFEE98CA,新光段,15.64,都市：商
RPTOMLQJQHNFFEE56CA,新庄段七小段,124.00,都市：住
RPSNMLKKQHNFFEE48CA,土庫段三小段,1.92,都市：商
RPSNMLKKQHNFFEE48CA,清楠段,14.45,都市：商
RPSNMLLMPHNFFFE78CA,復興段,116.61,非都市：一般農業區 ; 非都市編定：養殖用地
RPRSMLMJQHNFFEE98CA,翠屏段一小段,30.49,都市：住
RPWNMLQJRHNFFEE86CA,新庄段七小段,124.00,都市：住
RPQQMLRLQHNFFEE76CA,新庄段七小段,91.00,都市：住
RPSOMLLJQHNFFEE58CA,新庄段一小段,20.50,都市：其他
RPQNMLPKQHNFFEE78CA,左南段,16.47,都市：其他
RPPPMLMJQHNFFEE48CA,新民段,12.11,都市：商
RPVNMLNKQHNFFEE09CA,高昌段,12.31,都市：住
RPOOMLNKQHNFFEE48CA,高昌段,11.39,都市：住
RPXNMLQJRHNFFEE96CA,新庄段七小段,91.00,都市：住
RPWNMLNKQHNFFEE56CA,高昌段,11.39,都市：住
RPTNMLNKQHNFFEE88CA,高昌段,22.12,都市：住
RPPQMLKLQHNFFEE58CA,新庄段五小段,2.74,都市：商
RPPQMLKLQHNFFEE58CA,新光段,13.27,都市：商
RPOQMLKLQHNFFEE48CA,新庄段五小段,2.39,都市：商
RPOQMLKLQHNFFEE48CA,新光段,11.55,都市：商
RPUNMLSKQHNFFEE86CA,和平段五小段,16.86,都市：住
RPUOMLLJQHNFFFE88CA,協榮段,84.00,都市：住
RPWNMLKLQHNFFFE09CA,石螺段,1.96,非都市：鄉村區 ; 非都市編定：交通用地
RPWNMLKLQHNFFFE09CA,石螺段,20.96,非都市：鄉村區 ; 非都市編定：交通用地
RPSOMLKLQHNFFFE78CA,石螺段,2.16,非都市：鄉村區 ; 非都市編定：交通用地
RPSOMLKLQHNFFFE78CA,石螺段,3.06,非都市：鄉村區 ; 非都市編定：交通用地
RPSOMLKLQHNFFFE78CA,石螺段,3.54,非都市：鄉村區 ; 非都市編定：交通用地
RPRNMLKKQHNFFFE48CA,劉厝段,1.31,都市：住
RPRNMLKKQHNFFFE48CA,劉厝段,15.83,都市：住
RPRNMLKKQHNFFFE48CA,劉厝段,56.00,都市：住
RPRNMLKKQHNFFFE48CA,劉厝段,1.00,都市：住
RPRNMLKKQHNFFFE48CA,劉厝段,3.58,都市：住
RPRNMLKKQHNFFFE48CA,劉厝段,.50,都市：住
RPRNMLKKQHNFFFE48CA,劉厝段,6.62,都市：其他
RPRNMLKKQHNFFFE48CA,劉厝段,1.31,都市：住
RPRNMLKKQHNFFFE48CA,劉厝段,25.00,都市：農
RPRNMLKKQHNFFFE48CA,劉厝段,25.50,都市：農
RPRNMLKKQHNFFFE48CA,劉厝段,59.00,都市：農
RPXNMLMJQHNFFFE56CA,頂蚵子寮段,92.00,都市：住
RPTOMLMJQHNFFFE88CA,新甲段,86.02,非都市：一般農業區 ; 非都市編定：甲種建築用地
RPQOMLMJQHNFFFE58CA,大全段,128.00,都市：住
RPXNMLNKQHNFFFE76CA,下竹圍段,98.26,都市：住
RPVOMLKLQHNFFFE09CA,石螺段,8.38,非都市：特定農業區 ; 非都市編定：交通用地
RPVOMLKLQHNFFFE09CA,石螺段,6.57,非都市：特定農業區 ; 非都市編定：交通用地
RPVOMLKLQHNFFFE09CA,石螺段,28.54,非都市：特定農業區 ; 非都市編定：交通用地
RPQQMLKLQHNFFFE78CA,石螺段,87.02,非都市：特定農業區 ; 非都市編定：交通用地
RPQQMLKLQHNFFFE78CA,石螺段,6.32,非都市：特定農業區 ; 非都市編定：交通用地
RPQQMLKLQHNFFFE78CA,石螺段,117.06,非都市：特定農業區 ; 非都市編定：交通用地
RPQNMLKMQHNFFFE58CA,大勇段,167.62,都市：其他
RPVOMLLJQHNFFGE09CA,七老爺段一甲小段,23.07,都市：住
RPPNMLMLQHNFFFE58CA,下竹圍段,98.26,都市：住
RPUNMLPKQHNFFGE76CA,坪頂段,305.11,非都市：一般農業區 ; 非都市編定：丙種建築用地
RPOOMLOKQHNFFGE78CA,埤頂段,32.00,都市：住
RPOOMLOKQHNFFGE78CA,埤頂段,32.00,都市：住
RPQNMLKKQHNFFGE48CA,竹子腳段,12.55,都市：住
RPSOMLMLQHNFFGE09CA,保泰段,19.58,都市：商
RPSNMLSJQHNFFGE76CA,赤山段,14.12,都市：商
RPTNMLRJQHNFFGE76CA,鳳山段縣口小段,21.91,都市：住
RPPNMLOJQHNFFGE68CA,文英段,16.13,都市：住
RPSNMLOKQHNFFGE09CA,過勇段,117.51,都市：住
RPRNMLSJQHNFFGE66CA,赤山段,12.72,都市：商
RPVNMLPKQHNFFGE86CA,永豐段,1817.12,非都市：一般農業區 ; 非都市編定：農牧用地
RPOOMLNJQHNFFJE88CA,順安段,179.54,非都市：鄉村區 ; 非都市編定：乙種建築用地
RPOOMLRJQHNFFLE86CA,王公廟段,74.00,都市：住
RPSNMLRJQHNFFJE96CA,東安段,68.92,都市：住
RPSNMLRJQHNFFJE96CA,東安段,15.69,都市：其他
RPSNMLRJQHNFFJE96CA,東安段,.16,都市：住
RPQOMLKKQHNFFJE88CA,竹南段,258.56,都市：住
RPTOMLLJQHNFFCE58DA,仁愛段,26.00,都市：商
RPXNMLRKQHNFFLE77CA,林子邊段,229.00,都市：住
RPOOMLRKQHNFFLE96CA,林子邊段,223.00,都市：住
RPQOMLRKQHNFFLE17CA,林子邊段,122.00,都市：住
RPPOMLRKQHNFFLE07CA,林子邊段,220.00,都市：住
RPROMLRKQHNFFLE27CA,林子邊段,99.00,都市：住
RPXNMLNJQHNFFJE07CA,順安段,24.24,非都市：鄉村區 ; 非都市編定：乙種建築用地
RPRNMLLMPHNFFJE09CA,大湖段,808.00,都市：農
RPWNMLNJQHNFFJE07DA,阿蓮段,1834.00,都市：農
RPWNMLMLQHNFFFE76DA,介壽段,21.35,都市：住
RPRNMLQJQHNFFHE56CA,新大林段,33.60,非都市：山坡地保育區 ; 非都市編定：丙種建築用地
RPUNMLRKQHNFFLE57DA,中庄北段,82.20,都市：住
RPTNMLLMPHNFFJE66CA,九鬮段,69.00,非都市：特定農業區 ; 非都市編定：甲種建築用地
RPTNMLLMPHNFFJE66CA,九鬮段,140.00,非都市：特定農業區 ; 非都市編定：甲種建築用地
RPTNMLLMPHNFFJE66CA,九鬮段,5.75,非都市：特定農業區 ; 非都市編定：農牧用地
RPTNMLLMPHNFFJE66CA,九鬮段,827.00,非都市：特定農業區 ; 非都市編定：農牧用地
RPPNMLKMPHNFFCE38CD,莊段,986.00,都市：農
RPSOMLRKQHNFFLE37CA,林子邊段,460.00,都市：住
RPSOMLRKQHNFFLE37CA,林子邊段,263.00,都市：住
RPQNMLLMPHNFFHE88DA,新庄段,4278.00,非都市：山坡地保育區 ; 非都市編定：農牧用地
RPQNMLRLPHNFFGE86CD,新庄子段,24.84,都市：住
RPRNMLKMPHNFFAE38CD,鹽壽段,5.48,都市：商
RPQNMLPLPHNFFGE66CD,道爺段,26.90,都市：住
