﻿編號,車位類別,車位價格,車位面積(平方公尺)
Serial number,berth category,berth price,berth area (square meter)
RPOOMLNJQHNFFAG18CA,坡道平面,0,
RPSOMLQLPHNFFBG09CA,升降平面,0,
RPWNMLNLPHNFFAG56EA,坡道平面,0,
RPPOMLPLPHNFFBG68CA,坡道平面,0,
RPPOMLPLPHNFFBG68CA,坡道平面,0,
RPPNMLQLPHNFFAG58CA,坡道機械,0,
RPXRMLQLPHNFFAG17CA,坡道平面,0,
RPOOMLQLPHNFFBG68CA,坡道機械,0,
RPTOMLLMPHNFFBG78CA,坡道平面,1000000,31.40
RPVOMLLMPHNFFBG98CA,坡道平面,0,
RPUOMLLMPHNFFBG88CA,坡道平面,900000,31.40
RPUOMLLMPHNFFBG88CA,坡道平面,1100000,31.40
RPVOMLRLPHNFFBG96DA,坡道平面,0,
RPOSMLKMPHNFFAG48CA,坡道平面,0,
RPOSMLRLPHNFFAG09CA,坡道機械,0,
RPPNMLQJQHNFFAG48CA,坡道平面,0,
RPTNMLPKQHNFFAG09EA,坡道平面,0,
RPSNMLTJQHNFFBG56CA,坡道平面,0,
RPRPMLLJQHNFFBG48CA,坡道平面,0,
