﻿鄉鎮市區,交易標的,土地區段位置/建物區段門牌,土地移轉總面積(平方公尺),都市土地使用分區,非都市土地使用分區,非都市土地使用編定,交易年月日,交易筆棟數,移轉層次,總樓層數,建物型態,主要用途,主要建材,建築完成年月,建物移轉總面積(平方公尺),建物現況格局-房,建物現況格局-廳,建物現況格局-衛,建物現況格局-隔間,有無管理組織,總價(元),單價(元/平方公尺),車位類別,車位移轉總面積(平方公尺),車位總價(元),備註,編號
The villages and towns urban district,transaction sign,land sector position/building sector house number plate,land shifting total area (square meter),the use zoning or compiles and checks,the non-metropolis land use district,non-metropolis land use,transaction year, month and day,transaction pen number,shifting level,total floor number,building state,main use,main building materials,construction to complete the years,building shifting total area,Building present situation pattern - room,building present situation pattern - hall,building present situation pattern - health,building present situation pattern - compartmented,Whether there is manages the organization,total price (Yuan),the unit price (a Yuan/square meter),the berth category,berth shifting total area (square meter),the berth total price (Yuan),the note,serial number
羅東鎮,房地(土地+建物),宜蘭縣羅東鎮中山西街121~150號,48.0,住,,,1070703,土地1建物1車位0,全,二層,透天厝,住家用,鋼筋混凝土加強磚造,0591014,61.04,2,1,1,有,無,3500000,57339,,0.0,0,,RPVNMLOLPHNFFAG98CA
五結鄉,房地(土地+建物),宜蘭縣五結鄉傳藝路一段31~60號,886.0,,特定農業區,農牧用地,1070619,土地1建物1車位0,一層，二層，三層，見其他登記事項,三層,農舍,見其他登記事項,見其他登記事項,1040520,299.36,5,2,6,有,無,18000000,,,0.0,0,,RPOOMLOLPHNFFAG38CA
羅東鎮,房地(土地+建物),宜蘭縣羅東鎮天祥路90巷1~30號,23.03,住,,,1070626,土地1建物1車位0,三層,五層,公寓(5樓含以下無電梯),住家用,鋼筋混凝土造,0821220,94.2,3,2,2,有,有,3800000,40340,,0.0,0,,RPUOMLOLPHNFFAG98CA
冬山鄉,房地(土地+建物),宜蘭縣冬山鄉寶和路31~60號,91.31,,特定農業區,甲種建築用地,1070624,土地1建物1車位0,全,三層,透天厝,住家用,鋼筋混凝土造,0831205,165.4,3,2,2,有,無,4200000,25393,,0.0,0,,RPVNMLQLPHNFFAG56CA
羅東鎮,房地(土地+建物)+車位,宜蘭縣羅東鎮愛國路61~90號,25.19,住,,,1070613,土地1建物1車位1,五層,六層,華廈(10層含以下有電梯),住家用,鋼筋混凝土造,0821002,110.95,3,2,2,有,有,6050000,54529,坡道平面,0.0,0,,RPOOMLNJQHNFFAG18CA
宜蘭市,房地(土地+建物),宜蘭縣宜蘭市陽明三路9巷1~30號,129.81,住,,,1070430,土地2建物1車位0,全,四層,透天厝,住家用,鋼筋混凝土造,0851004,225.93,6,1,3,有,無,12000000,53114,,0.0,0,,RPVOMLOLPHNFFBG56CA
壯圍鄉,土地,壯濱三段991~1020地號,1356.91,,一般農業區,農牧用地,1070409,土地1建物0車位0,,,其他,,,,0.0,0,0,0,有,無,3280000,2417,,0.0,0,含增建或未登記建物。;有合法畜牧場登記證,RPSPMLOLPHNFFBG98CA
頭城鎮,房地(土地+建物)+車位,宜蘭縣頭城鎮頭濱路二段31~60號,90.9,,一般農業區,甲種建築用地,1070628,土地4建物1車位2,全,四層,透天厝,住家用,鋼筋混凝土造,0850924,256.1,4,2,4,有,無,5300000,20695,坡道平面,0.0,0,含增建或未登記建物。;,RPPOMLPLPHNFFBG68CA
宜蘭市,土地,北津段781~810地號,1764.0,農,,,1070617,土地1建物0車位0,,,其他,,,,0.0,0,0,0,有,無,8540000,4841,,0.0,0,,RPQOMLPLPHNFFBG78CA
宜蘭市,房地(土地+建物),宜蘭縣宜蘭市中山路二段2巷1~30號,82.14,住,,,1070628,土地1建物1車位0,全,三層,透天厝,住商用,鋼骨鋼筋混凝土造,0900528,209.11,4,3,3,有,有,10300000,49256,,0.0,0,另有增建，約3坪。,RPRNMLQLPHNFFBG88CA
礁溪鄉,房地(土地+建物),宜蘭縣礁溪鄉白雲五路117巷1~30號,98.18,,鄉村區,乙種建築用地,1070706,土地1建物1車位0,全,四層,透天厝,住家用,鋼筋混凝土造,0840320,176.85,5,2,4,有,無,6500000,36754,,0.0,0,,RPSNMLQLPHNFFBG98CA
礁溪鄉,房地(土地+建物),宜蘭縣礁溪鄉礁溪路一段302巷28弄31~60號,75.33,住,,,1070701,土地1建物1車位0,全,三層,透天厝,住家用,鋼筋混凝土造,0850802,158.35,5,2,3,有,無,6200000,39154,,0.0,0,一樓空地及頂樓有增建，有陽台外推所有權人兩人,RPROMLQLPHNFFBG98CA
宜蘭市,房地(土地+建物)+車位,宜蘭縣宜蘭市陽明三路31~60號,28.28,住,,,1070620,土地5建物1車位1,一層,七層,華廈(10層含以下有電梯),住家用,鋼筋混凝土造,0850215,155.34,3,2,2,有,有,6850000,44097,升降平面,0.0,0,平台有增設遮雨棚,RPSOMLQLPHNFFBG09CA
壯圍鄉,房地(土地+建物),宜蘭縣壯圍鄉新南路91~120號,105.0,,特定農業區,甲種建築用地,1070613,土地1建物1車位0,全,三層,透天厝,住家用,鋼筋混凝土造,0810528,197.94,4,2,5,有,無,5600000,28291,,0.0,0,,RPPNMLKLQHNFFBG18CA
羅東鎮,房地(土地+建物)+車位,宜蘭縣羅東鎮中山路二段481~510號,30.65,商,,,1070623,土地1建物1車位1,四層,五層,華廈(10層含以下有電梯),住家用,鋼筋混凝土造,0860815,132.23,3,2,2,有,有,5500000,41594,坡道平面,0.0,0,,RPWNMLNLPHNFFAG56EA
冬山鄉,房地(土地+建物),宜蘭縣羅東鎮中山西街91~120號,8407.12,,特定農業區,農牧用地,1061116,土地7建物2車位0,全,一層,透天厝,見其他登記事項,見其他登記事項,1030403,81.7,3,2,3,有,無,64600000,790698,,0.0,0,1.權利人共二人  2.另一棟建物北富段為農業資材室,RPPOMLPLPHNFFAG78EA
員山鄉,房地(土地+建物),宜蘭縣員山鄉深洲一路61~90號,91.04,,特定農業區,甲種建築用地,1051129,土地3建物1車位0,全,三層,透天厝,住家用,鋼筋混凝土造,1070212,166.38,4,2,5,有,無,8100000,48684,,0.0,0,本案預售屋,RPSNMLNLPHNFFBG88EA
員山鄉,房地(土地+建物),宜蘭縣員山鄉深洲一路61~90號,128.27,,特定農業區,甲種建築用地,1051126,土地3建物1車位0,全,三層,透天厝,見其他登記事項,鋼筋混凝土造,1070212,264.33,4,2,5,有,無,12500000,47289,,0.0,0,本案為預售屋,RPUOMLNLPHNFFBG56EA
宜蘭市,房地(土地+建物),宜蘭縣宜蘭市擺厘路1~30號,67.0,住,,,1070701,土地1建物1車位0,一層，二層，三層，見其他登記事項,三層,店面(店鋪),見其他登記事項,鋼筋混凝土造,1040616,158.84,3,1,3,有,無,18000000,113322,,0.0,0,,RPSOMLOLPHNFFBG09EA
頭城鎮,土地,金盈一段391~420地號,1168.39,,山坡地保育區,農牧用地,1060415,土地3建物0車位0,,,其他,,,,0.0,0,0,0,有,無,3400000,2910,,0.0,0,土地分次登記案件、因農地不得以法人登記暫由代理人身份登記,RPSNMLRLPHNFFBG66EA
冬山鄉,房地(土地+建物),宜蘭縣冬山鄉鹿埔路128巷22弄1~30號,251.08,,特定農業區,甲種建築用地,1070714,土地4建物1車位0,全,三層,透天厝,見其他登記事項,見其他登記事項,1060706,257.85,4,2,4,有,無,12000000,46539,,0.0,0,,RPPNMLPLPHNFFAG68EA
羅東鎮,房地(土地+建物),宜蘭縣羅東鎮南昌街53巷31~60號,113.0,住,,,1070702,土地1建物1車位0,全,二層,透天厝,住家用,鋼筋混凝土加強磚造,0640507,102.46,4,2,2,有,無,8000000,78079,,0.0,0,,RPSNMLMJQHNFFAG48DA
頭城鎮,房地(土地+建物),宜蘭縣頭城鎮三和路301~330號,253.25,,特定農業區,甲種建築用地,1070424,土地3建物1車位0,全,二層,透天厝,住家用,鋼筋混凝土加強磚造,0640701,69.15,2,1,1,有,無,3500000,50615,,0.0,0,親友、員工或其他特殊關係間之交易。;,RPSNMLKMPHNFFBG58DA
頭城鎮,土地,頭圍一段181~210地號,58.02,其他,,,1070710,土地2建物0車位0,,,其他,,,,0.0,0,0,0,有,無,4000000,68942,,0.0,0,受債權債務影響或債務抵償之交易。;,RPRNMLPKQHNFFBG78CA
宜蘭市,房地(土地+建物),宜蘭縣宜蘭市復興路二段112巷1~30號,106.28,住,,,1070626,土地5建物1車位0,全,四層,透天厝,住家用,鋼筋混凝土造,1020521,190.95,4,2,4,有,無,12500000,65462,,0.0,0,,RPSOMLRLPHNFFBG56CA
頭城鎮,房地(土地+建物),宜蘭縣頭城鎮復興路91~120號,6.21,住,,,1070707,土地1建物1車位0,四層,五層,套房(1房1廳1衛),住家用,鋼筋混凝土造,0860224,23.96,1,1,1,有,有,960000,40067,,0.0,0,,RPROMLOLPHNFFBG78CA
礁溪鄉,房地(土地+建物),宜蘭縣礁溪鄉大忠路181~210號,9.87,住,,,1070714,土地1建物1車位0,七層,十四層,套房(1房1廳1衛),住家用,鋼筋混凝土造,0950921,63.019999999999996,1,1,1,有,有,4800000,76166,,0.0,0,,RPROMLNJQHNFFBG58CA
宜蘭市,房地(土地+建物),宜蘭縣宜蘭市慈安路31~60號,25.48,住,,,1070623,土地1建物1車位0,四層,七層,華廈(10層含以下有電梯),住家用,鋼筋混凝土造,0820820,103.81,3,2,1,有,有,4100000,39495,,0.0,0,增建部分:陽台外推。含家俱等。,RPTNMLSJQHNFFBG56CA
宜蘭市,房地(土地+建物),宜蘭縣宜蘭市女中路三段271~300號,159.0,住,,,1070609,土地2建物1車位0,全,三層,透天厝,住家用,鋼筋混凝土造,0930723,249.35,5,2,5,有,無,28000000,112292,,0.0,0,1~4樓空地及頂樓增建,RPPNMLRLPHNFFBG78CA
礁溪鄉,房地(土地+建物),宜蘭縣礁溪鄉信義路34巷1~30號,6.13,商,,,1070611,土地2建物1車位0,十三層,十三層,套房(1房1廳1衛),見其他登記事項,鋼筋混凝土造,0971231,56.08,1,1,1,有,有,5450000,97183,,0.0,0,有夾層,RPPOMLKMPHNFFBG28CA
宜蘭市,房地(土地+建物),宜蘭縣宜蘭市進士路27巷1~30號,109.0,農,,,1070615,土地2建物1車位0,全,三層,透天厝,住家用,鋼筋混凝土造,0970417,206.82,4,2,5,有,無,8500000,41099,,0.0,0,,RPQOMLKMPHNFFBG38CA
礁溪鄉,房地(土地+建物),宜蘭縣礁溪鄉奇立丹路195巷1~30號,98.53,,鄉村區,乙種建築用地,1070515,土地1建物1車位0,全,二層,透天厝,住家用,鋼筋混凝土加強磚造,0701224,113.22,3,2,2,有,無,6300000,55644,,0.0,0,增建一樓空地及頂樓,RPUOMLPLPHNFFBG56CA
礁溪鄉,土地,德陽段601~630地號,145.02,農,,,1070511,土地1建物0車位0,,,其他,,,,0.0,0,0,0,有,無,3070200,21171,,0.0,0,,RPQNMLPLPHNFFBG68CA
宜蘭市,房地(土地+建物),宜蘭縣宜蘭市黎明三路32巷5弄1~30號,158.88,農,,,1070623,土地7建物1車位0,全,三層,透天厝,見其他登記事項,鋼筋混凝土造,1050617,202.12,5,2,4,有,無,12000000,59371,,0.0,0,,RPXNMLPLPHNFFBG76CA
三星鄉,土地,大埔段811~840地號,2810.0,,特定農業區,農牧用地,1070625,土地1建物0車位0,,,其他,,,,0.0,0,0,0,有,無,11800000,4199,,0.0,0,,RPPOMLNJQHNFFAG28CA
羅東鎮,房地(土地+建物),宜蘭縣羅東鎮維揚路101巷2弄1~30號,84.0,住,,,1070531,土地1建物1車位0,全,三層,透天厝,住家用,鋼筋混凝土造,0710227,157.8,4,2,3,有,無,6880000,43599,,0.0,0,,RPQRMLQLPHNFFAG09CA
冬山鄉,房地(土地+建物),宜蘭縣冬山鄉冬山路三段541~570號,161.95,商,,,1070620,土地2建物1車位0,全,一層,透天厝,住家用,見其他登記事項,060,88.11,0,0,0,無,無,7300000,82851,,0.0,0,含增建或未登記建物。;,RPUOMLPLPHNFFAG09CA
冬山鄉,土地,大進段451~480地號,2500.0,,一般農業區,農牧用地,1070519,土地1建物0車位0,,,其他,,,,0.0,0,0,0,有,無,8880000,3552,,0.0,0,,RPXOMLPLPHNFFAG76CA
五結鄉,房地(土地+建物)+車位,宜蘭縣五結鄉臺興路91~120號,25.31,住,,,1070420,土地3建物1車位1,四層,六層,華廈(10層含以下有電梯),住家用,鋼筋混凝土造,0860123,125.63999999999999,3,2,2,有,有,4300000,34225,坡道機械,0.0,0,,RPPNMLQLPHNFFAG58CA
冬山鄉,土地,進利段271~300地號,2500.0,,一般農業區,農牧用地,1070605,土地1建物0車位0,,,其他,,,,0.0,0,0,0,有,無,4688000,1875,,0.0,0,,RPROMLPLPHNFFAG78CA
冬山鄉,房地(土地+建物),宜蘭縣冬山鄉鹿安路397巷1~30號,123.16,住,,,1060520,土地3建物1車位0,全,三層,透天厝,見其他登記事項,見其他登記事項,1070517,181.3,4,2,4,有,無,11700000,64534,,0.0,0,"本件為106年5月間之預售屋買賣交易,公契日非私契日",RPSOMLPLPHNFFAG88CA
大同鄉,土地,崙埤段451~480地號,3765.0,,山坡地保育區,農牧用地,1070626,土地1建物0車位0,,,其他,,,,0.0,0,0,0,有,無,280000,74,,0.0,0,義務人急售土地。,RPQOMLOLPHNFFAG58CA
冬山鄉,房地(土地+建物),宜蘭縣冬山鄉鹿安路182巷1~30號,104.37,農,,,1070706,土地3建物1車位0,全,三層,透天厝,住家用,鋼筋混凝土造,0980831,189.58,4,3,4,有,無,8350000,44045,,0.0,0,,RPWNMLOLPHNFFAG09CA
冬山鄉,房地(土地+建物),宜蘭縣冬山鄉梅花路241~270號,131.08,,特定農業區,甲種建築用地,1070511,土地2建物1車位0,全,三層,透天厝,住家用,鋼筋混凝土造,0820105,154.8,5,2,3,有,無,6660000,43023,,0.0,0,親友、員工或其他特殊關係間之交易。;,RPPQMLLMPHNFFAG48CA
蘇澳鎮,房地(土地+建物),宜蘭縣羅東鎮中興四巷1~30號,93.0,,工業區,丁種建築用地,1070623,土地1建物1車位0,全,三層,透天厝,住家用,見其他登記事項,1060912,190.75,4,2,3,有,無,7500000,39318,,0.0,0,,RPVOMLLJQHNFFAG68CA
羅東鎮,房地(土地+建物),宜蘭縣羅東鎮豐年路31~60號,33.9,住,,,1070630,土地1建物1車位0,四層,四層,公寓(5樓含以下無電梯),住家用,鋼筋混凝土造,0801220,127.83,4,2,3,有,有,3522000,27552,,0.0,0,,RPWOMLLJQHNFFAG78CA
三星鄉,房地(土地+建物),宜蘭縣三星鄉大隱二路63巷1~30號,2628.89,,特定農業區,農牧用地,1070524,土地1建物1車位0,一層,一層,農舍,農舍,見其他登記事項,1000310,144.07,3,2,3,有,無,15000000,,,0.0,0,壹樓空地有增建。,RPXNMLNJQHNFFAG98CA
羅東鎮,房地(土地+建物)+車位,宜蘭縣羅東鎮天祥路1~30號,14.52,住,,,1070625,土地1建物1車位1,四層,七層,華廈(10層含以下有電梯),住家用,鋼筋混凝土造,0831107,125.85,3,2,2,有,有,4370000,34724,坡道平面,0.0,0,,RPXRMLQLPHNFFAG17CA
羅東鎮,房地(土地+建物),宜蘭縣羅東鎮維揚路181~210號,95.0,住,,,1070707,土地1建物1車位0,全,三層,透天厝,住家用,鋼筋混凝土造,0700305,173.4,4,2,5,有,無,14000000,80738,,0.0,0,,RPOSMLQLPHNFFAG98CA
冬山鄉,房地(土地+建物),宜蘭縣冬山鄉美和路二段57巷31~60號,147.49,農,,,1070513,土地1建物1車位0,全,三層,透天厝,住家用,鋼筋混凝土造,0890717,233.39,3,3,4,有,無,8880000,38048,,0.0,0,含增建或未登記建物。;,RPPSMLQLPHNFFAG09CA
冬山鄉,土地,山明段601~630地號,47.85,住,,,1070703,土地1建物0車位0,,,其他,,,,0.0,0,0,0,有,無,1157600,24192,,0.0,0,,RPVRMLRLPHNFFAG07CA
五結鄉,房地(土地+建物),宜蘭縣五結鄉五濱路一段136巷1~30號,14.21,,一般農業區,甲種建築用地,1070623,土地1建物1車位0,四層,十四層,套房(1房1廳1衛),見其他登記事項,鋼筋混凝土造,0861105,41.05,1,1,1,有,有,990000,24117,,0.0,0,,RPTOMLPLPHNFFAG98CA
羅東鎮,房地(土地+建物),宜蘭縣羅東鎮中華路241~270號,32.6,住,,,1070705,土地1建物1車位0,三層,五層,華廈(10層含以下有電梯),住家用,鋼筋混凝土造,0820917,109.04,3,2,1,有,有,5000000,45855,,0.0,0,,RPWOMLPLPHNFFAG66CA
冬山鄉,土地,安平段511~540地號,9703.74,,山坡地保育區,農牧用地,1070531,土地2建物0車位0,,,其他,,,,0.0,0,0,0,有,無,3200000,330,,0.0,0,,RPSRMLQLPHNFFAG66CA
羅東鎮,土地,仁愛二段811~840地號,520.11,,特定農業區,農牧用地,1070628,土地2建物0車位0,,,其他,,,,0.0,0,0,0,有,無,1573300,3025,,0.0,0,,RPVRMLQLPHNFFAG96CA
冬山鄉,房地(土地+建物),宜蘭縣冬山鄉美和路一段251巷1~30號,170.38,,特定農業區,甲種建築用地,1070620,土地1建物1車位0,全,四層,透天厝,見其他登記事項,鋼筋混凝土造,0930531,268.46,4,3,4,有,無,9500000,35387,,0.0,0,,RPQNMLRJQHNFFAG68CA
宜蘭市,房地(土地+建物)+車位,宜蘭縣宜蘭市女中路三段121~150號,15.99,住,,,1070616,土地1建物1車位1,六層,七層,華廈(10層含以下有電梯),住家用,鋼筋混凝土造,0870416,97.15,2,2,1,有,有,3800000,39115,坡道機械,0.0,0,,RPOOMLQLPHNFFBG68CA
員山鄉,房地(土地+建物),宜蘭縣員山鄉尚深路91~120號,119.24,,特定農業區,甲種建築用地,1070628,土地1建物1車位0,全,二層,透天厝,住家用,鋼筋混凝土加強磚造,0730317,126.72,4,2,2,有,無,6000000,47348,,0.0,0,增建一樓後面空地增建三樓,RPUNMLRLPHNFFBG66CA
宜蘭市,房地(土地+建物),宜蘭縣宜蘭市農權路三段163巷1弄61~90號,14.77,住,,,1070606,土地1建物1車位0,二層,六層,套房(1房1廳1衛),住家用,鋼筋混凝土造,0830803,57.63,1,1,1,有,有,2300000,39910,,0.0,0,,RPROMLRLPHNFFBG09CA
頭城鎮,土地,烏石港段481~510地號,400.97,住,,,1070613,土地1建物0車位0,,,其他,,,,0.0,0,0,0,有,無,17587000,43861,,0.0,0,,RPQOMLNJQHNFFBG48CA
壯圍鄉,土地,壯濱一段691~720地號,1118.54,,一般農業區,農牧用地,1070601,土地1建物0車位0,,,其他,,,,0.0,0,0,0,有,無,3000000,2682,,0.0,0,,RPOPMLOKQHNFFBG58CA
礁溪鄉,房地(土地+建物),宜蘭縣礁溪鄉健康路31~60號,14.95,其他,,,1050210,土地1建物1車位0,四層,十二層,套房(1房1廳1衛),見其他登記事項,鋼筋混凝土造,1070427,95.50999999999999,0,0,1,無,有,11100000,116218,,0.0,0,,RPVOMLQJQHNFFBG66CA
礁溪鄉,房地(土地+建物),宜蘭縣礁溪鄉健康路31~60號,8.27,其他,,,1060622,土地1建物1車位0,二層,十二層,套房(1房1廳1衛),見其他登記事項,鋼筋混凝土造,1070427,54.06,0,0,1,無,有,5970000,110433,,0.0,0,,RPXOMLQJQHNFFBG86CA
礁溪鄉,房地(土地+建物),宜蘭縣礁溪鄉健康路31~60號,9.01,其他,,,1050129,土地1建物1車位0,四層,十二層,套房(1房1廳1衛),見其他登記事項,鋼筋混凝土造,1070427,57.92,0,0,1,無,有,6680000,115331,,0.0,0,,RPOPMLQJQHNFFBG68CA
礁溪鄉,房地(土地+建物),宜蘭縣礁溪鄉健康路31~60號,9.01,其他,,,1050116,土地1建物1車位0,四層,十二層,套房(1房1廳1衛),見其他登記事項,鋼筋混凝土造,1070427,58.18000000000001,0,0,1,無,有,7000000,120316,,0.0,0,,RPPPMLQJQHNFFBG78CA
礁溪鄉,房地(土地+建物),宜蘭縣礁溪鄉健康路31~60號,9.01,其他,,,1050314,土地1建物1車位0,五層,十二層,套房(1房1廳1衛),見其他登記事項,鋼筋混凝土造,1070427,58.18000000000001,0,0,1,無,有,7000000,120316,,0.0,0,,RPQPMLQJQHNFFBG88CA
礁溪鄉,房地(土地+建物),宜蘭縣礁溪鄉健康路31~60號,7.85,其他,,,1050306,土地1建物1車位0,三層,十二層,套房(1房1廳1衛),見其他登記事項,鋼筋混凝土造,1070427,51.29,0,0,1,無,有,5620000,109573,,0.0,0,,RPUPMLQJQHNFFBG66CA
宜蘭市,房地(土地+建物)+車位,宜蘭縣宜蘭市吉祥路88巷1~30號,35.55,住,,,1041012,土地2建物1車位1,十一層,十四層,住宅大樓(11層含以上有電梯),見其他登記事項,鋼筋混凝土造,1070123,181.70999999999998,3,1,2,有,無,10650000,64201,坡道平面,31.4,1000000,,RPTOMLLMPHNFFBG78CA
宜蘭市,房地(土地+建物)+車位,宜蘭縣宜蘭市吉祥路88巷1~30號,45.68,住,,,1040615,土地2建物1車位2,十二層,十四層,住宅大樓(11層含以上有電梯),見其他登記事項,鋼筋混凝土造,1070123,248.86,3,2,2,有,無,15000000,69870,坡道平面,62.8,2000000,,RPUOMLLMPHNFFBG88CA
宜蘭市,房地(土地+建物)+車位,宜蘭縣宜蘭市新興路211~240號,31.39,住,,,1070619,土地1建物1車位1,五層,七層,華廈(10層含以下有電梯),住家用,鋼筋混凝土造,0801210,165.61,2,2,2,有,有,5290000,31943,坡道平面,0.0,0,,RPVOMLLMPHNFFBG98CA
宜蘭市,房地(土地+建物),宜蘭縣宜蘭市嵐峰路二段168巷1~30號,132.0,住,,,1070625,土地1建物1車位0,全,二層,透天厝,住家用,鋼筋混凝土加強磚造,0740206,129.46,3,2,2,有,無,9000000,69520,,0.0,0,,RPXPMLOKQHNFFBG86CA
宜蘭市,房地(土地+建物),宜蘭縣宜蘭市文化路781~810號,18.17,住,,,1070626,土地1建物1車位0,二層,七層,華廈(10層含以下有電梯),住家用,鋼筋混凝土造,0830806,114.79,3,2,2,有,有,4550000,39638,,0.0,0,,RPPNMLQLPHNFFBG78DA
宜蘭市,房地(土地+建物)+車位,宜蘭縣宜蘭市宜中路211~240號,33.8,住,,,1070623,土地1建物1車位1,二層,七層,華廈(10層含以下有電梯),住家用,鋼筋混凝土造,0800508,183.25,4,2,2,有,有,3200000,17462,坡道平面,0.0,0,二親等買賣,RPVOMLRLPHNFFBG96DA
礁溪鄉,房地(土地+建物),宜蘭縣礁溪鄉大忠路181~210號,7.51,住,,,1070526,土地1建物1車位0,三層,十四層,套房(1房1廳1衛),住家用,鋼筋混凝土造,0950921,47.82,1,1,1,有,無,3800000,79465,,0.0,0,本案車位為每日隨到隨停,RPQNMLMLQHNFFBG48CA
頭城鎮,房地(土地+建物),宜蘭縣頭城鎮復興路18巷1~30號,152.77,住,,,1070703,土地3建物1車位0,全,四層,透天厝,住家用,鋼筋混凝土造,0840710,229.9,4,1,3,有,無,9800000,42627,,0.0,0,,RPXNMLLMPHNFFBG56DA
壯圍鄉,土地,五權段241~270地號,1615.0,,特定農業區,農牧用地,1030712,土地1建物0車位0,,,其他,,,,0.0,0,0,0,有,無,3908300,2420,,0.0,0,農地配建  買方出資興建農舍,RPRNMLQKQHNFFBG88CA
五結鄉,土地,季新段751~780地號,5909.99,,一般農業區,農牧用地,1070711,土地3建物0車位0,,,其他,,,,0.0,0,0,0,有,無,15196000,2571,,0.0,0,含養殖設施等,RPRRMLQLPHNFFAG76EA
冬山鄉,土地,冬梅段841~870地號,39.65,商,,,1070613,土地1建物0車位0,,,其他,,,,0.0,0,0,0,有,無,1450000,36570,,0.0,0,親屬間交易(叔侄),RPURMLQLPHNFFAG07EA
宜蘭市,房地(土地+建物),宜蘭縣宜蘭市延平路60巷122弄31~60號,118.0,住,,,1070621,土地4建物1車位0,全,三層,透天厝,見其他登記事項,鋼筋混凝土造,1050329,254.28,4,2,5,有,無,13800000,54271,,0.0,0,,RPVNMLLMPHNFFBG88CA
宜蘭市,房地(土地+建物),宜蘭縣宜蘭市延平一路206巷47弄1~30號,110.69,農,,,1070625,土地4建物1車位0,全,三層,透天厝,住家用,鋼筋混凝土造,1051025,179.72,4,2,5,有,無,9300000,51747,,0.0,0,,RPQNMLKMPHNFFBG28CA
宜蘭市,房地(土地+建物),宜蘭縣宜蘭市延平路42巷2弄1~30號,21.22,住,,,1070707,土地1建物1車位0,七層,七層,華廈(10層含以下有電梯),住家用,鋼筋混凝土造,0821231,114.68,3,2,2,有,有,4300000,37496,,0.0,0,,RPTNMLNJQHNFFBG68CA
宜蘭市,房地(土地+建物),宜蘭縣宜蘭市雪峰一路311巷1~30號,116.49,,特定農業區,甲種建築用地,1070712,土地2建物1車位0,全,三層,透天厝,住家用,鋼筋混凝土造,0841116,187.17,4,2,3,有,無,7000000,37399,,0.0,0,一樓廚房增建,RPUNMLNJQHNFFBG78CA
壯圍鄉,土地,壯志段871~900地號,2500.0,,特定農業區,農牧用地,1070522,土地1建物0車位0,,,其他,,,,0.0,0,0,0,有,無,6880000,2752,,0.0,0,,RPPOMLRJQHNFFBG78CA
礁溪鄉,土地,五峰段1441~1470地號,310.69,其他,,,1070607,土地2建物0車位0,,,其他,,,,0.0,0,0,0,有,無,14097000,45373,,0.0,0,,RPPNMLLMPHNFFBG28CA
蘇澳鎮,土地,慶安段1021~1050地號,370.52,其他,,,1070529,土地3建物0車位0,,,其他,,,,0.0,0,0,0,有,無,2577840,6957,,0.0,0,,RPTNMLSJQHNFFAG09CA
五結鄉,房地(土地+建物),宜蘭縣五結鄉五結中路一段111巷1弄1~30號,66.13,,特定農業區,甲種建築用地,1070710,土地1建物1車位0,全,二層,透天厝,住家用,鋼筋混凝土加強磚造,0700107,83.22,4,2,2,有,無,4500000,54074,,0.0,0,壹樓空地有增建及陽台外推。,RPWNMLTJQHNFFAG86CA
羅東鎮,房地(土地+建物),宜蘭縣羅東鎮中山西街181~210號,79.0,住,,,1070711,土地2建物1車位0,全,二層,透天厝,住家用,鋼筋混凝土造,0660727,91.8,5,3,5,有,無,9500000,103486,,0.0,0,1.2樓後方，3樓增建。,RPROMLNJQHNFFAG48CA
羅東鎮,房地(土地+建物),宜蘭縣羅東鎮興東路181~210號,12.73,商,,,1070531,土地1建物1車位0,五層,九層,華廈(10層含以下有電梯),住家用,鋼筋混凝土造,0841215,104.46000000000001,2,1,1,有,無,5080000,48631,,0.0,0,,RPWRMLQLPHNFFAG07CA
五結鄉,房地(土地+建物)+車位,宜蘭縣五結鄉臺興路91~120號,25.31,住,,,1070629,土地3建物1車位1,四層,六層,華廈(10層含以下有電梯),住家用,鋼筋混凝土造,0860123,128.78,2,1,2,有,有,4250000,33002,坡道機械,0.0,0,,RPOSMLRLPHNFFAG09CA
大同鄉,土地,牛鬥段331~360地號,4323.0,,山坡地保育區,農牧用地,1070521,土地1建物0車位0,,,其他,,,,0.0,0,0,0,有,無,1350000,312,,0.0,0,,RPRNMLKMPHNFFAG28CA
五結鄉,土地,中福段1051~1080地號,580.0,工,,,1070627,土地2建物0車位0,,,其他,,,,0.0,0,0,0,有,無,18500000,31897,,0.0,0,農田水利會施作水溝有佔用標的物，賣方折讓新台幣20萬元整于買方。,RPSNMLKMPHNFFAG38CA
大同鄉,土地,崙埤段541~570地號,1130.0,,鄉村區,乙種建築用地,1070718,土地1建物0車位0,,,其他,,,,0.0,0,0,0,有,無,1400000,1239,,0.0,0,1.原住民保留地。2.權利人等二人。,RPUNMLKMPHNFFAG58CA
蘇澳鎮,房地(土地+建物),宜蘭縣蘇澳鎮龍祥三路61~90號,68.0,,工業區,丁種建築用地,1070703,土地1建物1車位0,全,三層,透天厝,住家用,鋼筋混凝土造,1051223,159.57,4,2,3,有,無,5500000,34468,,0.0,0,,RPQOMLKMPHNFFAG28CA
羅東鎮,房地(土地+建物)+車位,宜蘭縣羅東鎮北成路二段1巷91~120號,21.47,,特定農業區,甲種建築用地,1070706,土地2建物1車位1,五層,五層,公寓(5樓含以下無電梯),住家用,鋼筋混凝土造,0850117,106.62,2,1,1,有,有,4050000,37985,坡道平面,0.0,0,,RPOSMLKMPHNFFAG48CA
冬山鄉,土地,大進段1~30地號,12990.18,,山坡地保育區,農牧用地,1070523,土地1建物0車位0,,,其他,,,,0.0,0,0,0,有,無,20433553,1573,,0.0,0,,RPPSMLKMPHNFFAG58CA
羅東鎮,房地(土地+建物),宜蘭縣羅東鎮公正路541~570號,13.68,住,,,1070619,土地1建物1車位0,八層,十二層,住宅大樓(11層含以上有電梯),住家用,鋼筋混凝土造,0840925,148.23000000000002,3,2,2,有,無,6850000,46212,,0.0,0,,RPRNMLLMPHNFFAG38CA
羅東鎮,房地(土地+建物),宜蘭縣羅東鎮豐年路53巷1~30號,92.0,住,,,1070628,土地1建物1車位0,全,三層,透天厝,住家用,鋼筋混凝土加強磚造,0680207,150.96,5,2,4,有,無,10100000,66905,,0.0,0,,RPTOMLLJQHNFFAG48CA
冬山鄉,房地(土地+建物),宜蘭縣冬山鄉清溝路26巷2弄1~30號,110.13,,特定農業區,甲種建築用地,1070709,土地1建物1車位0,全,三層,透天厝,住家用,鋼筋混凝土造,0801231,160.21,3,3,2,有,無,7200000,44941,,0.0,0,含增建或未登記建物。;權利人2人,RPTNMLMJQHNFFAG48CA
三星鄉,土地,尚義段211~240地號,4441.0,,特定農業區,農牧用地,1070621,土地4建物0車位0,,,其他,,,,0.0,0,0,0,有,無,10747000,2420,,0.0,0,,RPQNMLPJQHNFFAG48CA
五結鄉,房地(土地+建物)+車位,宜蘭縣五結鄉季水路清水三巷1~30號,57.33,,鄉村區,乙種建築用地,1070702,土地1建物1車位1,四層,五層,華廈(10層含以下有電梯),見其他登記事項,鋼筋混凝土造,0870602,167.28,4,1,1,有,有,3000000,17934,坡道平面,0.0,0,,RPPNMLQJQHNFFAG48CA
三星鄉,土地,大隱一段721~750地號,2965.03,,特定農業區,農牧用地,1070613,土地1建物0車位0,,,其他,,,,0.0,0,0,0,有,無,5380000,1814,,0.0,0,,RPVNMLQJQHNFFAG09CA
冬山鄉,房地(土地+建物),宜蘭縣冬山鄉香城路311巷37弄1~30號,101.0,,特定農業區,甲種建築用地,1070624,土地1建物1車位0,全,三層,透天厝,住家用,鋼筋混凝土造,0960621,171.78,4,2,4,有,無,6500000,37839,,0.0,0,,RPXNMLQJQHNFFAG66CA
羅東鎮,土地,信義段991~1020地號,33.0,商,,,1070627,土地3建物0車位0,,,其他,,,,0.0,0,0,0,有,無,3294225,99825,,0.0,0,總價原為3342141元，扣除分割後坪數&價金減少47916元後為3294225元。,RPUOMLQJQHNFFAG09CA
礁溪鄉,房地(土地+建物),宜蘭縣礁溪鄉德陽街1~30號,7.36,住,,,1070710,土地3建物1車位0,二層,七層,套房(1房1廳1衛),住家用,鋼筋混凝土造,0721124,41.28,1,1,1,有,有,1680000,40698,,0.0,0,,RPTNMLLMPHNFFBG68CA
頭城鎮,房地(土地+建物),宜蘭縣頭城鎮朝陽路1~30號,19.64,住,,,1030716,土地1建物1車位0,十九層,二十九層,套房(1房1廳1衛),見其他登記事項,鋼骨鋼筋混凝土造,1061221,77.62,1,1,1,有,有,7404829,95398,,0.0,0,,RPUPMLOKQHNFFBG56CA
礁溪鄉,房地(土地+建物),宜蘭縣礁溪鄉塭底路31~60號,29.4,,一般農業區,甲種建築用地,1070628,土地1建物1車位0,一層,四層,公寓(5樓含以下無電梯),住家用,鋼筋混凝土加強磚造,0830930,81.0,2,2,1,有,無,2700000,33333,,0.0,0,,RPVNMLNJQHNFFBG88CA
員山鄉,房地(土地+建物),宜蘭縣員山鄉尚深路60巷1~30號,1412.47,,特定農業區,農牧用地,1070602,土地1建物1車位0,一層，二層,二層,農舍,農舍,鋼筋混凝土造,1051111,185.17,3,3,4,有,無,17000000,,,0.0,0,,RPXNMLNJQHNFFBG09CA
礁溪鄉,土地,開蘭三段781~810地號,1521.38,農,,,1030918,土地1建物0車位0,,,其他,,,,0.0,0,0,0,有,無,9204340,6050,,0.0,0,本案係土地買賣配建農舍.建物由買方出資興建,RPWOMLLJQHNFFBG88CA
宜蘭市,房地(土地+建物),宜蘭縣宜蘭市復興路一段61~90號,26.73,住,,,1070622,土地1建物1車位0,五層,五層,公寓(5樓含以下無電梯),住家用,鋼筋混凝土造,0720511,98.5,3,2,1,有,無,3400000,34518,,0.0,0,,RPRNMLKMPHNFFBG38CA
宜蘭市,房地(土地+建物),宜蘭縣宜蘭市林森路91~120號,19.98,住,,,1070707,土地1建物1車位0,七層,七層,華廈(10層含以下有電梯),住家用,鋼筋混凝土造,0840516,110.67,3,2,2,有,有,4170000,37680,,0.0,0,,RPVNMLLJQHNFFBG68CA
五結鄉,土地,學進段631~660地號,4.49,住,,,1070710,土地1建物0車位0,,,其他,,,,0.0,0,0,0,有,無,240978,53670,,0.0,0,向政府機關承購之案件。;,RPPNMLLMPHNFFAG38EA
三星鄉,房地(土地+建物),宜蘭縣三星鄉大隱六路209巷6弄1~30號,113.0,,特定農業區,甲種建築用地,1070608,土地2建物1車位0,全,五層,透天厝,見其他登記事項,鋼筋混凝土造,0840908,206.15,4,3,3,有,無,4470000,21683,,0.0,0,,RPUOMLLJQHNFFAG78EA
羅東鎮,房地(土地+建物)+車位,宜蘭縣羅東鎮北成路一段1~30號,25.32,住,,,1070524,土地2建物1車位1,五層,六層,華廈(10層含以下有電梯),住家用,鋼筋混凝土造,0830419,126.21000000000001,3,2,2,有,有,5800000,45955,坡道平面,0.0,0,,RPTNMLPKQHNFFAG09EA
宜蘭市,房地(土地+建物),宜蘭縣宜蘭市東後街31~60號,26.79,住,,,1070719,土地1建物1車位0,五層,五層,華廈(10層含以下有電梯),住家用,鋼筋混凝土造,0840706,99.65,3,1,1,有,無,3100000,31109,,0.0,0,朋友間買賣,RPSNMLLJQHNFFBG58EA
頭城鎮,房地(土地+建物),宜蘭縣頭城鎮朝陽路1~30號,25.03,住,,,1030720,土地1建物1車位0,二十四層,二十九層,住宅大樓(11層含以上有電梯),見其他登記事項,鋼骨鋼筋混凝土造,1061221,99.39,0,0,1,無,有,10732457,107983,,0.0,0,,RPVOMLKKQHNFFBG78CA
頭城鎮,房地(土地+建物),宜蘭縣頭城鎮朝陽路1~30號,19.64,住,,,1030716,土地1建物1車位0,十八層,二十九層,套房(1房1廳1衛),見其他登記事項,鋼骨鋼筋混凝土造,1061221,77.62,1,1,1,有,有,7334511,94493,,0.0,0,,RPOQMLOKQHNFFBG68CA
宜蘭市,房地(土地+建物),宜蘭縣宜蘭市崇聖街61~90號,71.72,商,,,1070628,土地1建物4車位0,三層,八層,華廈(10層含以下有電梯),住家用,鋼筋混凝土造,0841212,374.4,4,0,4,有,無,14605000,39009,,0.0,0,,RPPPMLKLQHNFFBG38CA
宜蘭市,房地(土地+建物),宜蘭縣宜蘭市北津路5巷10弄1~30號,116.14,住,,,1070704,土地2建物1車位0,全,三層,透天厝,住家用,鋼筋混凝土造,0940203,191.32,4,2,3,有,無,9500000,49655,,0.0,0,,RPRNMLLMPHNFFBG58DA
宜蘭市,房地(土地+建物),宜蘭縣宜蘭市擺厘路1~30號,129.0,住,,,1070627,土地2建物1車位0,一層，二層，三層，見其他登記事項,三層,店面(店鋪),見其他登記事項,鋼筋混凝土造,1040616,274.93,3,2,3,有,無,29000000,105481,,0.0,0,,RPRQMLQJQHNFFBG66EA
礁溪鄉,房地(土地+建物),宜蘭縣礁溪鄉礁溪路三段129巷1~30號,515.0,,特定農業區,農牧用地,1070414,土地2建物1車位0,一層,一層,其他,見其他登記事項,見其他登記事項,0981021,153.0,0,0,1,無,無,6500000,,,0.0,0,建物型態主要用途： 農業資材室（花卉溫室）,RPUOMLOLQHNFFBG76EA
宜蘭市,房地(土地+建物),宜蘭縣宜蘭市民族路391~420號,18.59,住,,,1070716,土地1建物1車位0,七層,七層,華廈(10層含以下有電梯),住家用,鋼筋混凝土造,0790621,125.27,2,2,2,有,有,4624000,36912,,0.0,0,親戚間買賣,RPQNMLLMPHNFFBG58EA
宜蘭市,房地(土地+建物)+車位,宜蘭縣宜蘭市凱旋路129巷1~30號,57.64,住,,,1070507,土地1建物1車位1,二層,九層,華廈(10層含以下有電梯),見其他登記事項,鋼筋混凝土造,1000415,179.75,3,2,2,有,有,6500000,36161,坡道平面,0.0,0,,RPSNMLTJQHNFFBG56CA
冬山鄉,房地(土地+建物),宜蘭縣冬山鄉廣興路11巷31~60號,1564.87,,特定農業區,農牧用地,1070716,土地1建物1車位0,一層，二層，三層,三層,農舍,農舍,鋼筋混凝土造,1041015,360.45,4,2,2,有,無,24500000,,,0.0,0,,RPRNMLMJQHNFFAG28CA
冬山鄉,土地,山明段511~540地號,4411.94,住,,,1070628,土地2建物0車位0,,,其他,,,,0.0,0,0,0,有,無,148500000,33659,,0.0,0,,RPSNMLLMPHNFFAG48CA
冬山鄉,房地(土地+建物),宜蘭縣冬山鄉八仙路233巷1~30號,101.89,,特定農業區,甲種建築用地,1070709,土地2建物1車位0,全,三層,透天厝,住家用,鋼筋混凝土造,0950807,184.98,4,3,3,有,無,7050000,38112,,0.0,0,,RPTNMLLMPHNFFAG58CA
蘇澳鎮,房地(土地+建物),宜蘭縣蘇澳鎮龍祥二路6巷31~60號,66.0,,工業區,丁種建築用地,1070712,土地1建物1車位0,全,三層,透天厝,住家用,鋼筋混凝土造,1060911,155.72,4,2,3,有,無,7050000,45274,,0.0,0,,RPUNMLLMPHNFFAG68CA
南澳鄉,土地,東岳段91~120地號,4010.0,,山坡地保育區,農牧用地,1070702,土地1建物0車位0,,,其他,,,,0.0,0,0,0,有,無,600000,150,,0.0,0,,RPROMLLJQHNFFAG28CA
冬山鄉,房地(土地+建物),宜蘭縣冬山鄉武罕五路150巷22弄1~30號,104.0,,特定農業區,甲種建築用地,1070618,土地2建物1車位0,全,三層,透天厝,住家用,見其他登記事項,1050301,195.53,4,2,5,有,無,8750000,44750,,0.0,0,,RPSOMLLJQHNFFAG38CA
蘇澳鎮,房地(土地+建物),宜蘭縣蘇澳鎮海山東路361~390號,112.62,住,,,1070701,土地1建物1車位0,全,三層,透天厝,住家用,鋼筋混凝土造,1030115,229.08,4,2,5,有,無,8400000,36668,,0.0,0,含增建或未登記建物。;1、2、3樓後方增建、雨遮、地下室增建,RPWNMLMJQHNFFAG78CA
冬山鄉,房地(土地+建物),宜蘭縣冬山鄉永興路二段169巷1弄1~30號,87.01,,特定農業區,甲種建築用地,1070628,土地1建物1車位0,全,四層,透天厝,住家用,鋼筋混凝土造,0850626,201.22,4,3,3,有,無,8300000,41248,,0.0,0,,RPSOMLLLQHNFFAG58CA
五結鄉,房地(土地+建物),宜蘭縣五結鄉中興路三段271~300號,27.25,住,,,1070711,土地1建物1車位0,一層,四層,華廈(10層含以下有電梯),見其他登記事項,見其他登記事項,1070323,63.21,0,0,1,無,無,5200000,82265,,0.0,0,,RPVNMLRLQHNFFAG76CA
冬山鄉,土地,福山段1471~1500地號,209.88,,特定農業區,甲種建築用地,1070619,土地1建物0車位0,,,其他,,,,0.0,0,0,0,有,無,4100000,19535,,0.0,0,,RPSNMLRJQHNFFAG88CA
五結鄉,房地(土地+建物),宜蘭縣五結鄉三吉中路91~120號,144.09,,鄉村區,乙種建築用地,1070426,土地1建物1車位0,全,三層,透天厝,住家用,見其他登記事項,1060905,248.61,4,2,4,有,無,12500000,50280,,0.0,0,,RPOOMLRJQHNFFAG58CA
羅東鎮,房地(土地+建物),宜蘭縣羅東鎮中華路61~90號,85.0,住,,,1070702,土地1建物1車位0,全,四層,透天厝,住家用,鋼筋混凝土造,0690416,277.24,5,3,4,有,無,25000000,90175,,0.0,0,,RPSNMLSJQHNFFAG98CA
宜蘭市,房地(土地+建物),宜蘭縣宜蘭市中山路五段252巷31~60號,116.21,工,,,1070703,土地1建物1車位0,全,四層,透天厝,見其他登記事項,鋼筋混凝土造,0820920,282.44,5,2,4,有,無,10410000,36857,,0.0,0,,RPVNMLTJQHNFFBG86CA
員山鄉,房地(土地+建物),宜蘭縣員山鄉金山西路211~240號,137.88,住,,,1070706,土地3建物1車位0,全,三層,透天厝,見其他登記事項,鋼筋混凝土造,1051128,222.27,4,1,5,有,無,11500000,51739,,0.0,0,,RPUNMLSJQHNFFBG66CA
頭城鎮,房地(土地+建物),宜蘭縣頭城鎮新忠路1~30號,22.43,住,,,1070707,土地1建物1車位0,二層,七層,華廈(10層含以下有電梯),住家用,鋼筋混凝土造,0840210,123.37,3,2,2,有,有,3830000,31045,,0.0,0,,RPRNMLRJQHNFFBG88CA
礁溪鄉,房地(土地+建物),宜蘭縣礁溪鄉大忠路211~240號,12.01,住,,,1070718,土地1建物1車位0,十一層,十四層,套房(1房1廳1衛),住家用,鋼筋混凝土造,0950921,76.66,1,1,1,有,有,5100000,66528,,0.0,0,,RPSOMLLJQHNFFBG48CA
宜蘭市,房地(土地+建物)+車位,宜蘭縣宜蘭市延平路42巷2弄1~30號,20.22,住,,,1070716,土地1建物1車位1,七層,七層,華廈(10層含以下有電梯),住家用,鋼筋混凝土造,0821231,137.0,3,2,2,有,有,5247000,38299,坡道平面,0.0,0,,RPRPMLLJQHNFFBG48CA
壯圍鄉,土地,功勞段781~810地號,3726.0,,,,1070716,土地2建物0車位0,,,其他,,,,0.0,0,0,0,有,無,10369000,2783,,0.0,0,,RPSPMLLJQHNFFBG58CA
宜蘭市,房地(土地+建物),宜蘭縣宜蘭市中山路二段68巷1弄1~30號,67.11,住,,,1070703,土地1建物1車位0,全,二層,透天厝,住家用,鋼筋混凝土加強磚造,0600924,90.4,1,2,2,有,無,4350000,48119,,0.0,0,,RPWNMLMJQHNFFBG88CA
礁溪鄉,房地(土地+建物),宜蘭縣礁溪鄉大忠路121~150號,11.54,住,,,1070718,土地2建物1車位0,四層,六層,套房(1房1廳1衛),住家用,鋼筋混凝土造,0861124,56.72,0,0,1,無,有,2600000,45839,,0.0,0,,RPPNMLRJQHNFFBG88EA
員山鄉,土地,隘界三段451~480地號,113.7,,特定農業區,甲種建築用地,1070715,土地6建物0車位0,,,其他,,,,0.0,0,0,0,有,無,1938462,17049,,0.0,0,,RPUNMLLJQHNFFBG78EA
員山鄉,土地,隘界二段721~750地號,1650.0,,山坡地保育區,農牧用地,1070717,土地1建物0車位0,,,其他,,,,0.0,0,0,0,有,無,500000,303,,0.0,0,,RPQOMLLJQHNFFBG48EA
宜蘭市,房地(土地+建物),宜蘭縣宜蘭市擺厘路1~30號,129.0,住,,,1070627,土地2建物1車位0,一層，二層，三層，見其他登記事項,三層,店面(店鋪),見其他登記事項,鋼筋混凝土造,1040616,274.93,3,2,3,有,無,29000000,105481,,0.0,0,,RPPQMLQJQHNFFBG09EA
礁溪鄉,土地,開圍段601~630地號,40.93,,特定農業區,甲種建築用地,1070712,土地1建物0車位0,,,其他,,,,0.0,0,0,0,有,無,360000,8796,,0.0,0,,RPXNMLLLQHNFFBG09CA
員山鄉,房地(土地+建物),宜蘭縣員山鄉成功一路32巷1~30號,137.94,,特定農業區,甲種建築用地,1070608,土地1建物1車位0,全,一層,透天厝,住家用,鋼筋混凝土加強磚造,0701223,45.24,1,1,1,有,無,3600000,79576,,0.0,0,,RPQNMLQKQHNFFBG78CA
