﻿編號,土地區段位置,土地移轉面積(平方公尺),使用分區或編定
The serial number,land sector position,land shifting area (square meter),the use zoning or compiles and checks
RPSNMLPLPHNFFAI98CA,玉川段,45.00,都市：住
RPXNMLLMPHNFFAI56CA,湖內段,315.00,都市：其他
RPOOMLPLPHNFFAI68CA,中山段一小段,81.00,都市：住
RPROMLLMPHNFFAI68CA,白川段,59.00,都市：住
RPROMLLMPHNFFAI68CA,白川段,14.00,都市：其他
RPRNMLLMPHNFFAI58CA,彌陀段,24.26,都市：住
RPTNMLPLPHNFFAI09CA,短竹段,42.50,都市：住
RPTNMLPLPHNFFAI09CA,短竹段,3.50,都市：住
RPWNMLPLPHNFFAI76CA,湖子內段興安小段,119.76,都市：住
RPROMLPLPHNFFAI98CA,湖子內段興安小段,119.70,都市：住
RPOOMLPLPHNFFAI88EA,北園段,154.00,都市：住
RPSNMLOLPHNFFAI09EA,盧厝段,49.42,都市：住
RPWOMLLJQHNFFAI98CA,港子坪段港坪小段,16.32,都市：住
RPTOMLNLPHNFFAI98CA,竹圍子段,38.82,都市：住
RPRNMLLKQHNFFAI48CA,後庄段,29.45,都市：住
RPRNMLLKQHNFFAI48CA,後庄段,78.00,都市：住
RPQOMLMJQHNFFAI48CA,遠東段,18.66,都市：住
RPRNMLNJQHNFFAI58CA,盧東段,32.12,都市：農
RPRNMLNJQHNFFAI58CA,盧東段,37.38,都市：農
RPRNMLNJQHNFFAI58CA,盧東段,12.96,都市：農
RPRNMLNJQHNFFAI58CA,盧東段,111.04,都市：農
RPRNMLNJQHNFFAI58CA,盧東段,.48,都市：農
RPRNMLNJQHNFFAI58CA,盧東段,.42,都市：農
RPRNMLNJQHNFFAI58CA,盧東段,4.80,都市：農
RPRNMLNJQHNFFAI58CA,盧東段,1.98,都市：農
RPQNMLLKQHNFFAI38CA,長竹段,22.76,都市：住
RPQNMLPJQHNFFAI68CA,北社尾段,94.00,都市：住
RPWOMLPLPHNFFAI86CA,後庄段,183.00,都市：農
RPWOMLPLPHNFFAI86CA,後庄段,167.00,都市：農
RPWOMLPLPHNFFAI86CA,後庄段,10.00,都市：農
RPOOMLRLPHNFFAI88CA,竹圍子段二小段,21.22,都市：住
RPUPMLPKQHNFFAI76CA,短竹段,14.64,都市：住
RPSOMLSJQHNFFAI66CA,下路頭段,15.77,都市：住
RPPNMLQLPHNFFAI78CA,車店段車店小段,9.70,都市：住
RPPOMLKMPHNFFAI38CA,劉厝段玉山小段,56.20,都市：住
RPSNMLLJQHNFFAI48CA,竹圍子段,9.33,都市：住
RPRNMLPKQHNFFAI88CA,台斗坑段,13.00,都市：住
RPRNMLPKQHNFFAI88CA,台斗坑段,19.00,都市：住
RPRNMLPKQHNFFAI88CA,台斗坑段,48.00,都市：住
RPQNMLPKQHNFFAI78CA,北社尾段保安小段,125.00,都市：住
RPOOMLKMPHNFFAI28CA,劉厝段玉山小段,56.20,都市：住
RPQOMLKMPHNFFAI48CA,西門段四小段,5.50,都市：住
RPTOMLRLPHNFFAI76CA,後庄段,44.00,都市：農
RPTOMLRLPHNFFAI76CA,後庄段,12.00,都市：農
RPTOMLRLPHNFFAI76CA,後庄段,45.00,都市：農
RPTOMLRLPHNFFAI76CA,後庄段,159.00,都市：農
RPTOMLRLPHNFFAI76CA,後庄段,1.00,都市：農
RPTOMLRLPHNFFAI76CA,後庄段,1071.00,都市：農
RPTOMLRLPHNFFAI76CA,後庄段,215.00,都市：農
RPRNMLQLPHNFFAI98CA,竹圍子段,15.64,都市：住
RPVNMLLJQHNFFAI98EA,元段五小段,7.67,都市：商
RPVNMLLJQHNFFAI98EA,元段五小段,6.83,都市：商
RPVNMLLJQHNFFAI98EA,元段五小段,1.17,都市：商
RPVNMLLJQHNFFAI98EA,元段五小段,2.00,都市：商
RPROMLLJQHNFFAI48CA,竹圍子段,13.75,都市：住
RPUNMLSJQHNFFAI76CA,埤子頭段,49.29,都市：住
RPUNMLSJQHNFFAI76CA,埤子頭段,.01,都市：住
RPUNMLSJQHNFFAI76CA,埤子頭段,.14,都市：其他
RPUNMLSJQHNFFAI76CA,埤子頭段,.27,都市：其他
RPUNMLSJQHNFFAI76CA,埤子頭段,.15,都市：其他
RPUNMLSJQHNFFAI76CA,埤子頭段,.06,都市：其他
RPUNMLSJQHNFFAI76CA,埤子頭段,.09,都市：住
RPUNMLSJQHNFFAI76CA,埤子頭段,.06,都市：住
RPUNMLSJQHNFFAI76CA,埤子頭段,24.29,都市：住
RPUNMLSJQHNFFAI76CA,埤子頭段,1.46,都市：住
RPUNMLSJQHNFFAI76CA,埤子頭段,.12,都市：住
RPUNMLSJQHNFFAI76CA,埤子頭段,.28,都市：住
RPUNMLSJQHNFFAI76CA,埤子頭段,.95,都市：住
RPUNMLSJQHNFFAI76CA,埤子頭段,1.48,都市：住
RPTNMLQKQHNFFAI56CA,湖子內段湖美小段,727.28,都市：住
RPPNMLRLPHNFFAI88CA,車店段車店小段,32.22,都市：住
RPQNMLRLPHNFFAI56EA,車店段車店小段,97.00,都市：住
RPROMLLKQHNFFAI58CA,竹圍子段友愛小段,21.95,都市：住
RPQNMLQLPHNFFAI09EA,白川段,32.98,都市：住
RPSOMLQKQHNFFAI56CA,竹圍子段,27.89,都市：住
RPSOMLQKQHNFFAI56CA,竹圍子段,3.54,都市：住
RPUOMLQKQHNFFAI76CA,竹圍子段,.50,都市：住
RPUOMLQKQHNFFAI76CA,竹圍子段,23.15,都市：住
RPUOMLQKQHNFFAI76CA,竹圍子段,97.00,都市：住
RPTOMLQKQHNFFAI66CA,竹圍子段,.50,都市：住
RPTOMLQKQHNFFAI66CA,竹圍子段,.50,都市：住
RPTOMLQKQHNFFAI66CA,竹圍子段,90.00,都市：住
RPQNMLLJQHNFFAI48EA,下路頭段,14.00,都市：住
RPRNMLLJQHNFFAI58EA,下路頭段,14.00,都市：住
RPVOMLQKQHNFFAI86CA,竹圍子段,.50,都市：住
RPVOMLQKQHNFFAI86CA,竹圍子段,.50,都市：住
RPVOMLQKQHNFFAI86CA,竹圍子段,91.00,都市：住
RPTNMLLKQHNFFAI68CA,湖內段,9.01,都市：其他
RPTOMLKKQHNFFAI68CA,埤子頭段,55.00,都市：住
RPWOMLQKQHNFFAI96CA,竹圍子段,37.76,都市：住
RPWOMLQKQHNFFAI96CA,竹圍子段,3.54,都市：住
RPROMLKKQHNFFAI48CA,遠東段,86.00,都市：住
RPSOMLRLPHNFFAI86EA,下路頭段,59.00,都市：住
RPOOMLLKQHNFFAI28CA,劉厝段玉山小段,157.83,都市：住
RPOOMLLKQHNFFAI28CA,劉厝段玉山小段,157.83,都市：住
RPPNMLLLQHNFFAI38CA,竹圍子段二小段,8.12,都市：商
RPOOMLSLPHNFFAI98CA,盧厝段,21.93,都市：住
RPTNMLNJQHNFFAI78CA,湖子內段興安小段,119.74,都市：住
RPTNMLNJQHNFFAI78CA,湖子內段興安小段,16.00,都市：住
RPTNMLNJQHNFFAI78CA,湖子內段興安小段,16.00,都市：住
RPQNMLLMPHNFFAI48CA,短竹段,344.00,都市：其他
RPRNMLKLQHNFFAI68EA,玉川段,61.00,都市：住
RPQOMLRLPHNFFAI09CA,白川段,67.00,都市：住
RPOPMLPKQHNFFAI78CA,竹圍子段二小段,10.94,都市：住
RPUOMLRLPHNFFAI86CA,短竹段,12.03,都市：住
RPPOMLRLPHNFFAI98CA,劉厝段劉厝小段,68.00,都市：住
RPVNMLKMPHNFFAI88CA,育人段,16.57,都市：農
RPVNMLKMPHNFFAI88CA,育人段,53.00,都市：農
RPVNMLKMPHNFFAI88CA,育人段,176.74,都市：農
RPVNMLKMPHNFFAI88CA,育人段,176.74,都市：農
RPVNMLKMPHNFFAI88CA,育人段,176.74,都市：農
RPWNMLKMPHNFFAI98CA,車店段,34.51,都市：住
RPWNMLKMPHNFFAI98CA,白川段,3.27,都市：住
RPOOMLLMPHNFFAI38CA,南門段五小段,42.00,都市：住
RPUNMLLMPHNFFAI88CA,湖內段,25.45,都市：住
RPPNMLLMPHNFFAI38CA,埤子頭段,98.00,都市：住
RPROMLSJQHNFFAI56CA,興村段,33.10,都市：住
RPTNMLLMPHNFFAI78CA,彌陀段,23.00,都市：住
RPTNMLLMPHNFFAI78CA,彌陀段,23.00,都市：住
RPTNMLLMPHNFFAI78CA,彌陀段,23.00,都市：住
RPTNMLLMPHNFFAI78CA,彌陀段,.33,都市：住
RPTNMLLMPHNFFAI78CA,彌陀段,.33,都市：住
RPTNMLLMPHNFFAI78CA,彌陀段,.33,都市：住
RPUOMLKKQHNFFAI78CA,劉厝段玉山小段,200.48,都市：住
RPRNMLMJQHNFFAI48CA,埤子頭段,77.00,都市：住
RPRNMLNKQHNFFAI68CA,北社尾段保安小段,101.00,都市：住
RPRNMLNKQHNFFAI68CA,北社尾段保安小段,195.00,都市：住
RPSNMLLMPHNFFAI88EA,榮段一小段,21.20,都市：商
RPWNMLQKQHNFFAI86CA,遠東段,16.25,都市：住
RPXOMLQKQHNFFAI07CA,竹圍子段,26.90,都市：住
RPXOMLQKQHNFFAI07CA,竹圍子段,3.54,都市：住
RPXNMLMJQHNFFAI09CA,盧厝段,20.60,都市：住
RPXNMLMJQHNFFAI09CA,盧厝段,20.60,都市：住
RPTNMLNLQHNFFAI98CA,盧東段,165.57,都市：住
RPTNMLNLQHNFFAI98CA,盧東段,33.43,都市：其他
RPUNMLMJQHNFFAI98EA,竹圍子段,28.00,都市：住
RPUNMLMJQHNFFAI98EA,竹圍子段,7.00,都市：住
RPPNMLMLQHNFFAI48CA,南門段六小段,1.70,都市：商
RPPNMLMLQHNFFAI48CA,元段六小段,4.65,都市：商
RPPNMLMLQHNFFAI48CA,元段六小段,6.74,都市：商
RPUNMLMJQHNFFAI78CA,末廣段三小段,63.00,都市：住
RPROMLMJQHNFFAI58CA,短竹段,6.79,都市：住
RPTNMLMLQHNFFAI88CA,湖子內段興安小段,100.02,都市：住
RPSOMLMJQHNFFAI68CA,車店段車店小段,7.75,都市：住
RPTNMLRJQHNFFAI56CA,下路頭段,14.25,都市：住
RPPOMLMLQHNFFAI58CA,湖子內段興安小段,100.15,都市：住
RPUNMLMLQHNFFAI98CA,湖子內段興安小段,100.55,都市：住
RPRNMLMLQHNFFAI68CA,湖子內段興安小段,224.59,都市：住
RPVNMLMJQHNFFAI88CA,竹圍子段二小段,10.94,都市：住
RPPNMLQJQHNFFAI88EA,榮段一小段,29.44,都市：住
RPRNMLPJQHNFFAI78CA,白川段,35.57,都市：住
RPQNMLMJQHNFFAI38CA,下路頭段,2.70,都市：住
RPPNMLMJQHNFFAI28CA,下路頭段,2.70,都市：住
RPWNMLLMPHNFFAI09CA,台斗坑段,22.24,都市：住
RPWNMLLMPHNFFAI09CA,台斗坑段,.01,都市：住
RPOOMLLJQHNFFAI18CA,下路頭段,22.97,都市：住
RPPPMLPKQHNFFAI88CA,民族段四小段,60.00,都市：住
RPSOMLLKQHNFFAI68CA,東門段七小段,12.62,都市：商
RPVNMLQJQHNFFAI66CA,埤子頭段,49.00,都市：住
RPWNMLQLQHNFFAI96CA,興村段,1.95,都市：住
RPWNMLQLQHNFFAI96CA,興村段,11.77,都市：住
RPTNMLKKQHNFFAI58CA,下路頭段,9.79,都市：住
RPTNMLLJQHNFFAI58CA,車店段,69.00,都市：住
RPQPMLPKQHNFFAI98CA,劉厝段劉厝小段,20.22,都市：住
RPSOMLOKQHNFFAI98CA,北社尾段,9.19,都市：住
RPSNMLPKQHNFFAI98CA,太平段,33.16,都市：住
RPVPMLPKQHNFFAI86CA,遠東段,147.00,都市：住
RPQOMLLKQHNFFAI48CA,下路頭段,83.00,都市：住
RPWNMLNLQHNFFAI66CA,港子坪段港坪小段,15.01,都市：住
RPVNMLTJQHNFFAI17EA,車店段,76.00,都市：住
RPWNMLPKQHNFFAI76CA,大溪段,103.71,都市：住
RPWNMLPKQHNFFAI76CA,大溪段,27.46,都市：住
