﻿編號,車位類別,車位價格,車位面積(平方公尺)
Serial number,berth category,berth price,berth area (square meter)
RPSNMLOLPHNFFAI09EA,其他,0,
RPWOMLLJQHNFFAI98CA,坡道平面,0,
RPTOMLNLPHNFFAI98CA,坡道平面,0,
RPQOMLMJQHNFFAI48CA,坡道機械,0,
RPRNMLNJQHNFFAI58CA,一樓平面,0,
RPRNMLNJQHNFFAI58CA,一樓平面,0,
RPPNMLRLPHNFFAI88CA,坡道平面,0,
RPROMLLKQHNFFAI58CA,坡道平面,0,
RPQNMLQLPHNFFAI09EA,坡道平面,0,
RPSOMLQKQHNFFAI56CA,坡道機械,550000,8.26
RPUOMLQKQHNFFAI76CA,一樓平面,0,
RPTOMLQKQHNFFAI66CA,一樓平面,0,
RPVOMLQKQHNFFAI86CA,一樓平面,0,
RPWOMLQKQHNFFAI96CA,坡道平面,0,16.23
RPWOMLQKQHNFFAI96CA,坡道機械,0,8.26
RPWNMLKMPHNFFAI98CA,坡道平面,0,
RPWNMLQKQHNFFAI86CA,坡道平面,0,30.46
RPXOMLQKQHNFFAI07CA,坡道機械,550000,6.00
RPXNMLMJQHNFFAI09CA,一樓平面,0,
RPTNMLRJQHNFFAI56CA,坡道機械,0,
RPRNMLPJQHNFFAI78CA,坡道平面,0,
RPSOMLLKQHNFFAI68CA,升降機械,0,
RPWNMLQLQHNFFAI96CA,坡道平面,0,
