﻿編號,屋齡,建物移轉面積(平方公尺),主要用途,主要建材,建築完成日期,總層數,建物分層
The serial number,room age,building shifting area (square meter),the main use,main building materials,construction completes the date,total layer,building lamination
RPOOMLPLPHNFFAI68CA,48,103.86,住家用,鋼筋混凝土加強磚造,59年9月4日,二層,一層 二層
RPROMLLMPHNFFAI68CA,44,90.37,住家用,鋼筋混凝土加強磚造,63年5月25日,二層,一層 二層 夾層
RPRNMLLMPHNFFAI58CA,28,105.11,住家用,鋼筋混凝土造,79年2月19日,七層,三層
RPRNMLLMPHNFFAI58CA,28,20.81,共有部份,鋼筋混凝土造,79年2月19日,七層,
RPTNMLPLPHNFFAI09CA,1,198.16,見其他登記事項,見其他登記事項,105年11月25日,三層,一層 二層 三層 見其他登記事項
RPWNMLPLPHNFFAI76CA,,244.46,見其他登記事項,見其他登記事項,107年5月21日,三層,一層 二層 三層 見其他登記事項
RPROMLPLPHNFFAI98CA,,244.42,見其他登記事項,見其他登記事項,107年5月21日,三層,一層 二層 三層 見其他登記事項
RPSNMLOLPHNFFAI09EA,15,128.67,住家用,鋼筋混凝土造,92年3月17日,十三層,十二層
RPSNMLOLPHNFFAI09EA,15,71.51,共有部份,鋼筋混凝土造,92年3月17日,十四層,
RPWOMLLJQHNFFAI98CA,23,98.08,住家用,鋼筋混凝土造,83年12月23日,十三層,六層
RPWOMLLJQHNFFAI98CA,23,39.24,共有部份,鋼筋混凝土造,83年12月23日,十三層,
RPTOMLNLPHNFFAI98CA,25,133.79,住家用,鋼筋混凝土造,82年2月9日,七層,七層
RPTOMLNLPHNFFAI98CA,25,29.54,共有部份,鋼筋混凝土造,82年2月9日,七層,
RPTOMLNLPHNFFAI98CA,25,29.82,共有部份,鋼筋混凝土造,82年2月9日,七層,
RPTOMLNLPHNFFAI98CA,25,16.37,見其他登記事項,鋼筋混凝土造,82年2月9日,七層,
RPTOMLNLPHNFFAI98CA,25,.06,共有部份,鋼筋混凝土造,82年2月9日,七層,
RPRNMLLKQHNFFAI48CA,19,190.17,住家用,鋼筋混凝土造,88年4月16日,四層,一層 二層 三層 四層
RPQOMLMJQHNFFAI48CA,23,78.38,住家用,鋼筋混凝土造,84年10月4日,十一層,九層
RPQOMLMJQHNFFAI48CA,23,14.19,共有部份,鋼筋混凝土造,84年10月4日,十一層,
RPQOMLMJQHNFFAI48CA,23,10.01,共有部份,鋼筋混凝土造,84年10月4日,十一層,
RPQOMLMJQHNFFAI48CA,23,15.27,共有部份,鋼筋混凝土造,84年10月4日,十一層,
RPRNMLNJQHNFFAI58CA,2,189.23,住家用,見其他登記事項,105年5月3日,四層,三層
RPRNMLNJQHNFFAI58CA,2,99.94,見其他登記事項,見其他登記事項,105年5月3日,四層,
RPRNMLNJQHNFFAI58CA,2,.35,見其他登記事項,見其他登記事項,105年5月3日,一層,
RPQNMLLKQHNFFAI38CA,26,78.34,住家用,鋼筋混凝土造,81年11月19日,七層,三層
RPQNMLLKQHNFFAI38CA,26,17.95,共有部份,鋼筋混凝土造,81年11月19日,七層,
RPQNMLLKQHNFFAI38CA,26,.02,共有部份,鋼筋混凝土造,81年11月19日,七層,
RPQNMLLKQHNFFAI38CA,26,12.62,見其他登記事項,鋼筋混凝土造,81年11月19日,七層,
RPQNMLPJQHNFFAI68CA,11,266.18,見其他登記事項,鋼筋混凝土造,96年2月6日,四層,一層 二層 三層 四層
RPOOMLRLPHNFFAI88CA,24,142.31,住商用,鋼筋混凝土造,83年4月6日,十二層,一層 二層 三層 騎樓
RPOOMLRLPHNFFAI88CA,24,5.56,共有部份,鋼筋混凝土造,83年4月6日,十二層,
RPOOMLRLPHNFFAI88CA,24,17.06,共有部份,鋼筋混凝土造,83年4月6日,十二層,
RPUPMLPKQHNFFAI76CA,25,87.01,住家用,鋼筋混凝土造,82年6月9日,十六層,十二層
RPUPMLPKQHNFFAI76CA,25,21.44,共有部份,鋼筋混凝土造,82年6月9日,十六層,
RPUPMLPKQHNFFAI76CA,25,14.23,共有部份,鋼筋混凝土造,82年6月9日,十六層,
RPSOMLSJQHNFFAI66CA,22,151.47,住商用,鋼筋混凝土造,85年3月11日,二十層,一層 二層 地下一層
RPSOMLSJQHNFFAI66CA,22,21.08,共有部份,鋼筋混凝土造,85年3月11日,二十層,
RPPNMLQLPHNFFAI78CA,25,41.76,住家用,鋼筋混凝土造,82年1月11日,七層,三層
RPPNMLQLPHNFFAI78CA,25,12.35,共有部份,鋼筋混凝土造,82年1月11日,七層,
RPSNMLLJQHNFFAI48CA,24,73.29,住家用,鋼筋混凝土造,83年11月25日,十六層,六層
RPSNMLLJQHNFFAI48CA,24,12.83,共有部份,鋼筋混凝土造,83年11月25日,十六層,
RPSNMLLJQHNFFAI48CA,24,5.61,共有部份,鋼筋混凝土造,83年11月25日,十六層,
RPRNMLPKQHNFFAI88CA,23,191.55,住家用,鋼筋混凝土造,84年1月5日,四層,一層 二層 三層 四層
RPQNMLPKQHNFFAI78CA,33,252.98,住家用,鋼筋混凝土造,74年2月1日,三層,一層 二層 三層 騎樓
RPRNMLQLPHNFFAI98CA,25,70.23,住家用,鋼筋混凝土造,82年6月12日,七層,六層
RPRNMLQLPHNFFAI98CA,25,10.94,共有部份,鋼筋混凝土造,82年6月12日,七層,
RPRNMLQLPHNFFAI98CA,25,11.52,共有部份,鋼筋混凝土造,82年6月12日,七層,
RPROMLLJQHNFFAI48CA,25,55.87,住家用,鋼筋混凝土造,82年2月19日,七層,四層
RPROMLLJQHNFFAI48CA,25,27.19,共有部份,鋼筋混凝土造,82年2月19日,七層,
RPPNMLRLPHNFFAI88CA,14,108.12,住家用,鋼筋混凝土造,93年11月3日,十四層,六層
RPPNMLRLPHNFFAI88CA,14,69.55,共有部份,鋼筋混凝土造,93年11月3日,十四層,
RPQNMLRLPHNFFAI56EA,29,328.74,住商用,鋼筋混凝土造,78年12月28日,四層,一層 二層 三層 四層 騎樓 地下層
RPROMLLKQHNFFAI58CA,24,91.34,住家用,鋼筋混凝土造,83年4月12日,七層,六層
RPROMLLKQHNFFAI58CA,24,12.82,共有部份,鋼筋混凝土造,83年4月12日,七層,
RPROMLLKQHNFFAI58CA,24,24.59,共有部份,鋼筋混凝土造,83年4月12日,七層,
RPQNMLQLPHNFFAI09EA,14,115.04,住家用,鋼筋混凝土造,93年10月28日,十二層,二層
RPQNMLQLPHNFFAI09EA,14,72.28,共有部份,鋼筋混凝土造,93年10月28日,十二層,
RPSOMLQKQHNFFAI56CA,,119.65,住家用,見其他登記事項,107年2月22日,十層,六層
RPSOMLQKQHNFFAI56CA,,25.31,見其他登記事項,見其他登記事項,107年2月22日,十層,
RPSOMLQKQHNFFAI56CA,,30.64,見其他登記事項,見其他登記事項,107年2月22日,十層,
RPUOMLQKQHNFFAI76CA,,203.30,見其他登記事項,見其他登記事項,107年2月22日,三層,一層 二層 三層 見其他登記事項
RPUOMLQKQHNFFAI76CA,,1.00,見其他登記事項,見其他登記事項,107年2月22日,十層,
RPTOMLQKQHNFFAI66CA,,213.70,見其他登記事項,見其他登記事項,107年2月22日,三層,一層 二層 三層 見其他登記事項
RPTOMLQKQHNFFAI66CA,,1.00,見其他登記事項,見其他登記事項,107年2月22日,十層,
RPVOMLQKQHNFFAI86CA,,203.57,見其他登記事項,見其他登記事項,107年2月22日,三層,一層 二層 三層 見其他登記事項
RPVOMLQKQHNFFAI86CA,,1.00,見其他登記事項,見其他登記事項,107年2月22日,十層,
RPTOMLKKQHNFFAI68CA,47,37.50,住家用,木造,60年9月10日,一層,一層
RPWOMLQKQHNFFAI96CA,,141.26,見其他登記事項,見其他登記事項,107年2月22日,十層,一層 見其他登記事項
RPWOMLQKQHNFFAI96CA,,47.36,見其他登記事項,見其他登記事項,107年2月22日,十層,
RPWOMLQKQHNFFAI96CA,,49.58,見其他登記事項,見其他登記事項,107年2月22日,十層,
RPROMLKKQHNFFAI48CA,4,200.46,見其他登記事項,見其他登記事項,103年4月24日,三層,一層 二層 三層 見其他登記事項
RPPNMLLLQHNFFAI38CA,24,25.29,共有部份,鋼筋混凝土造,83年11月9日,十二層,
RPPNMLLLQHNFFAI38CA,24,75.12,住家用,鋼筋混凝土造,83年11月9日,十二層,七層
RPOOMLSLPHNFFAI98CA,25,104.22,住家用,鋼筋混凝土造,82年5月15日,十五層,十三層
RPOOMLSLPHNFFAI98CA,25,11.59,共有部份,鋼筋混凝土造,82年5月15日,十五層,
RPOOMLSLPHNFFAI98CA,25,16.18,共有部份,鋼筋混凝土造,82年5月15日,十五層,
RPTNMLNJQHNFFAI78CA,,244.42,見其他登記事項,見其他登記事項,107年5月21日,三層,一層 二層 三層 見其他登記事項
RPRNMLKLQHNFFAI68EA,39,109.61,住家用,鋼筋混凝土造,68年7月18日,三層,一層 二層 三層 騎樓
RPOPMLPKQHNFFAI78CA,24,105.66,住家用,鋼筋混凝土造,83年5月30日,十二層,十二層
RPOPMLPKQHNFFAI78CA,24,26.80,共有部份,鋼筋混凝土造,83年5月30日,十二層,
RPUOMLRLPHNFFAI86CA,25,71.38,住家用,鋼筋混凝土造,82年6月9日,十六層,四層
RPUOMLRLPHNFFAI86CA,25,17.57,共有部份,鋼筋混凝土造,82年6月9日,十六層,
RPUOMLRLPHNFFAI86CA,25,11.72,共有部份,鋼筋混凝土造,82年6月9日,十六層,
RPPOMLRLPHNFFAI98CA,40,101.25,住家用,鋼筋混凝土加強磚造,67年2月15日,二層,一層 二層
RPWNMLKMPHNFFAI98CA,14,108.26,住家用,鋼筋混凝土造,93年11月3日,十四層,八層
RPWNMLKMPHNFFAI98CA,14,75.38,共有部份,鋼筋混凝土造,93年11月3日,十四層,
RPOOMLLMPHNFFAI38CA,51,80.78,住家用,見使用執照,56年12月15日,三層,一層 二層 三層
RPUNMLLMPHNFFAI88CA,33,83.53,住家用,鋼筋混凝土造,74年8月21日,五層,一層
RPUNMLLMPHNFFAI88CA,33,8.70,共有部份,鋼筋混凝土造,74年8月21日,五層,
RPUNMLLMPHNFFAI88CA,33,6.61,共有部份,鋼筋混凝土造,74年8月21日,五層,
RPPNMLLMPHNFFAI38CA,41,100.00,住家用,鋼筋混凝土加強磚造,66年7月29日,二層,一層 二層 騎樓
RPROMLSJQHNFFAI56CA,36,95.58,住家用,鋼筋混凝土造,71年11月16日,五層,二層
RPROMLSJQHNFFAI56CA,36,13.63,共有部份,鋼筋混凝土造,71年11月16日,五層,
RPTNMLLMPHNFFAI78CA,40,31.68,住商用,鋼筋混凝土加強磚造,67年7月11日,二層,一層 二層 騎樓
RPTNMLLMPHNFFAI78CA,40,31.68,住商用,鋼筋混凝土加強磚造,67年7月11日,二層,一層 二層 騎樓
RPTNMLLMPHNFFAI78CA,40,31.68,住商用,鋼筋混凝土加強磚造,67年7月11日,二層,一層 二層 騎樓
RPUOMLKKQHNFFAI78CA,8,297.22,住家用,見其他登記事項,99年4月29日,四層,一層 二層 三層 四層
RPRNMLNKQHNFFAI68CA,3,258.01,住家用,見其他登記事項,104年11月26日,三層,一層 二層 三層
RPSNMLLMPHNFFAI88EA,32,95.01,住家用,鋼筋混凝土造,75年10月19日,五層,五層
RPSNMLLMPHNFFAI88EA,32,.05,共有部份,鋼筋混凝土造,75年10月19日,九層,
RPSNMLLMPHNFFAI88EA,32,.06,共有部份,鋼筋混凝土造,75年10月19日,五層,
RPSNMLLMPHNFFAI88EA,32,5.29,共有部份,鋼筋混凝土造,75年10月19日,十層,
RPSNMLLMPHNFFAI88EA,32,8.21,共有部份,鋼筋混凝土造,75年10月19日,五層,
RPWNMLQKQHNFFAI86CA,2,74.76,見其他登記事項,見其他登記事項,105年5月10日,十四層,六層
RPWNMLQKQHNFFAI86CA,2,42.57,見其他登記事項,見其他登記事項,105年5月10日,十四層,
RPWNMLQKQHNFFAI86CA,2,18.35,見其他登記事項,見其他登記事項,105年5月10日,十四層,
RPXOMLQKQHNFFAI07CA,,125.16,住家用,見其他登記事項,107年2月22日,十層,八層
RPXOMLQKQHNFFAI07CA,,25.23,見其他登記事項,見其他登記事項,107年2月22日,十層,
RPXOMLQKQHNFFAI07CA,,23.93,見其他登記事項,見其他登記事項,107年2月22日,十層,
RPXNMLMJQHNFFAI09CA,43,13.73,住家用,磚造,64年2月15日,一層,一層
RPXNMLMJQHNFFAI09CA,43,13.73,住家用,磚造,64年2月15日,一層,一層
RPTNMLNLQHNFFAI98CA,,253.73,見其他登記事項,見其他登記事項,107年3月20日,三層,一層 二層 三層 見其他登記事項
RPTNMLNLQHNFFAI98CA,,.84,見其他登記事項,見其他登記事項,107年3月20日,一層,
RPPNMLMLQHNFFAI48CA,25,73.03,住家用,鋼筋混凝土造,82年2月27日,十四層,十四層
RPPNMLMLQHNFFAI48CA,25,18.34,共有部份,鋼筋混凝土造,82年2月27日,十四層,
RPUNMLMJQHNFFAI78CA,33,226.72,住商用,鋼筋混凝土造,74年2月2日,四層,一層 二層 三層 四層 騎樓 地下層
RPROMLMJQHNFFAI58CA,25,40.94,住家用,鋼筋混凝土造,82年6月9日,十六層,六層
RPROMLMJQHNFFAI58CA,25,8.87,共有部份,鋼筋混凝土造,82年6月9日,十六層,
RPROMLMJQHNFFAI58CA,25,6.70,共有部份,鋼筋混凝土造,82年6月9日,十六層,
RPTNMLMLQHNFFAI88CA,,210.30,見其他登記事項,見其他登記事項,107年6月5日,三層,一層 二層 三層 見其他登記事項
RPSOMLMJQHNFFAI68CA,25,27.40,住家用,鋼筋混凝土造,82年9月27日,六層,六層
RPSOMLMJQHNFFAI68CA,25,9.20,共有部份,鋼筋混凝土造,82年9月27日,六層,
RPTNMLRJQHNFFAI56CA,24,72.79,住家用,鋼筋混凝土造,83年7月4日,十二層,九層
RPTNMLRJQHNFFAI56CA,24,10.02,共有部份,鋼筋混凝土造,83年7月4日,十二層,
RPTNMLRJQHNFFAI56CA,24,14.21,共有部份,鋼筋混凝土造,83年7月4日,十二層,
RPPOMLMLQHNFFAI58CA,,210.30,見其他登記事項,見其他登記事項,107年6月5日,三層,一層 二層 三層 見其他登記事項
RPUNMLMLQHNFFAI98CA,,210.30,見其他登記事項,見其他登記事項,107年6月5日,三層,一層 二層 三層 見其他登記事項
RPRNMLMLQHNFFAI68CA,,309.36,住家用,見其他登記事項,107年6月5日,五層,一層 二層 三層 四層 五層
RPVNMLMJQHNFFAI88CA,24,111.46,住家用,鋼筋混凝土造,83年5月30日,十二層,四層
RPVNMLMJQHNFFAI88CA,24,21.44,共有部份,鋼筋混凝土造,83年5月30日,十二層,
RPPNMLQJQHNFFAI88EA,32,139.31,住家用,鋼筋混凝土造,75年10月19日,九層,八層
RPPNMLQJQHNFFAI88EA,32,5.24,共有部份,鋼筋混凝土造,75年10月19日,十層,
RPPNMLQJQHNFFAI88EA,32,20.33,共有部份,鋼筋混凝土造,75年10月19日,九層,
RPPNMLQJQHNFFAI88EA,32,.06,共有部份,鋼筋混凝土造,75年10月19日,五層,
RPRNMLPJQHNFFAI78CA,14,127.02,住家用,鋼筋混凝土造,93年10月28日,十四層,十一層
RPRNMLPJQHNFFAI78CA,14,80.07,共有部份,鋼筋混凝土造,93年10月28日,十四層,
RPQNMLMJQHNFFAI38CA,46,3.16,住家用,見其他登記事項,60年8月25日,二層,一層 二層
RPPNMLMJQHNFFAI28CA,47,3.16,住家用,見其他登記事項,60年8月25日,二層,一層 二層
RPWNMLLMPHNFFAI09CA,19,102.10,住家用,鋼筋混凝土造,88年7月17日,十二層,四層
RPWNMLLMPHNFFAI09CA,19,12.34,共有部份,鋼筋混凝土造,88年7月17日,十二層,
RPWNMLLMPHNFFAI09CA,19,13.99,共有部份,鋼筋混凝土造,88年7月17日,十二層,
RPOOMLLJQHNFFAI18CA,25,78.24,住家用,鋼筋混凝土造,82年6月16日,六層,六層
RPOOMLLJQHNFFAI18CA,25,10.85,共有部份,鋼筋混凝土造,82年6月16日,六層,
RPOOMLLJQHNFFAI18CA,25,16.53,共有部份,鋼筋混凝土造,82年6月16日,六層,
RPOOMLLJQHNFFAI18CA,25,.77,見其他登記事項,鋼筋混凝土造,82年6月16日,六層,
RPOOMLLJQHNFFAI18CA,25,.01,共有部份,鋼筋混凝土造,82年6月16日,六層,
RPOOMLLJQHNFFAI18CA,25,.02,共有部份,鋼筋混凝土造,82年6月16日,六層,
RPPPMLPKQHNFFAI88CA,,33.43,住家用,木造,,一層,一層
RPSOMLLKQHNFFAI68CA,25,73.22,住家用,鋼筋混凝土造,82年10月18日,十四層,十四層
RPSOMLLKQHNFFAI68CA,25,24.30,共有部份,鋼筋混凝土造,82年10月18日,十四層,
RPSOMLLKQHNFFAI68CA,25,16.31,共有部份,鋼筋混凝土造,82年10月18日,十四層,
RPVNMLQJQHNFFAI66CA,47,38.06,住家用,木造,60年2月1日,一層,一層
RPWNMLQLQHNFFAI96CA,26,108.07,住家用,鋼筋混凝土造,81年12月10日,十六層,六層
RPWNMLQLQHNFFAI96CA,26,15.80,共有部份,鋼筋混凝土造,81年12月10日,十六層,
RPWNMLQLQHNFFAI96CA,26,6.58,共有部份,鋼筋混凝土造,81年12月10日,十六層,
RPWNMLQLQHNFFAI96CA,26,36.77,見其他登記事項,鋼筋混凝土造,81年12月10日,十六層,
RPWNMLQLQHNFFAI96CA,26,.21,共有部份,鋼筋混凝土造,81年12月10日,十六層,
RPTNMLKKQHNFFAI58CA,22,103.49,住家用,鋼筋混凝土造,85年3月11日,二十層,十四層
RPTNMLKKQHNFFAI58CA,22,28.61,共有部份,鋼筋混凝土造,85年3月11日,二十層,
RPTNMLLJQHNFFAI58CA,47,87.11,住家用,見其他登記事項,60年6月15日,二層,一層 二層
RPQPMLPKQHNFFAI98CA,28,122.33,住家用,鋼筋混凝土造,79年11月10日,八層,四層
RPQPMLPKQHNFFAI98CA,28,11.95,共有部份,鋼筋混凝土造,79年11月10日,八層,
RPSOMLOKQHNFFAI98CA,18,.11,見其他登記事項,鋼筋混凝土造,88年11月29日,十二層,
RPSOMLOKQHNFFAI98CA,18,51.37,住家用,鋼筋混凝土造,88年11月29日,十二層,二層 夾層
RPSOMLOKQHNFFAI98CA,18,9.39,共有部份,鋼筋混凝土造,88年11月29日,十二層,
RPSOMLOKQHNFFAI98CA,18,14.71,共有部份,鋼筋混凝土造,88年11月29日,十二層,
RPSOMLOKQHNFFAI98CA,18,.02,共有部份,鋼筋混凝土造,88年11月29日,十二層,
RPSNMLPKQHNFFAI98CA,29,128.40,住家用,鋼筋混凝土造,79年1月12日,七層,五層
RPSNMLPKQHNFFAI98CA,29,7.97,共有部份,鋼筋混凝土造,79年1月12日,七層,
RPSNMLPKQHNFFAI98CA,29,16.43,共有部份,鋼筋混凝土造,79年1月12日,七層,
RPVPMLPKQHNFFAI86CA,,258.90,見其他登記事項,見其他登記事項,107年4月10日,四層,一層 二層 三層 四層
RPQOMLLKQHNFFAI48CA,29,141.42,住家用,加強磚造,78年2月3日,二層,一層 二層 夾層
RPWNMLNLQHNFFAI66CA,27,88.02,住家用,鋼筋混凝土造,80年4月3日,八層,八層
RPWNMLNLQHNFFAI66CA,27,17.64,共有部份,鋼筋混凝土造,80年4月3日,八層,
RPVNMLTJQHNFFAI17EA,34,156.74,住商用,鋼筋混凝土造,73年7月5日,三層,一層 二層 三層 騎樓
RPRPMLMLQHNFFAI88CA,1,312.42,見其他登記事項,見其他登記事項,106年11月30日,五層,一層 二層 三層 四層 五層 見其他登記事項
RPWNMLPKQHNFFAI76CA,1,184.34,見其他登記事項,見其他登記事項,106年8月22日,三層,一層 二層 三層 見其他登記事項
