﻿編號,屋齡,建物移轉面積(平方公尺),主要用途,主要建材,建築完成日期,總層數,建物分層
The serial number,room age,building shifting area (square meter),the main use,main building materials,construction completes the date,total layer,building lamination
RPXQMLQLPHNFFBJ47CA,6,.03,商業用,鋼筋混凝土造,101年3月28日,二十四層,
RPXQMLQLPHNFFBJ47CA,6,63.30,見其他登記事項,鋼筋混凝土造,101年3月28日,二十四層,
RPXQMLQLPHNFFBJ47CA,6,114.10,住家用,鋼筋混凝土造,101年3月28日,二十四層,十八層
RPXQMLQLPHNFFBJ47CA,6,20.82,見其他登記事項,鋼筋混凝土造,101年3月28日,二十四層,
RPXQMLQLPHNFFBJ47CA,6,31.15,見其他登記事項,鋼筋混凝土造,101年3月28日,二十四層,
RPQOMLOLPHNFFBJ98CA,3,118.89,住家用,鋼筋混凝土造,104年7月17日,八層,二層
RPQOMLOLPHNFFBJ98CA,3,40.65,見其他登記事項,鋼筋混凝土造,104年7月17日,八層,
RPWOMLOLPHNFFBJ96CA,4,86.11,住家用,鋼筋混凝土造,103年7月22日,十四層,四層
RPWOMLOLPHNFFBJ96CA,4,53.42,見其他登記事項,鋼筋混凝土造,103年7月22日,十四層,
RPWOMLOLPHNFFBJ96CA,4,13.34,見其他登記事項,鋼筋混凝土造,103年7月22日,十四層,
RPPPMLOLPHNFFBJ98CA,7,93.58,住家用,鋼筋混凝土造,100年7月1日,十二層,八層
RPPPMLOLPHNFFBJ98CA,7,20.51,見其他登記事項,鋼筋混凝土造,100年7月1日,十二層,
RPPPMLOLPHNFFBJ98CA,7,15.67,見其他登記事項,鋼筋混凝土造,100年7月1日,十二層,
RPPPMLOLPHNFFBJ98CA,7,.08,見其他登記事項,鋼筋混凝土造,100年7月1日,十二層,
RPPPMLOLPHNFFBJ98CA,7,38.14,見其他登記事項,鋼筋混凝土造,100年7月1日,十二層,
RPRSMLQLPHNFFBJ07CA,2,114.01,住家用,鋼筋混凝土造,105年6月22日,十九層,七層
RPRSMLQLPHNFFBJ07CA,2,120.78,見其他登記事項,鋼筋混凝土造,105年6月22日,二十二層,
RPOSMLPLPHNFFBJ66CA,23,161.70,見使用執照,鋼筋混凝土造,84年6月23日,四層,一層 二層 三層 四層 地下層
RPQNMLPLPHNFFBJ98CA,2,93.35,住家用,鋼筋混凝土造,105年4月8日,十二層,三層
RPQNMLPLPHNFFBJ98CA,2,69.81,見其他登記事項,鋼筋混凝土造,105年4月8日,十二層,
RPPNMLNJQHNFFBJ58CA,,183.80,住家用,加強磚造,,三層,一層 二層 三層
RPPSMLQLPHNFFBJ86CA,13,86.52,住家用,鋼筋混凝土造,94年7月14日,八層,五層
RPPSMLQLPHNFFBJ86CA,13,18.30,共用部分,鋼筋混凝土造,94年7月14日,九層,
RPPSMLQLPHNFFBJ86CA,13,11.88,共用部分,鋼筋混凝土造,94年7月14日,九層,
RPPSMLQLPHNFFBJ86CA,13,.11,見其他登記事項,鋼筋混凝土造,94年7月14日,八層,
RPPSMLQLPHNFFBJ86CA,13,27.15,共用部分,鋼筋混凝土造,94年7月14日,九層,
RPUPMLPLPHNFFBJ96CA,2,61.21,住家用,鋼筋混凝土造,105年11月1日,二十三層,九層
RPUPMLPLPHNFFBJ96CA,2,40.04,見其他登記事項,鋼筋混凝土造,105年11月1日,二十三層,
RPUPMLPLPHNFFBJ96CA,2,21.10,見其他登記事項,鋼筋混凝土造,105年11月1日,二十三層,
RPROMLPLPHNFFBJ56CA,2,61.21,住家用,鋼筋混凝土造,105年11月1日,二十三層,七層
RPROMLPLPHNFFBJ56CA,2,40.04,見其他登記事項,鋼筋混凝土造,105年11月1日,二十三層,
RPROMLPLPHNFFBJ56CA,2,21.10,見其他登記事項,鋼筋混凝土造,105年11月1日,二十三層,
RPPOMLPLPHNFFBJ98CA,2,61.21,住家用,鋼筋混凝土造,105年11月1日,二十三層,六層
RPPOMLPLPHNFFBJ98CA,2,40.04,見其他登記事項,鋼筋混凝土造,105年11月1日,二十三層,
RPPOMLPLPHNFFBJ98CA,2,21.10,見其他登記事項,鋼筋混凝土造,105年11月1日,二十三層,
RPPQMLKMPHNFFBJ78CA,40,214.50,住家用,加強磚造,67年2月1日,三層,一層 二層 三層 騎樓
RPURMLSJQHNFFBJ37CA,,74.50,住家用,鋼筋混凝土造,107年4月18日,二十九層,十八層
RPURMLSJQHNFFBJ37CA,,62.55,見其他登記事項,鋼筋混凝土造,107年4月18日,二十九層,
RPVRMLSJQHNFFBJ47CA,1,74.13,住家用,鋼筋混凝土造,107年4月18日,二十九層,二十三層
RPVRMLSJQHNFFBJ47CA,1,62.36,見其他登記事項,鋼筋混凝土造,107年4月18日,二十九層,
RPTRMLSJQHNFFBJ27CA,2,74.50,住家用,鋼筋混凝土造,107年4月18日,二十九層,十六層
RPTRMLSJQHNFFBJ27CA,2,62.55,見其他登記事項,鋼筋混凝土造,107年4月18日,二十九層,
RPWRMLSJQHNFFBJ57CA,1,74.50,住家用,鋼筋混凝土造,107年4月18日,二十九層,二十六層
RPWRMLSJQHNFFBJ57CA,1,62.55,見其他登記事項,鋼筋混凝土造,107年4月18日,二十九層,
RPXRMLSJQHNFFBJ67CA,2,74.50,住家用,鋼筋混凝土造,107年4月18日,二十九層,二十八層
RPXRMLSJQHNFFBJ67CA,2,62.55,見其他登記事項,鋼筋混凝土造,107年4月18日,二十九層,
RPOSMLSJQHNFFBJ86CA,1,74.13,住家用,鋼筋混凝土造,107年4月18日,二十九層,二十九層
RPOSMLSJQHNFFBJ86CA,1,62.36,見其他登記事項,鋼筋混凝土造,107年4月18日,二十九層,
RPTNMLTJQHNFFBJ96CA,1,62.52,住家用,鋼筋混凝土造,107年4月18日,二十九層,九層
RPTNMLTJQHNFFBJ96CA,1,56.67,見其他登記事項,鋼筋混凝土造,107年4月18日,二十九層,
RPQNMLTJQHNFFBJ66CA,,66.14,住家用,鋼筋混凝土造,107年4月18日,二十九層,二層
RPQNMLTJQHNFFBJ66CA,,58.33,見其他登記事項,鋼筋混凝土造,107年4月18日,二十九層,
RPSNMLTJQHNFFBJ86CA,3,62.52,住家用,鋼筋混凝土造,107年4月18日,二十九層,三層
RPSNMLTJQHNFFBJ86CA,3,56.67,見其他登記事項,鋼筋混凝土造,107年4月18日,二十九層,
RPUNMLTJQHNFFBJ07CA,2,62.52,住家用,鋼筋混凝土造,107年4月18日,二十九層,十六層
RPUNMLTJQHNFFBJ07CA,2,56.49,見其他登記事項,鋼筋混凝土造,107年4月18日,二十九層,
RPVNMLTJQHNFFBJ17CA,1,62.52,住家用,鋼筋混凝土造,107年4月18日,二十九層,十九層
RPVNMLTJQHNFFBJ17CA,1,56.49,見其他登記事項,鋼筋混凝土造,107年4月18日,二十九層,
RPOOMLTJQHNFFBJ56CA,1,62.52,住家用,鋼筋混凝土造,107年4月18日,二十九層,二十一層
RPUQMLRJQHNFFBJ17CA,6,.02,商業用,鋼筋混凝土造,101年3月28日,二十四層,一層
RPOOMLTJQHNFFBJ56CA,1,56.49,見其他登記事項,鋼筋混凝土造,107年4月18日,二十九層,
RPUQMLRJQHNFFBJ17CA,6,31.65,見其他登記事項,鋼筋混凝土造,101年3月28日,二十四層,
RPQNMLMKQHNFFBJ68CA,7,63.35,住家用,鋼筋混凝土造,100年12月22日,十三層,二層
RPQNMLMKQHNFFBJ68CA,7,12.22,見其他登記事項,鋼筋混凝土造,100年12月22日,十三層,
RPQNMLMKQHNFFBJ68CA,7,53.31,見其他登記事項,鋼筋混凝土造,100年12月22日,十三層,
RPQNMLLMPHNFFBJ68CA,12,25.82,商業用,鋼筋混凝土造,95年8月21日,七層,四層
RPQNMLLMPHNFFBJ68CA,12,16.55,共用部分,鋼筋混凝土造,95年8月21日,七層,
RPOOMLLLQHNFFBJ58CA,,98.94,住家用,鋼筋混凝土造,106年12月26日,十五層,十四層
RPOOMLLLQHNFFBJ58CA,,78.63,見其他登記事項,鋼筋混凝土造,106年12月26日,十五層,
RPTPMLNJQHNFFBJ56CA,3,182.64,住家用,鋼骨鋼筋混凝土造,104年7月31日,三十二層,二十六層
RPTPMLNJQHNFFBJ56CA,3,147.08,見其他登記事項,鋼骨鋼筋混凝土造,104年7月31日,三十二層,
RPSPMLNJQHNFFBJ09CA,3,175.20,住家用,鋼骨鋼筋混凝土造,104年7月31日,三十二層,二十一層
RPSPMLNJQHNFFBJ09CA,3,168.27,見其他登記事項,鋼骨鋼筋混凝土造,104年7月31日,三十二層,
RPTOMLLLQHNFFBJ09CA,,65.18,住家用,鋼筋混凝土造,106年9月20日,十四層,十四層
RPTOMLLLQHNFFBJ09CA,,15.16,見其他登記事項,鋼筋混凝土造,106年9月20日,十四層,
RPTOMLLLQHNFFBJ09CA,,32.59,見其他登記事項,鋼筋混凝土造,106年9月20日,十四層,
RPUOMLLLQHNFFBJ56CA,,65.18,住家用,鋼筋混凝土造,106年9月20日,十四層,十三層
RPUOMLLLQHNFFBJ56CA,,15.16,見其他登記事項,鋼筋混凝土造,106年9月20日,十四層,
RPUOMLLLQHNFFBJ56CA,,32.59,見其他登記事項,鋼筋混凝土造,106年9月20日,十四層,
RPQPMLOKQHNFFBJ09CA,,62.52,住家用,鋼筋混凝土造,107年4月18日,二十九層,二十層
RPQPMLOKQHNFFBJ09CA,,56.49,見其他登記事項,鋼筋混凝土造,107年4月18日,二十九層,
RPQPMLNLPHNFFDJ56CA,,52.84,見其他登記事項,鋼筋混凝土造,107年1月26日,五層,五層
RPQPMLNLPHNFFDJ56CA,,3.03,停車空間,鋼筋混凝土造,107年1月26日,五層,
RPQPMLNLPHNFFDJ56CA,,14.05,見其他登記事項,鋼筋混凝土造,107年1月26日,五層,
RPOPMLNLPHNFFDJ98CA,,208.85,見其他登記事項,鋼筋混凝土造,107年3月22日,四層,一層 二層 三層 四層 屋頂突出物
RPWNMLRLPHNFFCJ27CA,15,241.52,住家用,鋼筋混凝土造,92年10月1日,四層,三層 四層 一層 二層
RPROMLLJQHNFFCJ78CA,22,71.69,住家用,鋼筋混凝土造,85年5月6日,八層,六層
RPROMLLJQHNFFCJ78CA,22,6.96,共有部份,鋼筋混凝土造,85年5月6日,九層,
RPROMLLJQHNFFCJ78CA,22,8.42,共有部份,鋼筋混凝土造,85年5月6日,十層,
RPROMLLJQHNFFCJ78CA,22,29.35,見其他登記事項,鋼筋混凝土造,85年5月6日,十層,
RPOOMLLJQHNFFCJ48CA,25,32.40,住家用,鋼筋混凝土造,82年12月14日,十一層,八層
RPOOMLLJQHNFFCJ48CA,25,7.73,共有部份,鋼筋混凝土造,82年12月14日,十一層,
RPOOMLLJQHNFFCJ48CA,26,1.31,商業用,鋼筋混凝土造,81年5月29日,十一層,
RPOOMLLJQHNFFCJ48CA,26,3.88,見其他登記事項,鋼筋混凝土造,81年5月29日,十一層,
RPPPMLQJQHNFFDJ66CA,18,88.38,住家用,鋼筋混凝土造,89年7月30日,五層,四層
RPPPMLQJQHNFFDJ66CA,18,35.15,見其他登記事項,鋼筋混凝土造,89年7月30日,五層,
RPROMLQJQHNFFDJ76CA,14,71.49,住家用,鋼筋混凝土造,93年4月10日,六層,三層
RPROMLQJQHNFFDJ76CA,14,34.22,見其他登記事項,鋼筋混凝土造,93年4月10日,六層,
RPPOMLQJQHNFFDJ56CA,11,272.61,見其他登記事項,鋼筋混凝土造,96年1月31日,四層,一層 二層 三層 四層 地下層
RPPNMLOKQHNFFDJ98CA,22,75.59,住家用,鋼筋混凝土造,85年7月11日,五層,一層
RPPNMLOKQHNFFDJ98CA,22,36.00,停車空間,鋼筋混凝土造,85年7月11日,五層,
RPPNMLOKQHNFFDJ98CA,22,4.39,共有部份,鋼筋混凝土造,85年7月11日,五層,
RPRNMLSJQHNFFDJ86CA,3,64.01,見其他登記事項,鋼筋混凝土造,104年1月5日,五層,四層
RPRNMLSJQHNFFDJ86CA,3,10.91,見其他登記事項,鋼筋混凝土造,104年1月5日,五層,
RPRNMLSJQHNFFDJ86CA,3,9.52,停車空間,鋼筋混凝土造,104年1月5日,五層,
RPSNMLMLQHNFFCJ09CA,9,187.66,住家用,鋼筋混凝土造,98年12月7日,五層,三層
RPSNMLMLQHNFFCJ09CA,9,101.82,共有部份,鋼筋混凝土造,98年12月7日,五層,
RPPNMLRLPHNFFDJ66CA,22,67.79,住家用,鋼筋混凝土造,85年9月26日,五層,四層
RPPNMLRLPHNFFDJ66CA,,7.26,共有部份,鋼筋混凝土造,,五層,
RPPNMLRLPHNFFDJ66CA,,9.32,見其他登記事項,鋼筋混凝土造,,五層,
RPVNMLOLPHNFFDJ96CA,1,64.50,住家用,鋼筋混凝土造,106年12月19日,五層,五層
RPVNMLOLPHNFFDJ96CA,1,3.02,停車空間,鋼筋混凝土造,106年12月19日,五層,
RPVNMLOLPHNFFDJ96CA,1,8.11,見其他登記事項,鋼筋混凝土造,106年12月19日,五層,
RPXNMLOLPHNFFDJ27DA,2,214.26,見其他登記事項,鋼筋混凝土造,105年6月8日,三層,一層 二層 三層 屋頂突出物
RPTPMLQJQHNFFDJ07CA,4,142.06,見其他登記事項,鋼筋混凝土造,103年9月1日,四層,一層 二層 三層 四層 屋頂突出物
RPTPMLQJQHNFFDJ07CA,4,142.06,見其他登記事項,鋼筋混凝土造,103年9月1日,四層,一層 二層 三層 四層 屋頂突出物
RPSNMLRLPHNFFDJ96CA,3,232.01,見其他登記事項,鋼筋混凝土造,104年8月19日,四層,一層 二層 三層 四層 屋頂突出物
RPOOMLPLPHNFFDJ09CA,,159.65,住商用,加強磚造,,二層,一層 二層 騎樓
RPTNMLQLPHNFFDJ96CA,20,141.31,住家用,鋼筋混凝土造,87年9月24日,三層,三層 一層 二層
RPTNMLQLPHNFFDJ96CA,20,66.26,見其他登記事項,鋼筋混凝土造,87年9月24日,九層,
RPXNMLRLPHNFFCJ37CA,23,115.04,住家用,鋼筋混凝土造,83年12月24日,四層,二層
RPXNMLRLPHNFFCJ37CA,23,44.36,共有部份,鋼筋混凝土造,83年12月24日,四層,
RPPOMLTJQHNFFBJ66CA,,96.83,住家用,鋼筋混凝土造,107年4月18日,二十九層,六層
RPPOMLTJQHNFFBJ66CA,,73.81,見其他登記事項,鋼筋混凝土造,107年4月18日,二十九層,
RPSNMLMJQHNFFCJ88CA,3,84.81,見其他登記事項,鋼筋混凝土造,104年7月13日,十四層,三層
RPSNMLMJQHNFFCJ88CA,3,.00,共有部份,鋼筋混凝土造,104年7月13日,十四層,
RPSNMLMJQHNFFCJ88CA,3,.02,見其他登記事項,鋼筋混凝土造,104年7月13日,十四層,
RPSNMLMJQHNFFCJ88CA,3,28.73,共有部份,鋼筋混凝土造,104年7月13日,十四層,
RPSNMLMJQHNFFCJ88CA,3,19.79,共有部份,鋼筋混凝土造,104年7月13日,十四層,
RPSNMLMJQHNFFCJ88CA,3,18.66,共有部份,鋼筋混凝土造,104年7月13日,十四層,
RPPNMLNKQHNFFCJ78CA,25,300.17,住家用,鋼筋混凝土造,81年10月27日,四層,一層 二層 三層 四層
RPROMLTJQHNFFBJ86CA,1,96.83,住家用,鋼筋混凝土造,107年4月18日,二十九層,十六層
RPROMLTJQHNFFBJ86CA,1,73.81,見其他登記事項,鋼筋混凝土造,107年4月18日,二十九層,
RPQOMLTJQHNFFBJ76CA,3,94.22,住家用,鋼筋混凝土造,107年4月18日,二十九層,七層
RPQOMLTJQHNFFBJ76CA,3,72.47,見其他登記事項,鋼筋混凝土造,107年4月18日,二十九層,
RPRNMLPLPHNFFDJ66CA,21,59.50,住家用,鋼筋混凝土造,86年8月4日,七層,五層
RPRNMLPLPHNFFDJ66CA,21,37.01,共有部份,鋼筋混凝土造,86年8月4日,七層,
RPSOMLTJQHNFFBJ96CA,1,94.22,住家用,鋼筋混凝土造,107年4月18日,二十九層,二十一層
RPSOMLTJQHNFFBJ96CA,1,72.47,見其他登記事項,鋼筋混凝土造,107年4月18日,二十九層,
RPUOMLTJQHNFFBJ17CA,,96.83,住家用,鋼筋混凝土造,107年4月18日,二十九層,二十四層
RPUOMLTJQHNFFBJ17CA,,73.81,見其他登記事項,鋼筋混凝土造,107年4月18日,二十九層,
RPPNMLMKQHNFFDJ78CA,19,189.15,住家用,鋼筋混凝土造,88年9月15日,四層,一層 二層 三層 四層
RPRNMLQLPHNFFCJ66CA,,92.40,住家用,加強磚造,,二層,一層 二層
RPQPMLTJQHNFFBJ86CA,2,96.40,住家用,鋼筋混凝土造,107年4月18日,二十九層,七層
RPQPMLTJQHNFFBJ86CA,2,73.58,見其他登記事項,鋼筋混凝土造,107年4月18日,二十九層,
RPPPMLTJQHNFFBJ76CA,1,97.87,住家用,鋼筋混凝土造,107年4月18日,二十九層,四層
RPPPMLTJQHNFFBJ76CA,1,74.33,見其他登記事項,鋼筋混凝土造,107年4月18日,二十九層,
RPOPMLTJQHNFFBJ66CA,2,92.53,住家用,鋼筋混凝土造,107年4月18日,二十九層,二十七層
RPOPMLTJQHNFFBJ66CA,2,71.64,見其他登記事項,鋼筋混凝土造,107年4月18日,二十九層,
RPRPMLTJQHNFFBJ96CA,1,99.37,住家用,鋼筋混凝土造,107年4月18日,二十九層,十六層
RPRPMLTJQHNFFBJ96CA,1,75.09,見其他登記事項,鋼筋混凝土造,107年4月18日,二十九層,
RPXNMLNJQHNFFCJ86CA,9,207.00,住商用,鋼筋混凝土造,98年10月20日,四層,一層 二層 三層 四層 騎樓
RPUNMLPLPHNFFCJ86CA,4,381.73,住商用,鋼筋混凝土造,103年7月5日,四層,一層 二層 三層 四層 騎樓 見其他登記事項
RPUNMLPLPHNFFCJ86CA,4,122.30,見其他登記事項,鋼筋混凝土造,103年7月5日,四層,
RPTPMLTJQHNFFBJ17CA,1,96.72,住家用,鋼筋混凝土造,107年4月18日,二十九層,二十三層
RPTPMLTJQHNFFBJ17CA,1,73.75,見其他登記事項,鋼筋混凝土造,107年4月18日,二十九層,
RPXPMLTJQHNFFBJ57CA,1,97.94,住家用,鋼筋混凝土造,107年4月18日,二十九層,二十八層
RPXPMLTJQHNFFBJ57CA,1,74.37,見其他登記事項,鋼筋混凝土造,107年4月18日,二十九層,
RPUPMLTJQHNFFBJ27CA,,99.53,住家用,鋼筋混凝土造,107年4月18日,二十九層,二十四層
RPUPMLTJQHNFFBJ27CA,,75.16,見其他登記事項,鋼筋混凝土造,107年4月18日,二十九層,
RPWPMLTJQHNFFBJ47CA,,95.03,住家用,鋼筋混凝土造,107年4月18日,二十九層,二十七層
RPWPMLTJQHNFFBJ47CA,,72.90,見其他登記事項,鋼筋混凝土造,107年4月18日,二十九層,
RPSPMLTJQHNFFBJ07CA,1,99.53,住家用,鋼筋混凝土造,107年4月18日,二十九層,二十二層
RPSPMLTJQHNFFBJ07CA,1,75.16,見其他登記事項,鋼筋混凝土造,107年4月18日,二十九層,
RPVPMLTJQHNFFBJ37CA,,99.53,住家用,鋼筋混凝土造,107年4月18日,二十九層,二十六層
RPVPMLTJQHNFFBJ37CA,,75.16,見其他登記事項,鋼筋混凝土造,107年4月18日,二十九層,
RPQNMLPJQHNFFBJ88CA,9,109.97,住家用,鋼筋混凝土造,97年8月25日,十四層,二層
RPQNMLPJQHNFFBJ88CA,9,21.39,共用部分,鋼筋混凝土造,97年8月25日,十四層,
RPQNMLPJQHNFFBJ88CA,9,20.61,共用部分,鋼筋混凝土造,97年8月25日,十四層,
RPQNMLPJQHNFFBJ88CA,9,.03,見其他登記事項,鋼筋混凝土造,97年8月25日,十四層,
RPQNMLPJQHNFFBJ88CA,9,31.33,共用部分,鋼筋混凝土造,97年8月25日,十四層,
RPUPMLQKQHNFFBJ07CA,6,142.06,住家用,鋼筋混凝土造,101年5月31日,十四層,二層
RPUPMLQKQHNFFBJ07CA,6,33.76,見其他登記事項,鋼筋混凝土造,101年5月31日,十四層,
RPUPMLQKQHNFFBJ07CA,6,91.65,見其他登記事項,鋼筋混凝土造,101年5月31日,十四層,
RPVOMLOLPHNFFBJ86CA,12,15.23,共用部分,鋼筋混凝土造,95年8月21日,七層,
RPVOMLOLPHNFFBJ86CA,12,20.35,商業用,鋼筋混凝土造,95年8月21日,七層,五層
RPQNMLSJQHNFFBJ56CA,2,181.11,住家用,鋼筋混凝土造,105年1月11日,二十層,十六層
RPQNMLSJQHNFFBJ56CA,2,39.64,見其他登記事項,鋼筋混凝土造,105年1月11日,二十層,
RPQNMLSJQHNFFBJ56CA,2,49.05,見其他登記事項,鋼筋混凝土造,105年1月11日,二十一層,
RPQNMLSJQHNFFBJ56CA,2,79.32,見其他登記事項,鋼筋混凝土造,105年1月11日,二十一層,
RPORMLRJQHNFFBJ66CA,,93.01,住家用,鋼筋混凝土造,107年4月12日,十三層,十三層
RPORMLRJQHNFFBJ66CA,,70.88,見其他登記事項,鋼筋混凝土造,107年4月12日,十三層,
RPVOMLQLPHNFFBJ07CA,10,71.39,商業用,鋼筋混凝土造,97年5月15日,十二層,二層
RPVOMLQLPHNFFBJ07CA,10,27.97,共用部分,鋼筋混凝土造,97年5月15日,十二層,
RPVOMLQLPHNFFBJ07CA,10,.02,見其他登記事項,鋼筋混凝土造,97年5月15日,十二層,
RPVOMLQLPHNFFBJ07CA,10,9.98,共用部分,鋼筋混凝土造,97年5月15日,十二層,
RPVOMLQLPHNFFBJ07CA,10,15.45,共用部分,鋼筋混凝土造,97年5月15日,十二層,
RPORMLPLPHNFFBJ56CA,2,28.00,見其他登記事項,鋼筋混凝土造,105年4月8日,十二層,
RPSNMLLJQHNFFBJ68CA,,77.96,住家用,鋼筋混凝土造,106年11月29日,十七層,五層
RPSNMLLJQHNFFBJ68CA,,13.82,見其他登記事項,鋼筋混凝土造,106年11月29日,十七層,
RPSNMLLJQHNFFBJ68CA,,25.25,見其他登記事項,鋼筋混凝土造,106年11月29日,十七層,
RPSNMLLJQHNFFBJ68CA,,38.62,見其他登記事項,鋼筋混凝土造,106年11月29日,十七層,
RPRNMLLJQHNFFBJ58CA,,100.38,住家用,鋼筋混凝土造,106年11月29日,十七層,六層
RPRNMLLJQHNFFBJ58CA,,18.05,見其他登記事項,鋼筋混凝土造,106年11月29日,十七層,
RPRNMLLJQHNFFBJ58CA,,33.84,見其他登記事項,鋼筋混凝土造,106年11月29日,十七層,
RPRNMLLJQHNFFBJ58CA,,38.62,見其他登記事項,鋼筋混凝土造,106年11月29日,十七層,
RPQQMLPLPHNFFBJ66CA,5,178.01,住家用,鋼筋混凝土造,102年6月24日,十九層,八層
RPQQMLPLPHNFFBJ66CA,5,139.44,見其他登記事項,鋼筋混凝土造,102年6月24日,十九層,
RPVRMLPLPHNFFBJ27CA,8,27.65,商業用,鋼筋混凝土造,99年12月2日,五層,五層
RPVRMLPLPHNFFBJ27CA,8,10.71,見其他登記事項,鋼筋混凝土造,99年12月2日,五層,
RPPPMLQLPHNFFBJ56CA,16,30.83,商業用,鋼筋混凝土造,91年6月27日,十一層,七層
RPPPMLQLPHNFFBJ56CA,16,15.83,共用部分,鋼筋混凝土造,91年6月27日,十一層,
RPPPMLQLPHNFFBJ56CA,16,6.51,共用部分,鋼筋混凝土造,91年6月27日,十一層,
RPWPMLPLPHNFFBJ17CA,2,58.14,住家用,鋼筋混凝土造,105年11月1日,二十三層,十六層
RPWPMLPLPHNFFBJ17CA,2,39.67,見其他登記事項,鋼筋混凝土造,105年11月1日,二十三層,
RPWPMLPLPHNFFBJ17CA,2,20.00,見其他登記事項,鋼筋混凝土造,105年11月1日,二十三層,
RPOQMLPLPHNFFBJ09CA,2,61.21,住家用,鋼筋混凝土造,105年11月1日,二十三層,十八層
RPOQMLPLPHNFFBJ09CA,2,40.04,見其他登記事項,鋼筋混凝土造,105年11月1日,二十三層,
RPOQMLPLPHNFFBJ09CA,2,21.10,見其他登記事項,鋼筋混凝土造,105年11月1日,二十三層,
RPVPMLPLPHNFFBJ07CA,2,58.58,住家用,鋼筋混凝土造,105年11月1日,二十三層,十三層
RPVPMLPLPHNFFBJ07CA,2,39.67,見其他登記事項,鋼筋混凝土造,105年11月1日,二十三層,
RPVPMLPLPHNFFBJ07CA,2,20.19,見其他登記事項,鋼筋混凝土造,105年11月1日,二十三層,
RPTNMLLMPHNFFBJ98CA,10,137.54,住家用,鋼筋混凝土造,97年2月1日,十九層,十層
RPTNMLLMPHNFFBJ98CA,10,38.82,共用部分,鋼筋混凝土造,97年2月1日,十九層,
RPTNMLLMPHNFFBJ98CA,10,15.83,共用部分,鋼筋混凝土造,97年2月1日,十九層,
RPTNMLLMPHNFFBJ98CA,10,.05,商業用,鋼筋混凝土造,97年2月1日,十九層,
RPTNMLLMPHNFFBJ98CA,10,.02,共用部分,鋼筋混凝土造,97年2月1日,十九層,
RPTNMLLMPHNFFBJ98CA,10,60.17,共用部分,鋼筋混凝土造,97年2月1日,十九層,
RPUSMLKMPHNFFBJ86CA,2,102.66,住家用,鋼筋混凝土造,105年6月6日,十四層,三層
RPUSMLKMPHNFFBJ86CA,2,90.15,見其他登記事項,鋼筋混凝土造,105年6月6日,十四層,
RPUSMLKMPHNFFBJ86CA,2,15.67,見其他登記事項,鋼筋混凝土造,105年6月6日,十四層,
RPSSMLQLPHNFFBJ17CA,2,1.32,見其他登記事項,鋼筋混凝土造,105年3月11日,十三層,
RPSSMLQLPHNFFBJ17CA,2,.00,見其他登記事項,鋼筋混凝土造,105年3月11日,十三層,
RPSSMLQLPHNFFBJ17CA,2,94.39,住家用,鋼筋混凝土造,105年3月11日,十三層,五層
RPSSMLQLPHNFFBJ17CA,2,131.11,見其他登記事項,鋼筋混凝土造,105年3月11日,十三層,
RPXRMLKMPHNFFBJ07CA,10,130.10,住家用,鋼筋混凝土造,97年4月8日,十二層,十層
RPXRMLKMPHNFFBJ07CA,10,27.64,共用部分,鋼筋混凝土造,97年4月18日,十二層,
RPXRMLKMPHNFFBJ07CA,10,1.44,見其他登記事項,鋼筋混凝土造,97年4月18日,十二層,
RPXRMLKMPHNFFBJ07CA,10,23.25,共用部分,鋼筋混凝土造,97年4月18日,十二層,
RPXRMLKMPHNFFBJ07CA,10,61.85,共用部分,鋼筋混凝土造,97年4月18日,十二層,
RPPOMLSJQHNFFBJ56CA,11,85.99,住家用,鋼筋混凝土造,96年5月17日,十三層,五層
RPPOMLSJQHNFFBJ56CA,11,11.42,共用部分,鋼筋混凝土造,96年5月17日,十三層,
RPPOMLSJQHNFFBJ56CA,11,42.49,共用部分,鋼筋混凝土造,96年5月17日,十三層,
RPPRMLRLPHNFFBJ86CA,1,92.84,住家用,鋼筋混凝土造,106年6月15日,十四層,三層
RPPRMLRLPHNFFBJ86CA,1,58.44,見其他登記事項,鋼筋混凝土造,106年6月15日,十四層,
RPPRMLRLPHNFFBJ86CA,1,19.18,見其他登記事項,鋼筋混凝土造,106年6月15日,十四層,
RPQQMLRLPHNFFBJ86CA,8,74.04,商業用,鋼筋混凝土造,99年11月20日,十五層,一層 見其他登記事項
RPQQMLRLPHNFFBJ86CA,8,17.23,見其他登記事項,鋼筋混凝土造,99年11月20日,十五層,
RPQQMLRLPHNFFBJ86CA,8,14.63,見其他登記事項,鋼筋混凝土造,99年11月20日,十五層,
RPQQMLRLPHNFFBJ86CA,8,.11,見其他登記事項,鋼筋混凝土造,99年11月20日,十五層,
RPQQMLRLPHNFFBJ86CA,8,75.80,見其他登記事項,鋼筋混凝土造,99年11月20日,十五層,
RPTNMLNJQHNFFBJ98CA,19,26.60,共用部分,鋼筋混凝土造,88年10月18日,五層,
RPTNMLNJQHNFFBJ98CA,19,138.05,住家用,鋼筋混凝土造,88年10月18日,四層,二層 四層 一層 三層
RPTNMLNJQHNFFBJ98CA,19,26.60,共用部分,鋼筋混凝土造,88年10月18日,五層,
RPTNMLNJQHNFFBJ98CA,19,138.05,住家用,鋼筋混凝土造,88年10月18日,四層,一層 二層 三層 四層
RPOPMLLMPHNFFBJ68CA,13,94.98,住家用,鋼筋混凝土造,94年9月23日,十四層,九層
RPOPMLLMPHNFFBJ68CA,13,11.41,共用部分,鋼筋混凝土造,94年9月23日,十四層,
RPOPMLLMPHNFFBJ68CA,13,19.15,共用部分,鋼筋混凝土造,94年9月23日,十五層,
RPOPMLLMPHNFFBJ68CA,13,.04,見其他登記事項,鋼筋混凝土造,94年9月23日,十五層,
RPOPMLLMPHNFFBJ68CA,13,30.33,共用部分,鋼筋混凝土造,94年9月23日,十五層,
RPXNMLLJQHNFFBJ56CA,1,131.57,住家用,鋼筋混凝土造,106年1月9日,十四層,十二層
RPXNMLLJQHNFFBJ56CA,1,26.95,見其他登記事項,鋼筋混凝土造,106年1月9日,十四層,
RPXNMLLJQHNFFBJ56CA,1,64.65,見其他登記事項,鋼筋混凝土造,106年1月9日,十四層,
RPXNMLLJQHNFFBJ56CA,1,.10,見其他登記事項,鋼筋混凝土造,106年1月9日,十四層,
RPPNMLLMPHNFFBJ58CA,11,88.24,住家用,鋼筋混凝土造,96年5月17日,十三層,五層
RPPNMLLMPHNFFBJ58CA,11,12.75,共用部分,鋼筋混凝土造,96年5月17日,十三層,
RPPNMLLMPHNFFBJ58CA,11,42.49,共用部分,鋼筋混凝土造,96年5月17日,十三層,
RPROMLLMPHNFFBJ88CA,,111.03,住家用,鋼筋混凝土造,107年2月9日,十四層,六層
RPROMLLMPHNFFBJ88CA,,54.41,見其他登記事項,鋼筋混凝土造,107年2月9日,十四層,
RPROMLLMPHNFFBJ88CA,,26.83,見其他登記事項,鋼筋混凝土造,107年2月9日,十四層,
RPROMLLMPHNFFBJ88CA,,.10,商業用,鋼筋混凝土造,107年2月9日,十四層,
RPROMLLMPHNFFBJ88CA,,.00,見其他登記事項,鋼筋混凝土造,107年2月9日,十四層,
RPVOMLMJQHNFFBJ56CA,23,38.77,住家用,鋼筋混凝土造,84年1月24日,八層,四層
RPVOMLMJQHNFFBJ56CA,23,2.78,共用部分,鋼筋混凝土造,84年1月24日,八層,
RPVOMLMJQHNFFBJ56CA,23,5.56,共用部分,鋼筋混凝土造,84年1月24日,八層,
RPSOMLLMPHNFFBJ98CA,,111.03,住家用,鋼筋混凝土造,107年2月9日,十四層,十二層
RPSOMLLMPHNFFBJ98CA,,86.41,見其他登記事項,鋼筋混凝土造,107年2月9日,十四層,
RPSOMLLMPHNFFBJ98CA,,26.83,見其他登記事項,鋼筋混凝土造,107年2月9日,十四層,
RPSOMLLMPHNFFBJ98CA,,.10,商業用,鋼筋混凝土造,107年2月9日,十四層,
RPSOMLLMPHNFFBJ98CA,,.00,見其他登記事項,鋼筋混凝土造,107年2月9日,十四層,
RPQOMLLMPHNFFBJ78CA,1,114.10,住家用,鋼筋混凝土造,106年1月9日,十四層,十層
RPQOMLLMPHNFFBJ78CA,1,25.12,見其他登記事項,鋼筋混凝土造,106年1月9日,十四層,
RPQOMLLMPHNFFBJ78CA,1,60.37,見其他登記事項,鋼筋混凝土造,106年1月9日,十四層,
RPQOMLLMPHNFFBJ78CA,1,.10,見其他登記事項,鋼筋混凝土造,106年1月9日,十四層,
RPPOMLNJQHNFFCJ78CA,,83.70,住家用,加強磚造,,二層,一層 二層
RPQOMLPLPHNFFDJ66CA,39,460.57,工業用,加強磚造,68年6月21日,一層,一層 地下層
RPQOMLPLPHNFFDJ66CA,34,658.76,工業用,見其他登記事項,73年10月22日,一層,一層 地下層
RPTNMLMJQHNFFBJ88CA,1,108.46,住家用,鋼筋混凝土造,106年10月20日,十五層,五層
RPTNMLMJQHNFFBJ88CA,1,22.50,見其他登記事項,鋼筋混凝土造,106年10月20日,十五層,
RPTNMLMJQHNFFBJ88CA,1,11.03,見其他登記事項,鋼筋混凝土造,106年10月20日,十五層,
RPTNMLMJQHNFFBJ88CA,1,58.39,見其他登記事項,鋼筋混凝土造,106年10月20日,十五層,
RPWNMLQJQHNFFCJ07CA,22,28.64,住家用,鋼筋混凝土造,85年12月24日,十一層,四層
RPWNMLQJQHNFFCJ07CA,22,6.38,共有部份,鋼筋混凝土造,85年12月24日,十二層,
RPWNMLQJQHNFFCJ07CA,22,2.25,共有部份,鋼筋混凝土造,85年12月24日,十一層,
RPWNMLQJQHNFFCJ07CA,22,1.29,共有部份,鋼筋混凝土造,85年12月24日,十二層,
RPWNMLQJQHNFFCJ07CA,22,1.62,共有部份,鋼筋混凝土造,85年12月24日,十二層,
RPWNMLPKQHNFFBJ96CA,3,204.89,住家用,鋼筋混凝土造,104年11月11日,二十二層,二十層
RPWNMLPKQHNFFBJ96CA,3,56.77,見其他登記事項,鋼筋混凝土造,104年11月11日,二十二層,
RPWNMLPKQHNFFBJ96CA,3,126.27,見其他登記事項,鋼筋混凝土造,104年11月11日,二十二層,
RPQOMLLJQHNFFCJ68CA,1,180.61,見其他登記事項,鋼筋混凝土造,106年1月10日,四層,一層 二層 三層 四層
RPRNMLQLPHNFFDJ76CA,,148.75,住家用,鋼筋混凝土造,,三層,一層 二層 三層
RPSOMLNLQHNFFBJ56CA,36,510.86,住家用,鋼筋混凝土造,70年12月30日,三層,一層 二層 三層 屋頂突出物
RPXNMLPLPHNFFDJ27CA,,76.56,住家用,加強磚造,,二層,二層 一層
RPROMLPLPHNFFDJ76CA,23,145.84,住家用,鋼筋混凝土造,84年12月30日,三層,一層 二層 三層
RPVOMLOKQHNFFBJ86CA,10,193.28,住家用,鋼筋混凝土造,97年2月1日,十九層,十七層
RPVOMLOKQHNFFBJ86CA,10,54.06,共用部分,鋼筋混凝土造,97年2月1日,十九層,
RPVOMLOKQHNFFBJ86CA,10,23.03,共用部分,鋼筋混凝土造,97年2月1日,十九層,
RPVOMLOKQHNFFBJ86CA,10,193.06,住家用,鋼筋混凝土造,97年2月1日,十九層,十七層
RPVOMLOKQHNFFBJ86CA,10,54.76,共用部分,鋼筋混凝土造,97年2月1日,十九層,
RPVOMLOKQHNFFBJ86CA,10,23.03,共用部分,鋼筋混凝土造,97年2月1日,十九層,
RPVOMLOKQHNFFBJ86CA,10,.10,商業用,鋼筋混凝土造,97年2月1日,十九層,
RPVOMLOKQHNFFBJ86CA,10,.03,共用部分,鋼筋混凝土造,97年2月1日,十九層,
RPVOMLOKQHNFFBJ86CA,10,120.33,共用部分,鋼筋混凝土造,97年2月1日,十九層,
RPSNMLLMPHNFFDJ09CA,26,188.70,工業用,鋼筋混凝土造,81年6月12日,三層,一層 二層 三層
RPXNMLQJQHNFFDJ27CA,6,248.32,見其他登記事項,鋼筋混凝土造,101年3月1日,三層,一層 二層 三層
RPPOMLSJQHNFFDJ76CA,45,132.90,住家用,加強磚造,62年5月2日,二層,二層 一層
RPVNMLNKQHNFFCJ76CA,3,252.56,見其他登記事項,鋼筋混凝土造,104年5月1日,五層,一層 二層 三層 四層 五層
RPRPMLQJQHNFFDJ86CA,11,178.75,住家用,鋼筋混凝土造,96年5月18日,四層,一層 二層 三層 四層
RPRNMLLLQHNFFDJ98CA,39,1058.16,工業用,見使用執照,68年6月19日,二層,地下層 一層 二層
RPPSOLRLPHNFFBJ27DA,22,11.92,共用部分,鋼筋混凝土造,85年7月17日,六層,
RPPSOLRLPHNFFBJ27DA,22,18.51,共用部分,鋼筋混凝土造,85年7月17日,六層,
RPPSOLRLPHNFFBJ27DA,22,83.72,住家用,鋼筋混凝土造,85年7月17日,六層,六層
RPXNMLLJQHNFFCJ86EA,24,115.04,住家用,鋼筋混凝土造,83年12月24日,四層,一層
RPXNMLLJQHNFFCJ86EA,24,44.36,共有部份,鋼筋混凝土造,83年12月24日,見其他登記事項,
RPWNMLSJQHNFFDJ37CA,3,223.02,見其他登記事項,鋼筋混凝土造,104年11月24日,四層,一層 二層 三層 四層 地下一層
RPWNMLSJQHNFFDJ37CA,3,22.71,見其他登記事項,鋼筋混凝土造,104年11月24日,五層,
RPQNMLRLPHNFFDJ76CA,39,107.12,住家用,加強磚造,68年9月6日,二層,騎樓 一層 二層
RPSNMLKMPHNFFCJ98DA,,267.97,見其他登記事項,鋼筋混凝土造,107年3月6日,四層,四層 見其他登記事項 一層 二層 三層
RPROMLSJQHNFFDJ96CA,,52.21,見其他登記事項,鋼筋混凝土造,107年2月7日,五層,三層
RPROMLSJQHNFFDJ96CA,,15.64,見其他登記事項,鋼筋混凝土造,107年2月7日,五層,
RPSOMLSJQHNFFDJ07CA,,52.21,見其他登記事項,鋼筋混凝土造,107年2月7日,五層,五層
RPSOMLSJQHNFFDJ07CA,,15.64,見其他登記事項,鋼筋混凝土造,107年2月7日,五層,
RPQOMLSJQHNFFDJ86CA,,54.20,見其他登記事項,鋼筋混凝土造,107年2月7日,五層,四層
RPQOMLSJQHNFFDJ86CA,,15.64,見其他登記事項,鋼筋混凝土造,107年2月7日,五層,
RPTOMLSJQHNFFDJ17CA,,54.20,見其他登記事項,鋼筋混凝土造,107年2月7日,五層,三層
RPTOMLSJQHNFFDJ17CA,,15.64,見其他登記事項,鋼筋混凝土造,107年2月7日,五層,
RPPQMLQJQHNFFDJ76CA,,79.12,住家用,加強磚造,,二層,一層 二層
RPOOMLKLQHNFFCJ58CA,3,87.15,見其他登記事項,鋼筋混凝土造,104年3月25日,十五層,八層
RPOOMLKLQHNFFCJ58CA,3,17.95,共有部份,鋼筋混凝土造,104年3月25日,十五層,
RPOOMLKLQHNFFCJ58CA,3,20.74,共有部份,鋼筋混凝土造,104年3月25日,十五層,
RPOOMLKLQHNFFCJ58CA,3,.02,見其他登記事項,鋼筋混凝土造,104年3月25日,十四層,
RPOOMLKLQHNFFCJ58CA,3,27.00,共有部份,鋼筋混凝土造,104年3月25日,十五層,
RPOOMLKLQHNFFCJ58CA,3,.00,共有部份,鋼筋混凝土造,104年3月25日,十四層,
RPURMLLJQHNFFBJ66CA,4,107.54,住家用,鋼筋混凝土造,103年7月25日,十四層,十三層
RPURMLLJQHNFFBJ66CA,4,20.80,見其他登記事項,鋼筋混凝土造,103年7月25日,十四層,
RPURMLLJQHNFFBJ66CA,4,94.36,見其他登記事項,鋼筋混凝土造,103年7月25日,十四層,
RPVRMLLJQHNFFBJ76CA,6,175.19,住家用,鋼筋混凝土造,101年10月30日,二十四層,十六層
RPVRMLLJQHNFFBJ76CA,6,129.68,見其他登記事項,鋼筋混凝土造,101年10月30日,二十四層,
RPSNMLRLPHNFFCJ86CA,26,109.93,住家用,鋼筋混凝土造,81年7月9日,四層,二層
RPSNMLRLPHNFFCJ86CA,26,3.70,共有部份,鋼筋混凝土造,81年7月9日,五層,
RPSNMLRLPHNFFCJ86CA,26,8.32,共有部份,鋼筋混凝土造,81年7月9日,四層,
RPVPMLQJQHNFFBJ07CA,2,99.71,住家用,鋼筋混凝土造,105年11月2日,十五層,二層
RPVPMLQJQHNFFBJ07CA,2,73.17,見其他登記事項,鋼筋混凝土造,105年11月2日,十五層,
RPQOMLSJQHNFFBJ66CA,13,.03,見其他登記事項,鋼筋混凝土造,94年11月7日,十四層,
RPQOMLSJQHNFFBJ66CA,13,28.66,共用部分,鋼筋混凝土造,94年11月7日,十四層,
RPQOMLSJQHNFFBJ66CA,13,93.65,住家用,鋼筋混凝土造,94年11月7日,十四層,十一層
RPQOMLSJQHNFFBJ66CA,13,16.93,共用部分,鋼筋混凝土造,94年11月7日,十四層,
RPQOMLSJQHNFFBJ66CA,13,15.12,共用部分,鋼筋混凝土造,94年11月7日,十四層,
RPSOMLTJQHNFFDJ17CA,26,79.81,住家用,鋼筋混凝土造,81年7月10日,五層,一層
RPSOMLTJQHNFFDJ17CA,26,8.38,共有部份,鋼筋混凝土造,81年7月10日,五層,
RPOOMLQKQHNFFBJ98CA,4,88.90,住家用,鋼筋混凝土造,103年10月9日,十九層,十六層
RPOOMLQKQHNFFBJ98CA,4,104.53,見其他登記事項,鋼筋混凝土造,103年10月9日,十九層,
RPOOMLQKQHNFFBJ98CA,4,.45,商業用,鋼筋混凝土造,103年10月9日,十九層,
RPOOMLQKQHNFFBJ98CA,4,.05,見其他登記事項,鋼筋混凝土造,103年10月9日,十九層,
RPOOMLQKQHNFFBJ98CA,4,.43,商業用,鋼筋混凝土造,103年10月9日,十九層,
RPOOMLQKQHNFFBJ98CA,4,.05,見其他登記事項,鋼筋混凝土造,103年10月9日,十九層,
RPWOMLLJQHNFFBJ56CA,1,270.26,見其他登記事項,鋼筋混凝土造,107年6月1日,五層,一層 二層 三層 四層 五層
RPUOMLLJQHNFFBJ98CA,1,275.20,見其他登記事項,鋼筋混凝土造,107年6月1日,四層,三層 四層 一層 二層 屋頂突出物
RPUQMLLJQHNFFBJ56CA,1,203.49,見其他登記事項,鋼筋混凝土造,107年6月1日,四層,一層 二層 三層 四層
RPOQMLLJQHNFFBJ58CA,1,222.24,見其他登記事項,鋼筋混凝土造,107年6月1日,三層,一層 二層 三層 屋頂突出物
RPXPMLLJQHNFFBJ76CA,1,204.81,見其他登記事項,鋼筋混凝土造,107年6月1日,三層,一層 二層 三層 屋頂突出物
RPSPMLLJQHNFFBJ88CA,1,183.93,見其他登記事項,鋼筋混凝土造,107年6月1日,三層,一層 二層 三層 屋頂突出物
RPUNMLQLPHNFFDJ07CA,20,176.05,住家用,鋼筋混凝土造,87年7月27日,四層,一層 二層 三層 四層
RPQQMLLJQHNFFBJ78CA,1,270.09,見其他登記事項,鋼筋混凝土造,107年6月1日,四層,一層 二層 三層 四層 屋頂突出物
RPRPMLLJQHNFFBJ78CA,1,173.80,見其他登記事項,鋼筋混凝土造,107年6月1日,三層,一層 二層 三層 屋頂突出物
RPRQMLLJQHNFFBJ88CA,1,202.16,見其他登記事項,鋼筋混凝土造,107年6月1日,四層,一層 二層 三層 四層
RPOPMLLJQHNFFBJ48CA,,194.48,見其他登記事項,鋼筋混凝土造,107年6月1日,三層,一層 二層 三層 屋頂突出物
RPRRMLKMPHNFFBJ09CA,15,17.92,住家用,鋼筋混凝土造,92年9月12日,九層,九層
RPRRMLKMPHNFFBJ09CA,15,10.54,共用部分,鋼筋混凝土造,92年9月12日,九層,
RPOSOLRLPHNFFBJ07CA,6,154.63,住家用,鋼筋混凝土造,101年9月24日,二十五層,十九層
RPOSOLRLPHNFFBJ07CA,6,108.49,見其他登記事項,鋼筋混凝土造,101年9月24日,二十五層,
RPOSOLRLPHNFFBJ07CA,6,33.93,見其他登記事項,鋼筋混凝土造,101年9月24日,二十五層,
RPOPMLKMPHNFFBJ58CA,2,23.39,見其他登記事項,鋼筋混凝土造,104年12月14日,二十六層,
RPOPMLKMPHNFFBJ58CA,2,300.82,住家用,鋼筋混凝土造,104年12月14日,二十六層,十六層
RPOPMLKMPHNFFBJ58CA,2,65.82,見其他登記事項,鋼筋混凝土造,104年12月14日,二十六層,
RPOPMLKMPHNFFBJ58CA,2,146.69,見其他登記事項,鋼筋混凝土造,104年12月14日,二十六層,
RPUNMLQLPHNFFBJ86CA,6,193.71,住家用,鋼筋混凝土造,101年11月2日,十七層,八層
RPUNMLQLPHNFFBJ86CA,6,166.11,見其他登記事項,鋼筋混凝土造,101年11月2日,十七層,
RPVOMLKMPHNFFBJ56CA,3,322.21,住家用,鋼筋混凝土造,104年12月14日,二十六層,二十四層
RPVOMLKMPHNFFBJ56CA,3,25.61,見其他登記事項,鋼筋混凝土造,104年12月14日,二十六層,
RPVOMLKMPHNFFBJ56CA,3,72.75,見其他登記事項,鋼筋混凝土造,104年12月14日,二十六層,
RPVOMLKMPHNFFBJ56CA,3,181.66,見其他登記事項,鋼筋混凝土造,104年12月14日,二十六層,
RPTOMLKMPHNFFBJ98CA,2,23.39,見其他登記事項,鋼筋混凝土造,104年12月14日,二十六層,
RPTOMLKMPHNFFBJ98CA,2,300.82,住家用,鋼筋混凝土造,104年12月14日,二十六層,十八層
RPTOMLKMPHNFFBJ98CA,2,65.82,見其他登記事項,鋼筋混凝土造,104年12月14日,二十六層,
RPTOMLKMPHNFFBJ98CA,2,146.69,見其他登記事項,鋼筋混凝土造,104年12月14日,二十六層,
RPSNOLRLPHNFFBJ96CA,6,251.43,見其他登記事項,鋼筋混凝土造,101年5月22日,四層,一層 二層 三層 四層
RPPPMLLJQHNFFBJ58CA,1,175.31,見其他登記事項,鋼筋混凝土造,107年6月1日,三層,一層 二層 三層 屋頂突出物
RPVSMLKMPHNFFBJ96CA,21,158.34,住家用,鋼筋混凝土造,86年10月8日,三層,一層 二層 三層
RPVSMLKMPHNFFBJ96CA,21,43.31,共用部分,鋼筋混凝土造,86年10月8日,三層,
RPQNMLNJQHNFFBJ68CA,1,89.44,住家用,鋼筋混凝土造,106年11月3日,十四層,十一層
RPQNMLNJQHNFFBJ68CA,1,68.84,見其他登記事項,鋼筋混凝土造,106年11月3日,十四層,
RPVNMLLJQHNFFBJ98CA,2,90.69,住家用,鋼筋混凝土造,104年8月28日,十三層,三層
RPVNMLLJQHNFFBJ98CA,2,96.01,見其他登記事項,鋼筋混凝土造,104年8月28日,十三層,
RPVNMLLJQHNFFBJ98CA,2,14.03,見其他登記事項,鋼筋混凝土造,104年8月28日,十三層,
RPOOMLLMPHNFFBJ58CA,13,115.85,住家用,鋼筋混凝土造,94年1月31日,十四層,五層
RPOOMLLMPHNFFBJ58CA,13,25.53,共用部分,鋼筋混凝土造,94年1月31日,十四層,
RPOOMLLMPHNFFBJ58CA,13,.01,見其他登記事項,鋼筋混凝土造,94年1月31日,十四層,
RPOOMLLMPHNFFBJ58CA,13,.00,共用部分,鋼筋混凝土造,94年1月31日,十四層,
RPOOMLLMPHNFFBJ58CA,13,16.04,共用部分,鋼筋混凝土造,94年1月31日,十四層,
RPOOMLLMPHNFFBJ58CA,13,17.92,共用部分,鋼筋混凝土造,94年1月31日,十四層,
RPQNMLLKQHNFFBJ58CA,1,111.53,住家用,鋼筋混凝土造,106年7月5日,二十二層,十九層
RPQNMLLKQHNFFBJ58CA,1,14.24,見其他登記事項,鋼筋混凝土造,106年7月5日,二十二層,
RPQNMLLKQHNFFBJ58CA,1,35.74,見其他登記事項,鋼筋混凝土造,106年7月5日,二十二層,
RPQNMLLKQHNFFBJ58CA,1,38.83,見其他登記事項,鋼筋混凝土造,106年7月5日,二十二層,
RPQNMLLKQHNFFBJ58CA,1,3.85,見其他登記事項,鋼筋混凝土造,106年7月5日,二十二層,
RPVNMLMJQHNFFBJ09CA,6,114.77,住家用,鋼筋混凝土造,101年8月27日,十五層,六層
RPVNMLMJQHNFFBJ09CA,6,58.52,見其他登記事項,鋼筋混凝土造,101年8月27日,十五層,
RPVNMLMJQHNFFBJ09CA,6,19.16,見其他登記事項,鋼筋混凝土造,101年8月27日,十五層,
RPPOMLKKQHNFFBJ48CA,1,162.38,住家用,鋼筋混凝土造,106年9月11日,十九層,九層
RPPOMLKKQHNFFBJ48CA,1,30.55,見其他登記事項,鋼筋混凝土造,106年9月11日,十九層,
RPPOMLKKQHNFFBJ48CA,1,114.09,見其他登記事項,鋼筋混凝土造,106年9月11日,十九層,
RPSQMLTJQHNFFBJ17CA,24,88.32,住家用,鋼筋混凝土造,83年1月6日,八層,二層
RPSQMLTJQHNFFBJ17CA,24,25.55,共用部分,鋼筋混凝土造,83年1月6日,八層,
RPQNMLLMPHNFFCJ78CA,24,28.43,商業用,鋼筋混凝土造,83年4月28日,十二層,地下一層
RPQNMLLMPHNFFCJ78CA,24,1.54,共有部份,鋼筋混凝土造,83年4月28日,十層,
RPQNMLLMPHNFFCJ78CA,24,1.14,共有部份,鋼筋混凝土造,83年4月28日,十層,
RPQNMLLMPHNFFCJ78CA,24,2.95,共有部份,鋼筋混凝土造,83年4月28日,十二層,
RPVOMLLLQHNFFBJ66CA,3,247.63,住家用,鋼筋混凝土造,104年11月5日,十九層,十八層 十九層
RPVOMLLLQHNFFBJ66CA,3,206.95,見其他登記事項,鋼筋混凝土造,104年11月5日,十九層,
RPVOMLLLQHNFFBJ66CA,3,44.42,見其他登記事項,鋼筋混凝土造,104年11月5日,十九層,
RPTPMLQJQHNFFBJ86CA,15,141.30,住家用,鋼筋混凝土造,92年2月27日,十層,夾層 十層
RPTPMLQJQHNFFBJ86CA,15,17.03,共用部分,鋼筋混凝土造,92年2月27日,十層,
RPTPMLQJQHNFFBJ86CA,15,19.58,共用部分,鋼筋混凝土造,92年2月27日,十層,
RPTPMLQJQHNFFBJ86CA,15,.13,見其他登記事項,鋼筋混凝土造,92年2月27日,十層,
RPTPMLQJQHNFFBJ86CA,15,59.01,共用部分,鋼筋混凝土造,92年2月27日,十層,
RPTPMLQJQHNFFBJ86CA,15,.00,共用部分,鋼筋混凝土造,92年2月27日,十層,
RPWPMLRJQHNFFBJ27CA,5,208.17,住家用,鋼筋混凝土造,102年5月15日,二十四層,十七層
RPWPMLRJQHNFFBJ27CA,5,53.32,見其他登記事項,鋼筋混凝土造,102年5月15日,二十四層,
RPWPMLRJQHNFFBJ27CA,5,104.40,見其他登記事項,鋼筋混凝土造,102年5月15日,二十四層,
RPOOMLMJQHNFFCJ58CA,,99.48,住商用,加強磚造,,二層,一層 二層
RPPNMLMKQHNFFCJ68CA,21,66.74,住家用,鋼筋混凝土造,85年12月24日,十一層,十一層
RPPNMLMKQHNFFCJ68CA,21,11.18,共有部份,鋼筋混凝土造,85年12月24日,十二層,
RPPNMLMKQHNFFCJ68CA,21,6.12,共有部份,鋼筋混凝土造,85年12月24日,十一層,
RPPNMLMKQHNFFCJ68CA,21,3.90,共有部份,鋼筋混凝土造,85年12月24日,十二層,
RPPNMLMKQHNFFCJ68CA,21,4.88,共有部份,鋼筋混凝土造,85年12月24日,十二層,
RPRNMLMJQHNFFCJ78CA,18,211.86,住家用,鋼筋混凝土造,89年10月18日,四層,一層 二層 三層 四層
RPRNMLMJQHNFFCJ78CA,17,.59,共有部份,鋼筋混凝土造,90年5月17日,一層,
RPRNMLMJQHNFFCJ78CA,17,.84,共有部份,鋼筋混凝土造,90年5月22日,二層,
RPQOMLLMPHNFFDJ98CA,11,170.31,住家用,鋼筋混凝土造,96年5月7日,四層,一層 二層 三層 四層
RPROMLRKQHNFFCJ86CA,7,46.03,住家用,鋼筋混凝土造,100年4月25日,六層,四層
RPROMLRKQHNFFCJ86CA,7,46.03,住家用,鋼筋混凝土造,100年4月25日,六層,四層
RPROMLRKQHNFFCJ86CA,7,19.07,共有部份,鋼筋混凝土造,100年4月25日,六層,
RPROMLRKQHNFFCJ86CA,7,19.07,共有部份,鋼筋混凝土造,100年4月25日,六層,
RPROMLRKQHNFFCJ86CA,7,8.47,共有部份,鋼筋混凝土造,100年4月25日,六層,
RPROMLRKQHNFFCJ86CA,7,8.47,共有部份,鋼筋混凝土造,100年4月25日,六層,
RPROMLRKQHNFFCJ86CA,7,.10,見其他登記事項,鋼筋混凝土造,100年4月25日,一層,
RPROMLRKQHNFFCJ86CA,7,.10,見其他登記事項,鋼筋混凝土造,100年4月25日,一層,
RPROMLRKQHNFFCJ86CA,7,.00,共有部份,鋼筋混凝土造,100年4月25日,六層,
RPROMLRKQHNFFCJ86CA,7,.00,共有部份,鋼筋混凝土造,100年4月25日,六層,
RPVNMLLMPHNFFBJ56CA,7,68.59,住家用,鋼筋混凝土造,99年12月31日,十二層,六層
RPVNMLLMPHNFFBJ56CA,7,17.06,見其他登記事項,鋼筋混凝土造,99年12月31日,十二層,
RPVNMLLMPHNFFBJ56CA,7,50.92,見其他登記事項,鋼筋混凝土造,99年12月31日,十二層,
RPUNMLLMPHNFFBJ09CA,7,64.97,住家用,鋼筋混凝土造,100年12月2日,十四層,十層
RPUNMLLMPHNFFBJ09CA,7,12.48,見其他登記事項,鋼筋混凝土造,100年12月2日,十四層,
RPUNMLLMPHNFFBJ09CA,7,54.33,見其他登記事項,鋼筋混凝土造,100年12月2日,十四層,
RPQNMLQJQHNFFCJ09CA,20,176.22,住家用,鋼筋混凝土造,87年1月6日,四層,一層 二層 三層 四層
RPOOMLKMPHNFFDJ68CA,,135.13,見其他登記事項,鋼筋混凝土造,107年4月18日,七層,一層
RPOOMLKMPHNFFDJ68CA,,20.29,見其他登記事項,鋼筋混凝土造,107年4月18日,七層,
RPOOMLKMPHNFFDJ68CA,,.06,見其他登記事項,鋼筋混凝土造,107年4月18日,七層,
RPRNMLTLPHNFFDJ07CA,,83.14,見其他登記事項,鋼筋混凝土造,107年4月18日,七層,七層
RPRNMLTLPHNFFDJ07CA,,33.06,見其他登記事項,鋼筋混凝土造,107年4月18日,七層,
RPRNMLTLPHNFFDJ07CA,,20.29,見其他登記事項,鋼筋混凝土造,107年4月18日,七層,
RPQNMLTLPHNFFDJ96CA,,77.61,見其他登記事項,鋼筋混凝土造,107年4月18日,七層,五層
RPQNMLTLPHNFFDJ96CA,,20.29,見其他登記事項,鋼筋混凝土造,107年4月18日,七層,
RPQNMLTLPHNFFDJ96CA,,33.06,見其他登記事項,鋼筋混凝土造,107年4月18日,七層,
RPWNMLTLPHNFFDJ57CA,,77.61,見其他登記事項,鋼筋混凝土造,107年4月18日,七層,六層
RPWNMLTLPHNFFDJ57CA,,33.06,見其他登記事項,鋼筋混凝土造,107年4月18日,七層,
RPWNMLTLPHNFFDJ57CA,,20.29,見其他登記事項,鋼筋混凝土造,107年4月18日,七層,
RPSNMLTLPHNFFDJ17CA,,77.61,見其他登記事項,鋼筋混凝土造,107年4月18日,七層,五層
RPSNMLTLPHNFFDJ17CA,,20.29,見其他登記事項,鋼筋混凝土造,107年4月18日,七層,
RPSNMLTLPHNFFDJ17CA,,33.06,見其他登記事項,鋼筋混凝土造,107年4月18日,七層,
RPUNMLTLPHNFFDJ37CA,,83.14,見其他登記事項,鋼筋混凝土造,107年4月18日,七層,七層
RPUNMLTLPHNFFDJ37CA,,33.06,見其他登記事項,鋼筋混凝土造,107年4月18日,七層,
RPUNMLTLPHNFFDJ37CA,,20.29,見其他登記事項,鋼筋混凝土造,107年4月18日,七層,
RPVNMLTLPHNFFDJ47CA,,77.61,見其他登記事項,鋼筋混凝土造,107年4月18日,七層,二層
RPVNMLTLPHNFFDJ47CA,,20.29,見其他登記事項,鋼筋混凝土造,107年4月18日,七層,
RPVNMLTLPHNFFDJ47CA,,33.06,見其他登記事項,鋼筋混凝土造,107年4月18日,七層,
RPTNMLTLPHNFFDJ27CA,,77.61,見其他登記事項,鋼筋混凝土造,107年4月18日,七層,六層
RPTNMLTLPHNFFDJ27CA,,33.06,見其他登記事項,鋼筋混凝土造,107年4月18日,七層,
RPTNMLTLPHNFFDJ27CA,,20.29,見其他登記事項,鋼筋混凝土造,107年4月18日,七層,
RPUNMLLJQHNFFDJ09CA,24,81.67,住家用,鋼筋混凝土造,83年2月8日,六層,三層
RPUNMLLJQHNFFDJ09CA,24,19.98,共有部份,鋼筋混凝土造,83年2月8日,六層,
RPUNMLLJQHNFFDJ09CA,24,12.21,共有部份,鋼筋混凝土造,83年2月8日,六層,
RPQNMLLKQHNFFDJ78CA,1,13.50,見其他登記事項,鋼筋混凝土造,106年5月23日,十一層,
RPQNMLLKQHNFFDJ78CA,1,64.48,見其他登記事項,鋼筋混凝土造,106年5月23日,十一層,十層
RPQNMLLKQHNFFDJ78CA,1,.70,見其他登記事項,鋼筋混凝土造,106年5月23日,七層,
RPQNMLLKQHNFFDJ78CA,1,13.70,停車空間,鋼筋混凝土造,106年5月23日,十一層,
RPQNMLLJQHNFFDJ78DA,21,139.96,住家用,鋼筋混凝土造,86年12月28日,三層,一層 二層 三層
RPOOMLTJQHNFFDJ76CA,,93.08,見其他登記事項,鋼筋混凝土造,107年2月13日,六層,三層
RPOOMLTJQHNFFDJ76CA,,40.58,見其他登記事項,鋼筋混凝土造,107年2月13日,六層,
RPTNMLKKQHNFFDJ98CA,2,148.06,住家用,鋼筋混凝土造,105年1月18日,三層,二層 三層 一層
RPPNMLLJQHNFFDJ58CA,12,21.39,住家用,鋼筋混凝土造,95年6月15日,五層,二層
RPPNMLLJQHNFFDJ58CA,12,6.81,見其他登記事項,鋼筋混凝土造,95年6月15日,五層,
RPVNMLLJQHNFFDJ56CA,3,248.29,見其他登記事項,鋼筋混凝土造,104年8月18日,四層,二層 三層 四層 屋頂突出物 一層
RPOOMLNJQHNFFDJ78CA,,209.63,住家用,鋼筋混凝土造,,二層,一層 二層
RPXNMLKMPHNFFDJ86CA,,77.61,見其他登記事項,鋼筋混凝土造,107年4月18日,七層,六層
RPXNMLKMPHNFFDJ86CA,,33.06,見其他登記事項,鋼筋混凝土造,107年4月18日,七層,
RPXNMLKMPHNFFDJ86CA,,20.29,見其他登記事項,鋼筋混凝土造,107年4月18日,七層,
RPPOMLLMPHNFFDJ88CA,39,81.78,住家用,加強磚造,68年3月3日,二層,一層 二層 騎樓
RPPOMLNJQHNFFDJ88CA,41,90.30,住家用,加強磚造,66年12月15日,二層,一層 二層 騎樓
RPSNMLKMPHNFFDJ98CA,,77.61,見其他登記事項,鋼筋混凝土造,107年4月18日,七層,三層
RPSNMLKMPHNFFDJ98CA,,20.29,見其他登記事項,鋼筋混凝土造,107年4月18日,七層,
RPSNMLKMPHNFFDJ98CA,,33.06,見其他登記事項,鋼筋混凝土造,107年4月18日,七層,
RPVNMLKMPHNFFDJ66CA,,77.61,見其他登記事項,鋼筋混凝土造,107年4月18日,七層,五層
RPVNMLKMPHNFFDJ66CA,,20.29,見其他登記事項,鋼筋混凝土造,107年4月18日,七層,
RPVNMLKMPHNFFDJ66CA,,33.06,見其他登記事項,鋼筋混凝土造,107年4月18日,七層,
RPTNMLKMPHNFFDJ09CA,,77.61,見其他登記事項,鋼筋混凝土造,107年4月18日,七層,三層
RPTNMLKMPHNFFDJ09CA,,20.29,見其他登記事項,鋼筋混凝土造,107年4月18日,七層,
RPTNMLKMPHNFFDJ09CA,,33.06,見其他登記事項,鋼筋混凝土造,107年4月18日,七層,
RPUNMLKMPHNFFDJ56CA,,77.61,見其他登記事項,鋼筋混凝土造,107年4月18日,七層,五層
RPUNMLKMPHNFFDJ56CA,,20.29,見其他登記事項,鋼筋混凝土造,107年4月18日,七層,
RPUNMLKMPHNFFDJ56CA,,33.06,見其他登記事項,鋼筋混凝土造,107年4月18日,七層,
RPTOMLTJQHNFFCJ17CA,23,109.48,住家用,鋼筋混凝土造,84年7月20日,十二層,三層
RPTOMLTJQHNFFCJ17CA,23,16.13,共有部份,鋼筋混凝土造,84年7月20日,十二層,
RPTOMLTJQHNFFCJ17CA,23,13.25,共有部份,鋼筋混凝土造,84年7月20日,十二層,
RPTOMLTJQHNFFCJ17CA,23,43.39,共有部份,鋼筋混凝土造,84年7月20日,十二層,
RPQNMLNJQHNFFCJ78CA,,137.70,,鋼筋混凝土造,,二層,一層 二層 地下層
RPPOMLLMPHNFFCJ78CA,2,89.70,見其他登記事項,鋼筋混凝土造,105年9月29日,七層,六層
RPPOMLLMPHNFFCJ78CA,2,21.65,見其他登記事項,鋼筋混凝土造,105年9月29日,七層,
RPPOMLLMPHNFFCJ78CA,2,17.91,見其他登記事項,鋼筋混凝土造,105年9月29日,七層,
RPQOMLLMPHNFFCJ88CA,2,93.78,見其他登記事項,鋼筋混凝土造,105年9月29日,七層,二層
RPQOMLLMPHNFFCJ88CA,2,17.83,見其他登記事項,鋼筋混凝土造,105年9月29日,七層,
RPQOMLLMPHNFFCJ88CA,2,52.89,見其他登記事項,鋼筋混凝土造,105年9月29日,七層,
RPRNMLLKQHNFFBJ68CA,1,136.06,住家用,鋼筋混凝土造,106年7月5日,二十二層,十二層
RPRNMLLKQHNFFBJ68CA,1,17.71,見其他登記事項,鋼筋混凝土造,106年7月5日,二十二層,
RPRNMLLKQHNFFBJ68CA,1,44.45,見其他登記事項,鋼筋混凝土造,106年7月5日,二十二層,
RPRNMLLKQHNFFBJ68CA,1,38.83,見其他登記事項,鋼筋混凝土造,106年7月5日,二十二層,
RPRNMLLKQHNFFBJ68CA,1,3.85,見其他登記事項,鋼筋混凝土造,106年7月5日,二十二層,
RPSOMLLMPHNFFCJ09CA,10,23.04,見其他登記事項,鋼筋混凝土造,97年1月17日,七層,五層
RPSOMLLMPHNFFCJ09CA,10,11.34,共有部份,鋼筋混凝土造,97年1月17日,七層,
RPTNMLMKQHNFFCJ09CA,3,133.64,見其他登記事項,鋼筋混凝土造,104年10月19日,十三層,九層
RPTNMLMKQHNFFCJ09CA,3,105.86,見其他登記事項,鋼筋混凝土造,104年10月19日,十三層,
RPTNMLMKQHNFFCJ09CA,3,23.89,見其他登記事項,鋼筋混凝土造,104年10月19日,十三層,
RPPNMLQJQHNFFCJ98CA,1,189.53,見其他登記事項,鋼筋混凝土造,106年1月10日,四層,一層 二層 三層 四層
RPOOMLMJQHNFFBJ48CA,26,18.56,住家用,鋼筋混凝土造,81年5月13日,六層,五層
RPOOMLMJQHNFFBJ48CA,26,1.76,共用部分,鋼筋混凝土造,81年5月13日,六層,
RPOOMLMJQHNFFBJ48CA,26,4.56,共用部分,鋼筋混凝土造,81年5月31日,六層,
RPXNMLKLQHNFFBJ66CA,35,82.32,住家用,鋼筋混凝土造,72年6月30日,四層,二層
RPXNMLKLQHNFFBJ66CA,35,6.06,共用部分,鋼筋混凝土造,72年6月30日,五層,
RPPOMLMJQHNFFBJ58CA,6,89.18,住家用,鋼筋混凝土造,101年8月27日,十五層,二層
RPPOMLMJQHNFFBJ58CA,6,52.47,見其他登記事項,鋼筋混凝土造,101年8月27日,十五層,
RPPOMLMJQHNFFBJ58CA,6,19.86,見其他登記事項,鋼筋混凝土造,101年8月27日,十五層,
RPTQMLLJQHNFFBJ09CA,4,67.61,住家用,鋼筋混凝土造,103年1月27日,十四層,十層
RPTQMLLJQHNFFBJ09CA,4,66.87,見其他登記事項,鋼筋混凝土造,103年1月27日,十四層,
RPTRMLLJQHNFFBJ56CA,23,10.54,共用部分,鋼筋混凝土造,84年4月20日,十九層,
RPTRMLLJQHNFFBJ56CA,23,61.03,商業用,鋼筋混凝土造,84年4月20日,十九層,十層
RPTRMLLJQHNFFBJ56CA,23,1.12,共用部分,鋼筋混凝土造,84年4月20日,十九層,
RPTRMLLJQHNFFBJ56CA,23,4.45,共用部分,鋼筋混凝土造,84年4月20日,十九層,
RPSNMLKLQHNFFBJ78CA,,98.77,住家用,鋼筋混凝土造,107年4月12日,十三層,十二層
RPSNMLKLQHNFFBJ78CA,,73.87,見其他登記事項,鋼筋混凝土造,107年4月12日,十三層,
RPRNMLSJQHNFFBJ66CA,2,181.11,住家用,鋼筋混凝土造,105年1月11日,二十層,十九層
RPRNMLSJQHNFFBJ66CA,2,39.64,見其他登記事項,鋼筋混凝土造,105年1月11日,二十層,
RPRNMLSJQHNFFBJ66CA,2,49.05,見其他登記事項,鋼筋混凝土造,105年1月11日,二十一層,
RPRNMLSJQHNFFBJ66CA,2,79.32,見其他登記事項,鋼筋混凝土造,105年1月11日,二十一層,
RPXNMLMJQHNFFBJ66CA,4,65.01,住家用,鋼筋混凝土造,103年1月28日,十層,六層
RPXNMLMJQHNFFBJ66CA,4,13.84,見其他登記事項,鋼筋混凝土造,103年1月28日,十層,
RPXNMLMJQHNFFBJ66CA,4,43.45,見其他登記事項,鋼筋混凝土造,103年1月28日,十層,
RPRNMLLMPHNFFBJ78CA,,99.31,住家用,鋼筋混凝土造,107年1月11日,十一層,十一層
RPRNMLLMPHNFFBJ78CA,,139.70,見其他登記事項,鋼筋混凝土造,107年1月11日,十一層,
RPTOMLLMPHNFFBJ09CA,12,79.60,住家用,鋼筋混凝土造,95年7月19日,九層,六層
RPTOMLLMPHNFFBJ09CA,12,22.68,共用部分,鋼筋混凝土造,95年7月19日,九層,
RPTOMLLMPHNFFBJ09CA,12,11.42,共用部分,鋼筋混凝土造,95年7月19日,九層,
RPTOMLLMPHNFFBJ09CA,12,.14,見其他登記事項,鋼筋混凝土造,95年7月19日,九層,
RPTOMLLMPHNFFBJ09CA,12,26.99,共用部分,鋼筋混凝土造,95年7月19日,九層,
RPSRMLLJQHNFFBJ09CA,6,102.53,住家用,鋼筋混凝土造,101年10月12日,十五層,十二層
RPSRMLLJQHNFFBJ09CA,6,93.94,見其他登記事項,鋼筋混凝土造,101年10月12日,十五層,
RPSRMLLJQHNFFBJ09CA,6,19.34,見其他登記事項,鋼筋混凝土造,101年10月12日,十五層,
RPXOMLNKQHNFFBJ96CA,17,200.39,住家用,鋼筋混凝土造,90年11月22日,四層,一層 二層 三層 四層
RPTOMLLJQHNFFBJ88CA,1,160.85,住家用,鋼筋混凝土造,107年1月30日,三層,一層 二層 三層 屋頂突出物
RPTOMLLJQHNFFBJ88CA,1,.19,見其他登記事項,鋼筋混凝土造,107年1月30日,一層,
RPSOMLLJQHNFFBJ78CA,2,134.18,住商用,鋼筋混凝土造,107年1月30日,四層,一層 二層 三層 四層
RPSOMLLJQHNFFBJ78CA,2,.19,見其他登記事項,鋼筋混凝土造,107年1月30日,一層,
RPVOMLLJQHNFFBJ09CA,2,157.00,住家用,鋼筋混凝土造,107年1月30日,三層,一層 二層 三層 屋頂突出物
RPVOMLLJQHNFFBJ09CA,2,.19,見其他登記事項,鋼筋混凝土造,107年1月30日,一層,
RPUOMLQJQHNFFBJ86CA,24,83.77,住家用,鋼筋混凝土造,83年3月18日,八層,四層
RPUOMLQJQHNFFBJ86CA,24,10.49,共用部分,鋼筋混凝土造,83年3月18日,八層,
RPUOMLQJQHNFFBJ86CA,24,23.29,共用部分,鋼筋混凝土造,83年3月18日,八層,
RPROMLLJQHNFFBJ68CA,2,137.99,住商用,鋼筋混凝土造,107年1月30日,四層,一層 二層 三層 四層
RPROMLLJQHNFFBJ68CA,2,.19,見其他登記事項,鋼筋混凝土造,107年1月30日,一層,
RPXOMLLJQHNFFBJ66CA,1,137.30,住家用,鋼筋混凝土造,107年1月30日,三層,一層 二層 三層
RPXOMLLJQHNFFBJ66CA,1,.19,見其他登記事項,鋼筋混凝土造,107年1月30日,一層,
RPWOMLLMPHNFFBJ76CA,8,73.41,商業用,鋼筋混凝土造,99年2月8日,十八層,十三層
RPWOMLLMPHNFFBJ76CA,8,60.13,共用部分,鋼筋混凝土造,99年2月8日,十八層,
RPQPMLNJQHNFFBJ88CA,2,84.56,住家用,鋼筋混凝土造,105年9月21日,二十一層,十九層
RPQPMLNJQHNFFBJ88CA,2,77.24,見其他登記事項,鋼筋混凝土造,105年9月21日,二十一層,
RPQPMLNJQHNFFBJ88CA,2,.28,商業用,鋼筋混凝土造,105年9月21日,二十一層,
RPQPMLNJQHNFFBJ88CA,2,.14,見其他登記事項,鋼筋混凝土造,105年9月21日,二十一層,
RPTPMLLJQHNFFBJ98CA,1,156.83,住家用,鋼筋混凝土造,107年1月30日,三層,一層 二層 三層 屋頂突出物
RPTPMLLJQHNFFBJ98CA,1,.19,見其他登記事項,鋼筋混凝土造,107年1月30日,一層,
RPSQMLLJQHNFFBJ98CA,1,139.51,住家用,鋼筋混凝土造,107年1月30日,三層,一層 二層 三層
RPSQMLLJQHNFFBJ98CA,1,.19,見其他登記事項,鋼筋混凝土造,107年1月30日,一層,
RPVPMLLJQHNFFBJ56CA,,137.49,住家用,鋼筋混凝土造,107年1月30日,三層,一層 二層 三層
RPVPMLLJQHNFFBJ56CA,,.19,見其他登記事項,鋼筋混凝土造,107年1月30日,一層,
RPQPMLLJQHNFFBJ68CA,,156.83,住家用,鋼筋混凝土造,107年1月30日,三層,一層 二層 三層 屋頂突出物
RPQPMLLJQHNFFBJ68CA,,.19,見其他登記事項,鋼筋混凝土造,107年1月30日,一層,
RPWPMLLJQHNFFBJ66CA,2,137.29,住家用,鋼筋混凝土造,107年1月30日,三層,二層 三層 一層
RPWPMLLJQHNFFBJ66CA,2,.19,見其他登記事項,鋼筋混凝土造,107年1月30日,一層,
RPVQMLLJQHNFFBJ66CA,1,137.48,住家用,鋼筋混凝土造,107年1月30日,三層,一層 二層 三層
RPVQMLLJQHNFFBJ66CA,1,.19,見其他登記事項,鋼筋混凝土造,107年1月30日,一層,
RPUPMLLJQHNFFBJ09CA,,159.01,住家用,鋼筋混凝土造,107年1月30日,三層,一層 二層 三層 屋頂突出物
RPUPMLLJQHNFFBJ09CA,,.19,見其他登記事項,鋼筋混凝土造,107年1月30日,一層,
RPWQMLLJQHNFFBJ76CA,2,137.30,住家用,鋼筋混凝土造,107年1月30日,三層,一層 二層 三層
RPWQMLLJQHNFFBJ76CA,2,.19,見其他登記事項,鋼筋混凝土造,107年1月30日,一層,
RPPQMLLJQHNFFBJ68CA,2,137.49,住家用,鋼筋混凝土造,107年1月30日,三層,一層 二層 三層
RPPQMLLJQHNFFBJ68CA,2,.19,見其他登記事項,鋼筋混凝土造,107年1月30日,一層,
RPXQMLLJQHNFFBJ86CA,2,139.60,住家用,鋼筋混凝土造,107年1月30日,四層,一層 二層 三層 四層
RPXQMLLJQHNFFBJ86CA,2,.19,見其他登記事項,鋼筋混凝土造,107年1月30日,一層,
RPPRMLLJQHNFFBJ78CA,2,147.95,住家用,鋼筋混凝土造,107年1月30日,三層,一層 二層 三層
RPPRMLLJQHNFFBJ78CA,2,.19,見其他登記事項,鋼筋混凝土造,107年1月30日,一層,
RPORMLLJQHNFFBJ68CA,1,137.30,住家用,鋼筋混凝土造,107年1月30日,三層,一層 二層 三層
RPORMLLJQHNFFBJ68CA,1,.19,見其他登記事項,鋼筋混凝土造,107年1月30日,一層,
RPRPMLKKQHNFFBJ78CA,4,51.62,住家用,鋼筋混凝土造,103年1月28日,十層,五層
RPRPMLKKQHNFFBJ78CA,4,10.96,見其他登記事項,鋼筋混凝土造,103年1月28日,十層,
RPRPMLKKQHNFFBJ78CA,4,10.79,見其他登記事項,鋼筋混凝土造,103年1月28日,十層,
RPTOMLLJQHNFFCJ98CA,3,89.51,見其他登記事項,鋼筋混凝土造,104年3月25日,十五層,八層
RPTOMLLJQHNFFCJ98CA,3,.02,見其他登記事項,鋼筋混凝土造,104年3月25日,十四層,
RPTOMLLJQHNFFCJ98CA,3,40.61,共有部份,鋼筋混凝土造,104年3月25日,十五層,
RPTOMLLJQHNFFCJ98CA,3,.00,共有部份,鋼筋混凝土造,104年3月25日,十四層,
RPTOMLLJQHNFFCJ98CA,3,27.80,共有部份,鋼筋混凝土造,104年3月25日,十五層,
RPQNMLMKQHNFFCJ78CA,25,183.56,住家用,鋼筋混凝土造,82年3月20日,四層,一層 二層 三層 四層
RPSNMLQJQHNFFCJ66CA,27,77.39,住家用,鋼筋混凝土造,80年12月13日,七層,三層
RPSNMLQJQHNFFCJ66CA,27,24.29,共有部份,鋼筋混凝土造,80年12月13日,七層,
RPRNMLQJQHNFFDJ66CA,,51.91,見其他登記事項,鋼筋混凝土造,107年2月13日,七層,四層
RPRNMLQJQHNFFDJ66CA,,10.34,見其他登記事項,鋼筋混凝土造,107年2月13日,七層,
RPRNMLQJQHNFFDJ66CA,,17.14,見其他登記事項,鋼筋混凝土造,107年2月13日,七層,
RPSOMLRKQHNFFBJ86CA,6,107.23,商業用,鋼筋混凝土造,101年1月11日,六層,一層
RPSOMLRKQHNFFBJ86CA,6,13.03,見其他登記事項,鋼筋混凝土造,101年1月11日,六層,
RPSOMLRKQHNFFBJ86CA,6,.17,見其他登記事項,鋼筋混凝土造,101年1月11日,六層,
RPSOMLRKQHNFFBJ86CA,6,47.60,見其他登記事項,鋼筋混凝土造,101年1月11日,六層,
RPQPMLLJQHNFFCJ78CA,38,86.40,住家用,鋼筋混凝土造,69年1月14日,二層,一層 二層
RPQNMLQJQHNFFDJ56CA,,28.18,見其他登記事項,鋼筋混凝土造,107年2月13日,七層,四層
RPQNMLQJQHNFFDJ56CA,,28.18,見其他登記事項,鋼筋混凝土造,107年2月13日,七層,四層
RPQNMLQJQHNFFDJ56CA,,9.26,見其他登記事項,鋼筋混凝土造,107年2月13日,七層,
RPQNMLQJQHNFFDJ56CA,,5.26,見其他登記事項,鋼筋混凝土造,107年2月13日,七層,
RPQNMLQJQHNFFDJ56CA,,9.26,見其他登記事項,鋼筋混凝土造,107年2月13日,七層,
RPQNMLQJQHNFFDJ56CA,,5.26,見其他登記事項,鋼筋混凝土造,107年2月13日,七層,
RPSNMLQJQHNFFDJ76CA,,29.86,見其他登記事項,鋼筋混凝土造,107年2月13日,七層,三層
RPSNMLQJQHNFFDJ76CA,,5.69,見其他登記事項,鋼筋混凝土造,107年2月13日,七層,
RPSNMLQJQHNFFDJ76CA,,29.86,見其他登記事項,鋼筋混凝土造,107年2月13日,七層,三層
RPSNMLQJQHNFFDJ76CA,,9.41,見其他登記事項,鋼筋混凝土造,107年2月13日,七層,
RPSNMLQJQHNFFDJ76CA,,5.69,見其他登記事項,鋼筋混凝土造,107年2月13日,七層,
RPSNMLQJQHNFFDJ76CA,,9.41,見其他登記事項,鋼筋混凝土造,107年2月13日,七層,
RPXOMLQJQHNFFDJ37CA,3,334.71,見其他登記事項,鋼筋混凝土造,104年6月26日,四層,一層 二層 三層 四層 屋頂突出物
RPVNMLQJQHNFFDJ07CA,1,58.69,見其他登記事項,鋼筋混凝土造,106年10月20日,七層,七層
RPVNMLQJQHNFFDJ07CA,1,10.62,見其他登記事項,鋼筋混凝土造,106年10月20日,七層,
RPVNMLQJQHNFFDJ07CA,1,18.56,見其他登記事項,鋼筋混凝土造,106年10月20日,七層,
RPTNMLLJQHNFFDJ09DA,47,109.23,住家用,加強磚造,60年6月1日,二層,一層 二層 騎樓
RPVNMLKKQHNFFDJ56CA,25,22.91,共有部份,鋼筋混凝土造,82年11月3日,七層,
RPVNMLKKQHNFFDJ56CA,25,133.28,住商用,鋼筋混凝土造,82年11月3日,七層,一層 地下層
RPVNMLKKQHNFFDJ56CA,25,18.26,共有部份,鋼筋混凝土造,82年11月3日,七層,
RPUNMLKKQHNFFDJ09CA,36,105.32,住家用,加強磚造,70年12月28日,三層,一層 二層 三層 騎樓
SPVNMLKKQHNFFDJ66CA,25,89.34,住商用,鋼筋混凝土造,82年11月3日,七層,一層 地下層
SPVNMLKKQHNFFDJ66CA,25,14.51,共有部份,鋼筋混凝土造,82年11月3日,七層,
SPVNMLKKQHNFFDJ66CA,25,12.09,共有部份,鋼筋混凝土造,82年11月3日,七層,
RPQNMLTJQHNFFDJ86CA,26,218.35,住家用,鋼筋混凝土造,81年5月5日,四層,一層 二層 三層 四層
RPSNMLOKQHNFFDJ66CA,38,86.80,住家用,加強磚造,69年6月18日,二層,一層 二層
