﻿鄉鎮市區,交易標的,土地區段位置/建物區段門牌,土地移轉總面積(平方公尺),都市土地使用分區,非都市土地使用分區,非都市土地使用編定,交易年月日,交易筆棟數,移轉層次,總樓層數,建物型態,主要用途,主要建材,建築完成年月,建物移轉總面積(平方公尺),建物現況格局-房,建物現況格局-廳,建物現況格局-衛,建物現況格局-隔間,有無管理組織,總價(元),單價(元/平方公尺),車位類別,車位移轉總面積(平方公尺),車位總價(元),備註,編號
The villages and towns urban district,transaction sign,land sector position/building sector house number plate,land shifting total area (square meter),the use zoning or compiles and checks,the non-metropolis land use district,non-metropolis land use,transaction year, month and day,transaction pen number,shifting level,total floor number,building state,main use,main building materials,construction to complete the years,building shifting total area,Building present situation pattern - room,building present situation pattern - hall,building present situation pattern - health,building present situation pattern - compartmented,Whether there is manages the organization,total price (Yuan),the unit price (a Yuan/square meter),the berth category,berth shifting total area (square meter),the berth total price (Yuan),the note,serial number
竹北市,房地(土地+建物)+車位,新竹縣竹北市科大二街1~30號,29.52,住,,,1070615,土地1建物1車位1,四層,十四層,住宅大樓(11層含以上有電梯),住家用,鋼筋混凝土造,1030722,152.87,3,2,2,有,有,9600000,62798,坡道平面,29.77,0,,RPWOMLOLPHNFFBJ96CA
竹北市,房地(土地+建物)+車位,新竹縣竹北市隘口五街1~30號,31.49,住,,,1070531,土地1建物1車位1,八層,十二層,住宅大樓(11層含以上有電梯),住家用,鋼筋混凝土造,1000701,167.99,3,2,2,有,有,13120000,78100,坡道平面,0.0,0,,RPPPMLOLPHNFFBJ98CA
竹北市,房地(土地+建物)+車位,新竹縣竹北市新溪街1~30號,26.83,住,,,1070624,土地1建物1車位1,三層,十二層,住宅大樓(11層含以上有電梯),住家用,鋼筋混凝土造,1050408,163.16,3,2,2,有,無,9180000,56264,坡道平面,30.02,0,,RPQNMLPLPHNFFBJ98CA
竹北市,房地(土地+建物)+車位,新竹縣竹北市勝利十一路241~270號,8.53,商,,,1070601,土地1建物1車位1,六層,二十三層,住宅大樓(11層含以上有電梯),住家用,鋼筋混凝土造,1051101,122.35,2,1,1,有,有,7300000,67158,坡道平面,30.03,1100000,,RPPOMLPLPHNFFBJ98CA
竹北市,房地(土地+建物)+車位,新竹縣竹北市勝利十一路241~270號,8.53,商,,,1070524,土地1建物1車位1,七層,二十三層,住宅大樓(11層含以上有電梯),住家用,鋼筋混凝土造,1051101,122.35,2,1,1,有,有,6950000,61200,坡道平面,30.03,1300000,,RPROMLPLPHNFFBJ56CA
竹北市,房地(土地+建物)+車位,新竹縣竹北市勝利十一路241~270號,8.53,商,,,1070607,土地1建物1車位1,九層,二十三層,住宅大樓(11層含以上有電梯),住家用,鋼筋混凝土造,1051101,122.35,2,1,1,有,有,7630000,69649,坡道平面,30.03,1200000,,RPUPMLPLPHNFFBJ96CA
新埔鎮,房地(土地+建物),新竹縣新埔鎮義民路二段380巷301~330號,71.05,,山坡地保育區,丙種建築用地,1070615,土地1建物1車位0,全,四層,透天厝,見使用執照,鋼筋混凝土造,0840623,161.7,5,2,4,有,無,3000000,18553,,0.0,0,,RPOSMLPLPHNFFBJ66CA
竹北市,房地(土地+建物)+車位,新竹縣竹北市聯興三街136巷51弄61~90號,68.9,,特定農業區,農牧用地,1070611,土地6建物1車位1,二層,八層,華廈(10層含以下有電梯),住家用,鋼筋混凝土造,1040717,159.54,3,2,2,有,有,7880000,49392,一樓平面,0.0,0,,RPQOMLOLPHNFFBJ98CA
竹北市,房地(土地+建物)+車位,新竹縣竹北市六家五路二段181~210號,32.6,住,,,1070613,土地1建物1車位2,十八層,二十四層,住宅大樓(11層含以上有電梯),住家用,鋼筋混凝土造,1010328,229.39999999999998,4,2,2,有,有,12960000,56495,坡道平面,0.0,2000000,含增建或未登記建物。,RPXQMLQLPHNFFBJ47CA
竹北市,房地(土地+建物)+車位,新竹縣竹北市文采街151~180號,25.54,住,,,1070622,土地1建物1車位1,五層,八層,華廈(10層含以下有電梯),住家用,鋼筋混凝土造,0940714,143.95999999999998,3,2,2,有,有,8000000,55571,坡道平面,0.0,0,含增建或未登記建物。,RPPSMLQLPHNFFBJ86CA
竹北市,房地(土地+建物)+車位,新竹縣竹北市文興路181~210號,20.55,商,,,1070428,土地1建物1車位2,七層,十九層,住宅大樓(11層含以上有電梯),住家用,鋼筋混凝土造,1050622,234.79000000000002,3,2,2,有,有,12600000,62844,坡道平面,69.3,2200000,,RPRSMLQLPHNFFBJ07CA
竹北市,房地(土地+建物),新竹縣竹北市福興東路一段271~300號,139.09,住,,,1070331,土地1建物1車位0,全,三層,透天厝,住家用,加強磚造,0670201,214.5,4,1,3,有,無,26000000,121212,,0.0,0,,RPPQMLKMPHNFFBJ78CA
竹北市,房地(土地+建物),新竹縣竹北市文義街121~150號,9.72,住,,,1070612,土地1建物1車位0,四層,七層,套房(1房1廳1衛),商業用,鋼筋混凝土造,0950821,42.370000000000005,1,1,1,有,有,2900000,68445,,0.0,0,,RPQNMLLMPHNFFBJ68CA
竹北市,房地(土地+建物),新竹縣竹北市中山路52巷3弄1~30號,75.0,住,,,1070611,土地1建物1車位0,全,三層,透天厝,住家用,加強磚造,,183.8,4,2,3,有,無,9020000,49075,,0.0,0,,RPPNMLNJQHNFFBJ58CA
竹北市,房地(土地+建物)+車位,新竹縣竹北市莊敬三路151~180號,21.46,商,,,1070508,土地1建物1車位3,二十一層,三十二層,住宅大樓(11層含以上有電梯),住家用,鋼骨鋼筋混凝土造,1040731,343.47,4,2,3,有,有,21290000,68142,坡道平面,75.06,3000000,,RPSPMLNJQHNFFBJ09CA
竹北市,房地(土地+建物)+車位,新竹縣竹北市莊敬三路151~180號,21.85,商,,,1070602,土地1建物1車位2,二十六層,三十二層,住宅大樓(11層含以上有電梯),住家用,鋼骨鋼筋混凝土造,1040731,329.72,4,2,3,有,有,22350000,69186,坡道平面,50.04,3000000,,RPTPMLNJQHNFFBJ56CA
竹北市,車位,新竹縣竹北市六家五路二段181~210號,2.1,住,,,1070626,土地0建物0車位1,一層,二十四層,其他,商業用,鋼筋混凝土造,1010328,31.669999999999998,0,0,0,有,有,500000,,坡道平面,0.0,500000,,RPUQMLRJQHNFFBJ17CA
竹北市,房地(土地+建物)+車位,新竹縣竹北市勝利八街一段391~420號,11.66,商,,,1050614,土地1建物1車位1,十六層,二十九層,住宅大樓(11層含以上有電梯),住家用,鋼筋混凝土造,1070418,137.05,3,2,1,有,有,8880000,68070,坡道平面,24.96,1250000,,RPTRMLSJQHNFFBJ27CA
竹北市,房地(土地+建物)+車位,新竹縣竹北市勝利八街一段391~420號,11.66,商,,,1070328,土地1建物1車位1,十八層,二十九層,住宅大樓(11層含以上有電梯),住家用,鋼筋混凝土造,1070418,137.05,3,2,1,有,有,9500000,73602,坡道平面,24.96,1250000,,RPURMLSJQHNFFBJ37CA
竹北市,房地(土地+建物)+車位,新竹縣竹北市勝利八街一段391~420號,11.58,商,,,1060805,土地1建物1車位1,二十三層,二十九層,住宅大樓(11層含以上有電梯),住家用,鋼筋混凝土造,1070418,136.49,3,2,1,有,有,9290000,70743,坡道平面,24.96,1400000,,RPVRMLSJQHNFFBJ47CA
竹北市,房地(土地+建物)+車位,新竹縣竹北市勝利八街一段391~420號,11.66,商,,,1060925,土地1建物1車位1,二十六層,二十九層,住宅大樓(11層含以上有電梯),住家用,鋼筋混凝土造,1070418,137.05,3,2,1,有,有,9150000,71371,坡道平面,24.96,1150000,,RPWRMLSJQHNFFBJ57CA
竹北市,房地(土地+建物)+車位,新竹縣竹北市勝利八街一段391~420號,11.66,商,,,1050625,土地1建物1車位1,二十八層,二十九層,住宅大樓(11層含以上有電梯),住家用,鋼筋混凝土造,1070418,137.05,3,2,1,有,有,9150000,70479,坡道平面,24.96,1250000,,RPXRMLSJQHNFFBJ67CA
竹北市,房地(土地+建物)+車位,新竹縣竹北市勝利八街一段391~420號,11.58,商,,,1061013,土地1建物1車位1,二十九層,二十九層,住宅大樓(11層含以上有電梯),住家用,鋼筋混凝土造,1070418,136.49,3,2,1,有,有,9050000,70833,坡道平面,24.96,1150000,,RPOSMLSJQHNFFBJ86CA
竹北市,房地(土地+建物)+車位,新竹縣竹北市勝利八街一段391~420號,10.32,商,,,1070115,土地1建物1車位1,二層,二十九層,住宅大樓(11層含以上有電梯),住家用,鋼筋混凝土造,1070418,124.47,2,1,1,有,有,8380000,72154,坡道平面,24.96,1200000,,RPQNMLTJQHNFFBJ66CA
竹北市,房地(土地+建物)+車位,新竹縣竹北市勝利八街一段391~420號,9.79,商,,,1040916,土地1建物1車位1,三層,二十九層,住宅大樓(11層含以上有電梯),住家用,鋼筋混凝土造,1070418,119.19,2,1,1,有,有,7500000,67388,坡道平面,24.96,1150000,,RPSNMLTJQHNFFBJ86CA
竹北市,房地(土地+建物)+車位,新竹縣竹北市勝利八街一段391~420號,9.79,商,,,1060118,土地1建物1車位1,九層,二十九層,住宅大樓(11層含以上有電梯),住家用,鋼筋混凝土造,1070418,119.19,2,1,1,有,有,7850000,68450,坡道平面,24.96,1400000,,RPTNMLTJQHNFFBJ96CA
竹北市,房地(土地+建物)+車位,新竹縣竹北市勝利八街一段391~420號,9.79,商,,,1050619,土地1建物1車位1,十六層,二十九層,住宅大樓(11層含以上有電梯),住家用,鋼筋混凝土造,1070418,119.01,2,1,1,有,有,7750000,70175,坡道平面,24.96,1150000,,RPUNMLTJQHNFFBJ07CA
竹北市,房地(土地+建物)+車位,新竹縣竹北市勝利八街一段391~420號,9.79,商,,,1060217,土地1建物1車位1,十九層,二十九層,住宅大樓(11層含以上有電梯),住家用,鋼筋混凝土造,1070418,119.01,2,1,1,有,有,7870000,71451,坡道平面,24.96,1150000,,RPVNMLTJQHNFFBJ17CA
竹北市,房地(土地+建物)+車位,新竹縣竹北市勝利八街一段391~420號,9.79,商,,,1060415,土地1建物1車位1,二十一層,二十九層,住宅大樓(11層含以上有電梯),住家用,鋼筋混凝土造,1070418,119.01,2,1,1,有,有,8010000,71345,坡道平面,24.96,1300000,,RPOOMLTJQHNFFBJ56CA
竹北市,房地(土地+建物)+車位,新竹縣竹北市復興二路61~90號,18.14,住,,,1070628,土地1建物1車位1,二層,十三層,住宅大樓(11層含以上有電梯),住家用,鋼筋混凝土造,1001222,128.88,2,2,1,有,有,8500000,65953,坡道平面,37.68,0,,RPQNMLMKQHNFFBJ68CA
竹北市,房地(土地+建物)+車位,新竹縣竹北市勝利八街一段391~420號,9.79,商,,,1070307,土地1建物1車位1,二十層,二十九層,住宅大樓(11層含以上有電梯),住家用,鋼筋混凝土造,1070418,119.01,2,1,1,有,有,8250000,69322,坡道平面,24.96,0,,RPQPMLOKQHNFFBJ09CA
關西鎮,房地(土地+建物)+車位,新竹縣關西鎮中山東路1~30號,19.42,商,,,1070623,土地1建物1車位1,十四層,十五層,住宅大樓(11層含以上有電梯),住家用,鋼筋混凝土造,1061226,177.57,3,2,2,有,有,8760000,55257,坡道平面,32.61,750000,,RPOOMLLLQHNFFBJ58CA
竹北市,房地(土地+建物)+車位,新竹縣竹北市竹北市中央路211~240號,19.67,住,,,1061109,土地1建物1車位1,十四層,十四層,住宅大樓(11層含以上有電梯),住家用,鋼筋混凝土造,1060920,112.93,2,2,1,有,有,6770000,61513,升降機械,16.69,850000,,RPTOMLLLQHNFFBJ09CA
竹北市,房地(土地+建物)+車位,新竹縣竹北市竹北市中央路211~240號,19.67,住,,,1061109,土地1建物1車位1,十三層,十四層,住宅大樓(11層含以上有電梯),住家用,鋼筋混凝土造,1060920,112.93,2,2,1,有,有,6670000,62552,升降機械,16.69,650000,,RPUOMLLLQHNFFBJ56CA
竹東鎮,房地(土地+建物),新竹縣竹東鎮忠孝街12巷1~30號,163.42,住,,,1070530,土地3建物1車位0,全,四層,透天厝,住家用,鋼筋混凝土造,0921001,241.52,6,2,4,有,無,9500000,39334,,0.0,0,,RPWNMLRLPHNFFCJ27CA
竹東鎮,土地,頭重埔段241~270地號,189.17,其他,,,1070608,土地2建物0車位0,,,其他,,,,0.0,0,0,0,有,無,1660000,8775,,0.0,0,,RPPNMLOLPHNFFCJ88CA
竹東鎮,房地(土地+建物),新竹縣竹東鎮中興路二段318巷32弄1~30號,8.8,住,,,1070614,土地2建物1車位0,八層,十一層,套房(1房1廳1衛),住家用,鋼筋混凝土造,0821214,45.32000000000001,1,1,1,有,有,950000,20962,,0.0,0,,RPOOMLLJQHNFFCJ48CA
竹東鎮,房地(土地+建物)+車位,新竹縣竹東鎮和江街156巷1~30號,13.78,商,,,1070625,土地1建物1車位1,六層,八層,華廈(10層含以下有電梯),住家用,鋼筋混凝土造,0850506,116.41999999999999,3,2,2,有,無,3100000,26628,坡道平面,0.0,0,,RPROMLLJQHNFFCJ78CA
芎林鄉,土地,竹林段1051~1080地號,775.34,,特定農業區,農牧用地,1070622,土地1建物0車位0,,,其他,,,,0.0,0,0,0,有,無,7768906,10020,,0.0,0,親友間買買,RPQOMLMJQHNFFCJ78CA
橫山鄉,土地,新庄段241~270地號,333.23,,特定農業區,農牧用地,1070705,土地1建物0車位0,,,其他,,,,0.0,0,0,0,有,無,2400000,7202,,0.0,0,,RPPNMLPJQHNFFCJ88CA
寶山鄉,土地,雙高段721~750地號,2148.79,,山坡地保育區,農牧用地,1070709,土地3建物0車位0,,,其他,,,,0.0,0,0,0,有,無,16250000,7562,,0.0,0,,RPVNMLPKQHNFFCJ96CA
竹東鎮,房地(土地+建物),新竹縣竹東鎮長春路三段229巷1~30號,94.5,住,,,1070702,土地2建物1車位0,三層,五層,公寓(5樓含以下無電梯),住家用,鋼筋混凝土造,0981207,289.48,3,2,2,有,無,3000000,10363,,0.0,0,,RPSNMLMLQHNFFCJ09CA
湖口鄉,土地,東湖段271~300地號,247.2,其他,,,1070709,土地2建物0車位0,,,其他,,,,0.0,0,0,0,有,無,1320000,5340,,0.0,0,本件買賣為湖口鄉都市計畫公共設施保留地（道路用地、部份道路用地部份人行步道用地）之買賣。,RPXNMLNLPHNFFDJ07CA
新豐鄉,土地,文昌段91~120地號,526.61,其他,,,1070713,土地1建物0車位0,,,其他,,,,0.0,0,0,0,有,無,6120000,11622,,0.0,0,,RPXOMLNLPHNFFDJ17CA
新豐鄉,房地(土地+建物),新竹縣新豐鄉福陽三街31~60號,74.45,,鄉村區,乙種建築用地,1070607,土地1建物1車位0,全,四層,透天厝,見其他登記事項,鋼筋混凝土造,1070322,208.85,6,2,4,有,無,12300000,58894,,0.0,0,,RPOPMLNLPHNFFDJ98CA
湖口鄉,房地(土地+建物),新竹縣湖口鄉新生路1~30號,15.67,,工業區,丁種建築用地,1070318,土地1建物1車位0,五層,五層,華廈(10層含以下有電梯),見其他登記事項,鋼筋混凝土造,1070126,69.92,2,1,2,有,無,3650000,52203,,0.0,0,,RPQPMLNLPHNFFDJ56CA
新豐鄉,房地(土地+建物),新竹縣新豐鄉中崙301~330號,28.74,,特定農業區,甲種建築用地,1070612,土地1建物1車位0,五層,七層,華廈(10層含以下有電梯),住家用,鋼筋混凝土造,0860804,96.50999999999999,2,1,1,有,有,2400000,24868,,0.0,0,地下第一層平面汽車停車位編號52號,RPRNMLPLPHNFFDJ66CA
湖口鄉,土地,汶山段211~240地號,224.73,,特定農業區,甲種建築用地,1070713,土地1建物0車位0,,,其他,,,,0.0,0,0,0,有,無,8293682,36905,,0.0,0,,RPSNMLQLPHNFFDJ86CA
湖口鄉,房地(土地+建物),新竹縣湖口鄉三元路二段31~60號,24.62,,特定農業區,甲種建築用地,1070630,土地1建物1車位0,四層,五層,華廈(10層含以下有電梯),住家用,鋼筋混凝土造,0850926,84.36000000000001,4,2,2,有,無,2580000,30583,,0.0,0,,RPPNMLRLPHNFFDJ66CA
新豐鄉,房地(土地+建物),新竹縣新豐鄉員山121~150號,134.31,,山坡地保育區,丙種建築用地,1070614,土地2建物1車位0,全,四層,透天厝,見其他登記事項,鋼筋混凝土造,0960131,272.61,5,2,5,有,有,8350000,30630,,0.0,0,,RPPOMLQJQHNFFDJ56CA
湖口鄉,房地(土地+建物),新竹縣湖口鄉大智路2巷1~30號,20.91,,工業區,丁種建築用地,1070601,土地1建物1車位0,三層,六層,華廈(10層含以下有電梯),住家用,鋼筋混凝土造,0930410,105.71,3,2,2,有,有,4000000,37839,,0.0,0,,RPROMLQJQHNFFDJ76CA
湖口鄉,房地(土地+建物)+車位,新竹縣湖口鄉吉祥街82巷1~30號,19.44,,工業區,丁種建築用地,1070618,土地1建物1車位1,四層,五層,華廈(10層含以下有電梯),見其他登記事項,鋼筋混凝土造,1040105,84.44,3,2,2,有,有,4150000,49147,坡道機械,4.94,0,,RPRNMLSJQHNFFDJ86CA
湖口鄉,房地(土地+建物),新竹縣湖口鄉千禧路43巷21弄1~30號,41.56,,鄉村區,乙種建築用地,1070617,土地1建物1車位0,四層,五層,公寓(5樓含以下無電梯),住家用,鋼筋混凝土造,0890730,123.53,3,2,2,有,無,3100000,25095,,0.0,0,,RPPPMLQJQHNFFDJ66CA
新豐鄉,房地(土地+建物),新竹縣新豐鄉中崙91~120號,84.38,,特定農業區,甲種建築用地,1070428,土地2建物1車位0,全,四層,透天厝,住家用,鋼筋混凝土造,0880915,189.15,4,2,3,有,無,3430000,18134,,0.0,0,,RPPNMLMKQHNFFDJ78CA
新豐鄉,房地(土地+建物)+車位,新竹縣新豐鄉中崙271~300號,30.27,,特定農業區,甲種建築用地,1070628,土地1建物1車位1,一層,五層,公寓(5樓含以下無電梯),住家用,鋼筋混凝土造,0850711,115.98,3,1,2,有,有,2500000,21555,坡道平面,0.0,0,,RPPNMLOKQHNFFDJ98CA
新埔鎮,土地,三聖段361~390地號,1134.89,,山坡地保育區,農牧用地,1070703,土地1建物0車位0,,,其他,,,,0.0,0,0,0,有,無,5150000,4538,,0.0,0,,RPUNMLOLPHNFFBJ76DA
湖口鄉,房地(土地+建物),新竹縣湖口鄉成功路928巷80弄1~30號,179.2,,特定農業區,甲種建築用地,1070604,土地4建物1車位0,全,三層,透天厝,見其他登記事項,鋼筋混凝土造,1050608,214.26,3,2,3,有,無,11000000,51339,,0.0,0,,RPXNMLOLPHNFFDJ27DA
五峰鄉,土地,大隘段751~780地號,137.0,,山坡地保育區,農牧用地,1070530,土地1建物0車位0,,,其他,,,,0.0,0,0,0,有,無,50000,365,,0.0,0,,RPRNMLPLPHNFFCJ76EA
湖口鄉,房地(土地+建物),新竹縣湖口鄉達生一街91~120號,142.45,住,,,1070612,土地1建物1車位0,全,四層,透天厝,見其他登記事項,鋼筋混凝土造,1030901,284.12,5,2,6,有,無,19000000,66873,,0.0,0,,RPTPMLQJQHNFFDJ07CA
竹東鎮,土地,上坪段31~60地號,276.0,,山坡地保育區,丙種建築用地,1070309,土地1建物0車位0,,,其他,,,,0.0,0,0,0,有,無,1336000,4841,,0.0,0,,RPOQMLKLQHNFFCJ78CA
新豐鄉,房地(土地+建物),新竹縣新豐鄉忠信街176巷2弄31~60號,80.4,,山坡地保育區,丙種建築用地,1070616,土地1建物1車位0,全,三層,透天厝,住家用,鋼筋混凝土造,0870924,207.57,4,3,3,有,有,6300000,30351,,0.0,0,,RPTNMLQLPHNFFDJ96CA
湖口鄉,房地(土地+建物),新竹縣湖口鄉龍江街1~30號,139.54,住,,,1070704,土地1建物1車位0,全,二層,透天厝,住商用,加強磚造,,159.65,8,2,3,有,無,4598348,28803,,0.0,0,,RPOOMLPLPHNFFDJ09CA
湖口鄉,房地(土地+建物),新竹縣湖口鄉溪南一街9巷1~30號,97.13,住,,,1070424,土地2建物1車位0,全,四層,透天厝,見其他登記事項,鋼筋混凝土造,1040819,232.01,5,2,4,有,無,12880000,55515,,0.0,0,,RPSNMLRLPHNFFDJ96CA
湖口鄉,房地(土地+建物),新竹縣湖口鄉新生路91~120號,20.46,,工業區,丁種建築用地,1070626,土地1建物1車位0,五層,五層,華廈(10層含以下有電梯),住家用,鋼筋混凝土造,1061219,75.63,3,2,2,有,有,4350000,57517,,0.0,0,,RPVNMLOLPHNFFDJ96CA
湖口鄉,土地,長嶺段871~900地號,2513.0,,特定農業區,農牧用地,1070620,土地1建物0車位0,,,其他,,,,0.0,0,0,0,有,無,9000000,3581,,0.0,0,,RPWNMLOLPHNFFDJ07CA
寶山鄉,房地(土地+建物),新竹縣寶山鄉明湖五街7巷1~30號,225.15,住,,,1070424,土地7建物1車位0,全,四層,透天厝,住家用,鋼筋混凝土造,0811027,300.17,4,3,3,有,無,9300000,30982,,0.0,0,,RPPNMLNKQHNFFCJ78CA
竹東鎮,房地(土地+建物)+車位,新竹縣竹東鎮光明路126巷65弄1~30號,23.94,其他,,,1070618,土地2建物1車位1,三層,十四層,住宅大樓(11層含以上有電梯),見其他登記事項,鋼筋混凝土造,1040713,152.01999999999998,0,0,2,無,有,6500000,42758,坡道平面,0.0,0,,RPSNMLMJQHNFFCJ88CA
芎林鄉,房地(土地+建物),新竹縣芎林鄉文德路91~120號,64.18,住,,,1070614,土地1建物1車位0,全,四層,透天厝,住商用,鋼筋混凝土造,0981020,207.0,5,3,5,有,無,14800000,71498,,0.0,0,,RPXNMLNJQHNFFCJ86CA
竹東鎮,房地(土地+建物),新竹縣竹東鎮中豐路二段121~150號,150.95,住,,,1070503,土地3建物1車位0,全,四層,透天厝,住商用,鋼筋混凝土造,1030705,504.03000000000003,4,2,6,有,有,26000000,51584,,0.0,0,※住商用,RPUNMLPLPHNFFCJ86CA
五峰鄉,土地,大隘段1441~1470地號,1348.33,,山坡地保育區,林業用地,1070716,土地1建物0車位0,,,其他,,,,0.0,0,0,0,有,無,120000,89,,0.0,0,,RPTNMLKMPHNFFCJ98CA
竹東鎮,房地(土地+建物)+車位,新竹縣竹東鎮東峰路279巷1~30號,78.2,住,,,1070623,土地2建物1車位1,二層,四層,公寓(5樓含以下無電梯),住家用,鋼筋混凝土造,0831224,159.4,3,2,2,有,有,4800000,30113,坡道平面,0.0,0,,RPXNMLRLPHNFFCJ37CA
竹東鎮,房地(土地+建物),新竹縣竹東鎮中豐路三段45巷1~30號,55.0,住,,,1070712,土地1建物1車位0,全,二層,透天厝,住家用,加強磚造,,92.4,3,2,1,有,無,4080000,44156,,0.0,0,,RPRNMLQLPHNFFCJ66CA
竹北市,房地(土地+建物)+車位,新竹縣竹北市興隆路一段391~420號,40.63,住,,,1070528,土地1建物1車位2,二層,十四層,住宅大樓(11層含以上有電梯),住家用,鋼筋混凝土造,1010531,267.47,3,2,2,有,有,18800000,70288,坡道平面,0.0,0,,RPUPMLQKQHNFFBJ07CA
竹北市,房地(土地+建物)+車位,新竹縣竹北市勝利八街一段391~420號,15.12,商,,,1070329,土地1建物1車位1,六層,二十九層,住宅大樓(11層含以上有電梯),住家用,鋼筋混凝土造,1070418,170.64,3,2,2,有,有,11050000,66241,坡道平面,24.96,1400000,,RPPOMLTJQHNFFBJ66CA
竹北市,房地(土地+建物)+車位,新竹縣竹北市勝利八街一段391~420號,14.74,商,,,1040819,土地1建物1車位1,七層,二十九層,住宅大樓(11層含以上有電梯),住家用,鋼筋混凝土造,1070418,166.69,3,2,2,有,有,11650000,71968,坡道平面,24.96,1450000,,RPQOMLTJQHNFFBJ76CA
竹北市,房地(土地+建物)+車位,新竹縣竹北市勝利八街一段391~420號,15.12,商,,,1060626,土地1建物1車位1,十六層,二十九層,住宅大樓(11層含以上有電梯),住家用,鋼筋混凝土造,1070418,170.64,3,2,2,有,有,11220000,69124,坡道平面,24.96,1150000,,RPROMLTJQHNFFBJ86CA
竹北市,房地(土地+建物)+車位,新竹縣竹北市勝利八街一段391~420號,14.74,商,,,1060809,土地1建物1車位1,二十一層,二十九層,住宅大樓(11層含以上有電梯),住家用,鋼筋混凝土造,1070418,166.69,3,2,2,有,有,10800000,67382,坡道平面,24.96,1250000,,RPSOMLTJQHNFFBJ96CA
竹北市,房地(土地+建物)+車位,新竹縣竹北市勝利八街一段391~420號,15.12,商,,,1070204,土地1建物1車位1,二十四層,二十九層,住宅大樓(11層含以上有電梯),住家用,鋼筋混凝土造,1070418,170.64,3,2,2,有,有,11310000,69742,坡道平面,24.96,1150000,,RPUOMLTJQHNFFBJ17CA
竹北市,房地(土地+建物)+車位,新竹縣竹北市勝利八街一段391~420號,14.48,商,,,1050608,土地1建物1車位1,二十七層,二十九層,住宅大樓(11層含以上有電梯),住家用,鋼筋混凝土造,1070418,164.17000000000002,3,2,2,有,有,11800000,73989,坡道平面,24.96,1500000,,RPOPMLTJQHNFFBJ66CA
竹北市,房地(土地+建物)+車位,新竹縣竹北市勝利八街一段391~420號,15.31,商,,,1060811,土地1建物1車位1,四層,二十九層,住宅大樓(11層含以上有電梯),住家用,鋼筋混凝土造,1070418,172.2,3,2,2,有,有,11050000,66218,坡道平面,24.96,1300000,,RPPPMLTJQHNFFBJ76CA
竹北市,房地(土地+建物)+車位,新竹縣竹北市勝利八街一段391~420號,15.08,商,,,1050504,土地1建物1車位1,七層,二十九層,住宅大樓(11層含以上有電梯),住家用,鋼筋混凝土造,1070418,169.98000000000002,3,2,2,有,有,10750000,65508,坡道平面,24.96,1250000,,RPQPMLTJQHNFFBJ86CA
竹北市,房地(土地+建物)+車位,新竹縣竹北市勝利八街一段391~420號,15.54,商,,,1060807,土地1建物1車位1,十六層,二十九層,住宅大樓(11層含以上有電梯),住家用,鋼筋混凝土造,1070418,174.46,3,2,2,有,有,11600000,68227,坡道平面,24.96,1400000,,RPRPMLTJQHNFFBJ96CA
竹北市,房地(土地+建物)+車位,新竹縣竹北市勝利八街一段391~420號,15.54,商,,,1060903,土地1建物1車位1,二十二層,二十九層,住宅大樓(11層含以上有電梯),住家用,鋼筋混凝土造,1070418,174.69,3,2,2,有,有,11370000,68256,坡道平面,24.96,1150000,,RPSPMLTJQHNFFBJ07CA
竹北市,房地(土地+建物)+車位,新竹縣竹北市勝利八街一段391~420號,15.12,商,,,1061013,土地1建物1車位1,二十三層,二十九層,住宅大樓(11層含以上有電梯),住家用,鋼筋混凝土造,1070418,170.47,3,2,2,有,有,11700000,70786,坡道平面,24.96,1400000,,RPTPMLTJQHNFFBJ17CA
竹北市,房地(土地+建物)+車位,新竹縣竹北市勝利八街一段391~420號,15.54,商,,,1061102,土地1建物1車位1,二十四層,二十九層,住宅大樓(11層含以上有電梯),住家用,鋼筋混凝土造,1070418,174.69,3,2,2,有,有,11950000,70126,坡道平面,24.96,1450000,,RPUPMLTJQHNFFBJ27CA
竹北市,房地(土地+建物)+車位,新竹縣竹北市勝利八街一段391~420號,15.54,商,,,1070413,土地1建物1車位1,二十六層,二十九層,住宅大樓(11層含以上有電梯),住家用,鋼筋混凝土造,1070418,174.69,3,2,2,有,有,11680000,70327,坡道平面,24.96,1150000,,RPVPMLTJQHNFFBJ37CA
竹北市,房地(土地+建物)+車位,新竹縣竹北市勝利八街一段391~420號,14.86,商,,,1061027,土地1建物1車位1,二十七層,二十九層,住宅大樓(11層含以上有電梯),住家用,鋼筋混凝土造,1070418,167.93,3,2,2,有,有,11450000,72043,坡道平面,24.96,1150000,,RPWPMLTJQHNFFBJ47CA
竹北市,房地(土地+建物)+車位,新竹縣竹北市勝利八街一段391~420號,15.31,商,,,1060723,土地1建物1車位1,二十八層,二十九層,住宅大樓(11層含以上有電梯),住家用,鋼筋混凝土造,1070418,172.31,3,2,2,有,有,11900000,71259,坡道平面,24.96,1400000,,RPXPMLTJQHNFFBJ57CA
新埔鎮,房地(土地+建物)+車位,新竹縣新埔鎮福德街391~420號,18.32,商,,,1070617,土地1建物1車位1,十三層,十三層,住宅大樓(11層含以上有電梯),住家用,鋼筋混凝土造,1070412,163.89,3,2,2,有,無,6850000,41796,坡道平面,32.77,0,,RPORMLRJQHNFFBJ66CA
竹北市,房地(土地+建物)+車位,新竹縣竹北市復興三路二段1~30號,38.51,商,,,1061125,土地1建物1車位2,十六層,二十層,住宅大樓(11層含以上有電梯),住家用,鋼筋混凝土造,1050111,349.12,4,2,3,有,有,35500000,122313,坡道平面,79.32,2500000,,RPQNMLSJQHNFFBJ56CA
竹北市,房地(土地+建物)+車位,新竹縣竹北市復興七路31~60號,30.63,住,,,1070119,土地1建物1車位2,二層,十四層,住宅大樓(11層含以上有電梯),住家用,鋼筋混凝土造,0970825,183.32999999999998,3,2,2,有,有,12150000,66274,坡道機械,0.0,1300000,,RPQNMLPJQHNFFBJ88CA
竹北市,房地(土地+建物)+車位,新竹縣竹北市文興路二段61~90號,37.57,住,,,1070621,土地1建物1車位2,十層,十九層,住宅大樓(11層含以上有電梯),住家用,鋼筋混凝土造,0970201,252.42000000000002,4,2,2,有,有,16980000,67269,坡道平面,0.0,0,,RPTNMLLMPHNFFBJ98CA
竹北市,房地(土地+建物)+車位,新竹縣竹北市縣政二路南段61~90號,34.96,住,,,1070517,土地1建物1車位1,六層,十七層,住宅大樓(11層含以上有電梯),住家用,鋼筋混凝土造,1061129,190.89,3,2,2,有,有,14300000,84718,坡道平面,38.62,1400000,,RPRNMLLJQHNFFBJ58CA
竹北市,房地(土地+建物)+車位,新竹縣竹北市縣政二路南段61~90號,26.77,住,,,1070527,土地1建物1車位1,五層,十七層,住宅大樓(11層含以上有電梯),住家用,鋼筋混凝土造,1061129,155.64999999999998,2,1,1,有,有,10560000,78698,坡道平面,38.62,1350000,,RPSNMLLJQHNFFBJ68CA
新埔鎮,土地,福田段301~330地號,43.68,住,,,1070703,土地1建物0車位0,,,其他,,,,0.0,0,0,0,有,無,3430000,78526,,0.0,0,,RPSRMLKMPHNFFBJ56CA
新埔鎮,土地,福田段301~330地號,83.16,住,,,1070703,土地1建物0車位0,,,其他,,,,0.0,0,0,0,有,無,6540000,78644,,0.0,0,,RPTRMLKMPHNFFBJ66CA
竹北市,房地(土地+建物),新竹縣竹北市文義街121~150號,8.13,住,,,1070529,土地1建物1車位0,五層,七層,套房(1房1廳1衛),商業用,鋼筋混凝土造,0950821,35.58,1,1,1,有,有,2400000,67454,,0.0,0,,RPVOMLOLPHNFFBJ86CA
竹北市,房地(土地+建物)+車位,新竹縣竹北市新工五路31~60號,20.99,住,,,1070701,土地1建物1車位1,二層,十二層,住宅大樓(11層含以上有電梯),商業用,鋼筋混凝土造,0970515,124.81,3,2,2,有,有,6080000,48714,坡道平面,0.0,0,,RPVOMLQLPHNFFBJ07CA
竹北市,房地(土地+建物)+車位,新竹縣竹北市勝利十一路241~270號,8.33,商,,,1070607,土地1建物1車位1,十三層,二十三層,住宅大樓(11層含以上有電梯),住家用,鋼筋混凝土造,1051101,118.43,2,1,1,有,有,7510000,70249,坡道平面,30.03,1300000,,RPVPMLPLPHNFFBJ07CA
竹北市,房地(土地+建物)+車位,新竹縣竹北市勝利十一路241~270號,8.21,商,,,1070521,土地1建物1車位1,十六層,二十三層,住宅大樓(11層含以上有電梯),住家用,鋼筋混凝土造,1051101,117.81,2,1,1,有,有,7520000,73137,坡道平面,30.03,1100000,,RPWPMLPLPHNFFBJ17CA
竹北市,房地(土地+建物)+車位,新竹縣竹北市勝利十一路241~270號,8.53,商,,,1070607,土地1建物1車位1,十八層,二十三層,住宅大樓(11層含以上有電梯),住家用,鋼筋混凝土造,1051101,122.35,2,1,1,有,有,7750000,70949,坡道平面,30.03,1200000,,RPOQMLPLPHNFFBJ09CA
竹北市,房地(土地+建物)+車位,新竹縣竹北市勝利八街一段181~210號,26.53,商,,,1070613,土地1建物1車位2,八層,十九層,住宅大樓(11層含以上有電梯),住家用,鋼筋混凝土造,1020624,317.45,4,2,2,有,有,18300000,57647,坡道平面,62.5,0,,RPQQMLPLPHNFFBJ66CA
竹北市,車位,新竹縣竹北市新溪街271~300號,0.0,,,,1070629,土地0建物0車位1,,,其他,,,,28.0,0,0,0,有,有,1200000,,坡道平面,28.0,1200000,單獨車位交易。,RPORMLPLPHNFFBJ56CA
竹北市,土地,貓兒錠段山腳小段61~90地號,71.32,,山坡地保育區,農牧用地,1070705,土地1建物0車位0,,,其他,,,,0.0,0,0,0,有,無,323500,4536,,0.0,0,,RPQRMLPLPHNFFBJ76CA
竹北市,房地(土地+建物),新竹縣竹北市嘉仁街61~90號,9.89,住,,,1070704,土地1建物1車位0,五層,五層,套房(1房1廳1衛),商業用,鋼筋混凝土造,0991202,38.36,1,1,1,有,無,2400000,62565,,0.0,0,,RPVRMLPLPHNFFBJ27CA
竹北市,房地(土地+建物)+車位,新竹縣竹北市光明九路31~60號,6.92,商,,,1070628,土地1建物1車位1,七層,十一層,套房(1房1廳1衛),商業用,鋼筋混凝土造,0910627,53.17,1,1,1,有,有,3340000,62817,坡道機械,0.0,0,含增建或未登記建物。,RPPPMLQLPHNFFBJ56CA
新埔鎮,土地,鹿鳴坑段391~420地號,4468.47,,山坡地保育區,農牧用地,1070515,土地4建物0車位0,,,其他,,,,0.0,0,0,0,有,無,10000000,2238,,0.0,0,,RPRNMLQLPHNFFBJ56CA
新埔鎮,土地,照門段石門小段91~120地號,166.0,,山坡地保育區,農牧用地,1070705,土地1建物0車位0,,,其他,,,,0.0,0,0,0,有,無,300000,1807,,0.0,0,,RPSNMLQLPHNFFBJ66CA
竹北市,房地(土地+建物)+車位,新竹縣竹北市興隆路三段301~330號,39.28,住,,,1070617,土地1建物1車位2,十層,十二層,住宅大樓(11層含以上有電梯),住家用,鋼筋混凝土造,0970408,244.27999999999997,4,2,2,有,有,16000000,65501,坡道平面,0.0,2200000,,RPXRMLKMPHNFFBJ07CA
竹北市,房地(土地+建物)+車位,新竹縣竹北市東興路一段391~420號,31.82,住,,,1070709,土地1建物1車位2,三層,十四層,住宅大樓(11層含以上有電梯),住家用,鋼筋混凝土造,1050606,208.48,3,2,2,有,有,13400000,71542,坡道平面,57.52,2600000,,RPUSMLKMPHNFFBJ86CA
竹北市,房地(土地+建物)+車位,新竹縣竹北市福興東路二段31~60號,35.82,住,,,1070624,土地1建物1車位2,五層,十三層,住宅大樓(11層含以上有電梯),住家用,鋼筋混凝土造,1050311,226.82,3,2,2,有,有,13050000,75436,坡道平面,85.64,2400000,1.含增建或未登記建物 2.權利人共2人,RPSSMLQLPHNFFBJ17CA
竹北市,房地(土地+建物)+車位,新竹縣竹北市福興一路31~60號,13.35,商,,,1070526,土地1建物1車位5,一層，見其他登記事項,十五層,店面(店鋪),商業用,鋼筋混凝土造,0991120,181.82,0,1,1,有,有,16300000,89654,坡道機械,0.0,0,,RPQQMLRLPHNFFBJ86CA
竹北市,房地(土地+建物)+車位,新竹縣竹北市嘉興三街1~30號,28.15,住,,,1070618,土地1建物1車位1,三層,十四層,住宅大樓(11層含以上有電梯),住家用,鋼筋混凝土造,1060615,170.45,3,2,2,有,有,8600000,50455,坡道平面,33.91,0,,RPPRMLRLPHNFFBJ86CA
竹北市,房地(土地+建物)+車位,新竹縣竹北市日興一街31~60號,27.32,住,,,1070707,土地1建物1車位1,五層,十三層,住宅大樓(11層含以上有電梯),住家用,鋼筋混凝土造,0960517,143.48,3,2,2,有,有,7650000,53318,坡道平面,22.99,0,,RPPNMLLMPHNFFBJ58CA
新埔鎮,土地,福田段91~120地號,137.09,住,,,1070601,土地1建物0車位0,,,其他,,,,0.0,0,0,0,有,無,11113082,81064,,0.0,0,,RPSNMLLMPHNFFBJ88CA
竹北市,房地(土地+建物)+車位,新竹縣竹北市環北路一段91~120號,36.71,住,,,1070617,土地1建物1車位1,十層,十四層,住宅大樓(11層含以上有電梯),住家用,鋼筋混凝土造,1060109,199.69,3,2,2,有,有,12665000,67963,坡道平面,31.73,1250000,,RPQOMLLMPHNFFBJ78CA
竹北市,房地(土地+建物)+車位,新竹縣竹北市環北路五段421~450號,27.91,住,,,1040926,土地1建物2車位1,六層,十四層,住宅大樓(11層含以上有電梯),住家用,鋼筋混凝土造,1070209,192.38,4,2,2,有,有,10170000,56241,坡道平面,32.0,1150000,,RPROMLLMPHNFFBJ88CA
竹北市,房地(土地+建物)+車位,新竹縣竹北市環北路五段421~450號,30.82,住,,,1041018,土地1建物2車位2,十二層,十四層,住宅大樓(11層含以上有電梯),住家用,鋼筋混凝土造,1070209,224.38,4,2,2,有,有,11330000,58794,坡道平面,64.0,1900000,,RPSOMLLMPHNFFBJ98CA
竹北市,房地(土地+建物)+車位,新竹縣竹北市環北路一段91~120號,41.51,住,,,1070609,土地1建物1車位1,十二層,十四層,住宅大樓(11層含以上有電梯),住家用,鋼筋混凝土造,1060109,223.26,4,2,2,有,有,14200000,66830,坡道平面,31.73,1400000,,RPXNMLLJQHNFFBJ56CA
關西鎮,房地(土地+建物)+車位,新竹縣關西鎮北斗街39巷3弄1~30號,104.88,住,,,1070609,土地1建物1車位1,全,四層,透天厝,住家用,鋼筋混凝土造,0881018,329.31,6,2,4,有,無,6700000,20346,坡道平面,0.0,0,,RPTNMLNJQHNFFBJ98CA
竹北市,房地(土地+建物)+車位,新竹縣竹北市日興一街31~60號,26.58,住,,,1070620,土地1建物1車位1,五層,十三層,住宅大樓(11層含以上有電梯),住家用,鋼筋混凝土造,0960517,139.89999999999998,3,2,2,有,有,8050000,57541,坡道平面,22.99,0,含增建或未登記建物。,RPPOMLSJQHNFFBJ56CA
竹北市,房地(土地+建物)+車位,新竹縣竹北市莊敬五街31~60號,13.43,商,,,1070701,土地1建物1車位1,九層,十四層,住宅大樓(11層含以上有電梯),住家用,鋼筋混凝土造,0940923,155.91,3,2,2,有,有,9760000,62600,坡道平面,0.0,0,含增建或未登記建物。,RPOPMLLMPHNFFBJ68CA
竹北市,房地(土地+建物)+車位,新竹縣竹北市褔興東路二段121~150號,29.27,住,,,1070613,土地1建物1車位1,五層,十五層,住宅大樓(11層含以上有電梯),住家用,鋼筋混凝土造,1061020,200.38,3,2,2,有,有,17100000,85338,坡道平面,39.59,0,,RPTNMLMJQHNFFBJ88CA
竹北市,土地,公園段1261~1290地號,168.35,住,,,1070619,土地2建物0車位0,,,其他,,,,0.0,0,0,0,有,無,25000000,148500,,0.0,0,,RPQOMLMJQHNFFBJ68CA
竹北市,房地(土地+建物),新竹縣竹北市光明三路31~60號,7.69,住,,,1070530,土地1建物1車位0,四層,八層,套房(1房1廳1衛),住家用,鋼筋混凝土造,0840124,47.11,1,1,1,有,無,2280000,48397,,0.0,0,,RPVOMLMJQHNFFBJ56CA
竹北市,房地(土地+建物)+車位,新竹縣竹北市嘉豐南路一段151~180號,37.41,商,,,1070521,土地1建物1車位3,二十層,二十二層,住宅大樓(11層含以上有電梯),住家用,鋼筋混凝土造,1041111,387.92999999999995,4,2,2,有,有,33080000,96918,坡道平面,84.27,3650000,,RPWNMLPKQHNFFBJ96CA
橫山鄉,土地,九讚頭段781~810地號,982.66,,山坡地保育區,林業用地,1070701,土地1建物0車位0,,,其他,,,,0.0,0,0,0,有,無,1650000,1679,,0.0,0,,RPRNMLRLPHNFFCJ76CA
新埔鎮,房地(土地+建物),新竹縣新埔鎮義民路三段622巷32弄1~30號,2533.6,,山坡地保育區,農牧用地,1070214,土地6建物1車位0,全,三層,透天厝,住家用,鋼筋混凝土造,0701230,510.86,0,0,0,無,無,28800000,56376,,0.0,0,本案因佔用部份由買方自行排除，故賣方折價新台幣參拾萬元整予買方。,RPSOMLNLQHNFFBJ56CA
竹東鎮,土地,竹東段竹東小段361~390地號,963.0,住,,,1070605,土地2建物0車位0,,,其他,,,,0.0,0,0,0,有,無,61174575,63525,,0.0,0,買賣總價61174575元賣方實得領清土地增值稅合計819311元雙方協議由買方負責繳納。,RPPNMLKMPHNFFCJ58CA
竹東鎮,土地,九莊段31~60地號,35.26,住,,,1070703,土地1建物0車位0,,,其他,,,,0.0,0,0,0,有,無,1450000,41123,,0.0,0,,RPRNMLKMPHNFFCJ78CA
竹東鎮,土地,資源段1441~1470地號,160.0,其他,,,1070712,土地1建物0車位0,,,其他,,,,0.0,0,0,0,有,無,3146000,19663,,0.0,0,,RPVNMLPLPHNFFCJ96CA
竹北市,房地(土地+建物)+車位,新竹縣竹北市文興路二段61~90號,102.74,住,,,1070621,土地1建物2車位4,十七層,十九層,住宅大樓(11層含以上有電梯),住家用,鋼筋混凝土造,0970201,661.6800000000001,6,4,4,有,有,36000000,54407,坡道平面,120.48,0,本契約買賣建物2棟及車位4個,RPVOMLOKQHNFFBJ86CA
橫山鄉,房地(土地+建物),新竹縣橫山鄉永昌街123巷1弄1~30號,80.63,住,,,1070705,土地1建物1車位0,全,四層,透天厝,見其他登記事項,鋼筋混凝土造,1060110,180.61,4,2,3,有,無,8700000,48170,,0.0,0,,RPQOMLLJQHNFFCJ68CA
竹東鎮,房地(土地+建物),新竹縣竹東鎮東寧路一段351巷1~30號,44.0,住,,,1070616,土地1建物1車位0,全,二層,透天厝,住家用,加強磚造,,83.7,0,0,3,無,無,3300000,39427,,0.0,0,,RPPOMLNJQHNFFCJ78CA
竹東鎮,房地(土地+建物),新竹縣竹東鎮自由街120巷1~30號,6.36,住,,,1070625,土地1建物1車位0,四層,十一層,套房(1房1廳1衛),住家用,鋼筋混凝土造,0851224,40.18,1,1,1,有,有,1680000,41812,,0.0,0,,RPWNMLQJQHNFFCJ07CA
竹東鎮,房地(土地+建物),新竹縣竹東鎮南寧路68巷20弄1~30號,159.68,住,,,1070709,土地3建物1車位0,全,五層,透天厝,見其他登記事項,鋼筋混凝土造,1040501,252.56,6,2,7,有,有,20000000,79189,,0.0,0,,RPVNMLNKQHNFFCJ76CA
湖口鄉,房地(土地+建物),新竹縣湖口鄉三民路1~30號,1800.0,,工業區,丁種建築用地,1070430,土地1建物2車位0,一層，地下層,一層,工廠,工業用,見其他登記事項,0731022,1119.33,0,0,0,無,無,78300000,,,0.0,0,,RPQOMLPLPHNFFDJ66CA
新豐鄉,房地(土地+建物),新竹縣新豐鄉中崙241~270號,76.62,,特定農業區,甲種建築用地,1070716,土地2建物1車位0,全,三層,透天厝,住家用,鋼筋混凝土造,0841230,145.84,5,2,3,有,無,5500000,37713,,0.0,0,,RPROMLPLPHNFFDJ76CA
湖口鄉,土地,祥湖段541~570地號,34.37,,,,1070717,土地1建物0車位0,,,其他,,,,0.0,0,0,0,有,無,109200,3177,,0.0,0,,RPSOMLPLPHNFFDJ86CA
新豐鄉,房地(土地+建物),新竹縣新豐鄉仁愛街55巷12弄1~30號,90.62,住,,,1070621,土地2建物1車位0,全,三層,透天厝,住家用,鋼筋混凝土造,,148.75,4,2,2,有,無,6380000,42891,,0.0,0,,RPRNMLQLPHNFFDJ76CA
新豐鄉,房地(土地+建物),新竹縣新豐鄉明新街34巷1~30號,73.69,農,,,1070623,土地2建物1車位0,全,四層,透天厝,住家用,鋼筋混凝土造,0870727,176.05,8,0,8,有,無,7380000,41920,,0.0,0,,RPUNMLQLPHNFFDJ07CA
湖口鄉,房地(土地+建物),新竹縣湖口鄉吉安街151~180號,54.22,,鄉村區,乙種建築用地,1070629,土地1建物1車位0,全,二層,透天厝,住家用,加強磚造,,76.56,3,1,2,有,無,3560000,46499,,0.0,0,,RPXNMLPLPHNFFDJ27CA
湖口鄉,房地(土地+建物),新竹縣湖口鄉德豐路13巷1~30號,96.22,,特定農業區,丁種建築用地,1070723,土地2建物1車位0,全,三層,透天厝,工業用,鋼筋混凝土造,0810612,188.7,4,1,3,有,無,5500000,29147,,0.0,0,,RPSNMLLMPHNFFDJ09CA
新豐鄉,土地,鳳坑段421~450地號,468.01,,山坡地保育區,農牧用地,1070514,土地11建物0車位0,,,其他,,,,0.0,0,0,0,有,無,1038240,2218,,0.0,0,,RPXPMLQJQHNFFDJ47CA
新豐鄉,土地,鳳坑段61~90地號,465.0,,特定農業區,農牧用地,1070514,土地8建物0車位0,,,其他,,,,0.0,0,0,0,有,無,1241000,2669,,0.0,0,,RPOQMLQJQHNFFDJ66CA
湖口鄉,房地(土地+建物),新竹縣湖口鄉榮光一路91巷31~60號,92.22,,鄉村區,乙種建築用地,1070622,土地1建物1車位0,全,四層,透天厝,見其他登記事項,鋼筋混凝土造,1041124,245.73000000000002,4,2,5,有,有,13000000,52904,,0.0,0,,RPWNMLSJQHNFFDJ37CA
湖口鄉,房地(土地+建物),新竹縣湖口鄉長安路103巷31~60號,98.25,,鄉村區,乙種建築用地,1070613,土地1建物1車位0,全,二層,透天厝,住家用,加強磚造,0620502,132.9,3,2,2,有,無,4100000,30850,,0.0,0,,RPPOMLSJQHNFFDJ76CA
竹北市,房地(土地+建物)+車位,新竹縣竹北市新民街213巷7弄1~30號,23.1,住,,,1070704,土地1建物1車位1,六層,六層,華廈(10層含以下有電梯),住家用,鋼筋混凝土造,0850717,114.16,3,1,2,有,有,4500000,39418,坡道平面,0.0,0,,RPPSOLRLPHNFFBJ27DA
湖口鄉,房地(土地+建物),新竹縣湖口鄉光復東路241~270號,151.0,,工業區,丁種建築用地,1070625,土地2建物1車位0,全,三層,透天厝,見其他登記事項,鋼筋混凝土造,1010301,248.32,5,2,3,有,無,21800000,87790,,0.0,0,,RPXNMLQJQHNFFDJ27CA
新豐鄉,土地,松柏段301~330地號,135.03,,山坡地保育區,農牧用地,1070514,土地9建物0車位0,,,其他,,,,0.0,0,0,0,有,無,264800,1961,,0.0,0,,RPQQMLQJQHNFFDJ86CA
湖口鄉,房地(土地+建物),新竹縣湖口鄉三民路1~30號,1800.0,,工業區,丁種建築用地,1070509,土地1建物1車位0,地下層，一層，二層,二層,工廠,工業用,見使用執照,0680619,1058.16,0,0,0,有,無,94320000,,,0.0,0,含增建或未登記建物。;未保存建物有獨立稅號。,RPRNMLLLQHNFFDJ98CA
芎林鄉,房地(土地+建物),新竹縣芎林鄉文強街61~90號,92.74,住,,,1070612,土地1建物1車位0,全,四層,透天厝,見其他登記事項,鋼筋混凝土造,1070306,267.97,5,2,4,有,無,16260000,60678,,0.0,0,,RPSNMLKMPHNFFCJ98DA
橫山鄉,土地,橫富段31~60地號,87.59,住,,,1070607,土地1建物0車位0,,,其他,,,,0.0,0,0,0,有,無,1000000,11417,,0.0,0,,RPVNMLKMPHNFFCJ66DA
寶山鄉,土地,雙園段481~510地號,745.77,農,,,1070531,土地1建物0車位0,,,其他,,,,0.0,0,0,0,有,無,4000000,5364,,0.0,0,,RPXNMLLMPHNFFCJ07EA
竹東鎮,房地(土地+建物),新竹縣竹東鎮東峰路279巷1~30號,78.2,住,,,1070628,土地2建物1車位0,一層,四層,公寓(5樓含以下無電梯),住家用,鋼筋混凝土造,0831224,159.4,3,2,2,有,有,4400000,27604,,0.0,0,,RPXNMLLJQHNFFCJ86EA
新豐鄉,房地(土地+建物),新竹縣新豐鄉員山121~150號,116.78,,山坡地保育區,丙種建築用地,1070622,土地3建物1車位0,全,四層,透天厝,住家用,鋼筋混凝土造,0960518,178.75,4,2,3,有,有,7700000,43077,,0.0,0,,RPRPMLQJQHNFFDJ86CA
湖口鄉,房地(土地+建物),新竹縣湖口鄉蘭州四街1~30號,30.4,,工業區,丁種建築用地,1070528,土地1建物1車位0,一層,五層,華廈(10層含以下有電梯),住家用,鋼筋混凝土造,0810710,88.19,3,2,2,有,無,3500000,39687,,0.0,0,,RPSOMLTJQHNFFDJ17CA
湖口鄉,房地(土地+建物),新竹縣湖口鄉光復東路1~30號,15.02,,工業區,丁種建築用地,1070525,土地1建物1車位0,四層,五層,華廈(10層含以下有電梯),見其他登記事項,鋼筋混凝土造,1070207,69.84,2,1,2,有,無,3800000,54410,,0.0,0,,RPQOMLSJQHNFFDJ86CA
湖口鄉,房地(土地+建物),新竹縣湖口鄉光復東路1~30號,15.02,,工業區,丁種建築用地,1070526,土地1建物1車位0,三層,五層,華廈(10層含以下有電梯),見其他登記事項,鋼筋混凝土造,1070207,67.85,2,1,2,有,無,3780000,55711,,0.0,0,,RPROMLSJQHNFFDJ96CA
湖口鄉,房地(土地+建物),新竹縣湖口鄉光復東路1~30號,15.02,,工業區,丁種建築用地,1070422,土地1建物1車位0,五層,五層,華廈(10層含以下有電梯),見其他登記事項,鋼筋混凝土造,1070207,67.85,2,1,2,有,無,3750000,55269,,0.0,0,,RPSOMLSJQHNFFDJ07CA
湖口鄉,房地(土地+建物),新竹縣湖口鄉光復東路1~30號,15.02,,工業區,丁種建築用地,1070605,土地1建物1車位0,三層,五層,華廈(10層含以下有電梯),見其他登記事項,鋼筋混凝土造,1070207,69.84,2,1,2,有,無,3750000,53694,,0.0,0,,RPTOMLSJQHNFFDJ17CA
湖口鄉,房地(土地+建物),新竹縣湖口鄉勝利路二段45巷3弄1~30號,47.45,,鄉村區,乙種建築用地,1070623,土地1建物1車位0,全,二層,透天厝,住家用,加強磚造,,79.12,3,2,3,有,無,3600000,45501,,0.0,0,,RPPQMLQJQHNFFDJ76CA
新豐鄉,房地(土地+建物),新竹縣新豐鄉康樂路一段140巷4弄1~30號,85.71,住,,,1070621,土地1建物1車位0,全,二層,透天厝,住家用,加強磚造,0680906,107.12,3,2,3,有,無,6000000,56012,,0.0,0,,RPQNMLRLPHNFFDJ76CA
湖口鄉,土地,中興段中興小段241~270地號,99.0,,工業區,丁種建築用地,1070713,土地1建物0車位0,,,其他,,,,0.0,0,0,0,有,無,6000000,60606,,0.0,0,,RPPNMLNJQHNFFDJ78CA
湖口鄉,土地,中興段中興小段241~270地號,99.0,,工業區,丁種建築用地,1070713,土地1建物0車位0,,,其他,,,,0.0,0,0,0,有,無,6000000,60606,,0.0,0,,RPQNMLNJQHNFFDJ88CA
竹東鎮,房地(土地+建物)+車位,新竹縣竹東鎮光明路126巷87弄31~60號,23.1,其他,,,1070630,土地3建物1車位1,八層,十五層,住宅大樓(11層含以上有電梯),見其他登記事項,鋼筋混凝土造,1040325,152.87,3,2,2,有,有,7000000,45794,坡道平面,0.0,0,,RPOOMLKLQHNFFCJ58CA
竹東鎮,土地,北興段31~60地號,471.83,商,,,1070516,土地4建物0車位0,,,其他,,,,0.0,0,0,0,有,無,63710000,135027,,0.0,0,,RPTNMLLMPHNFFCJ09CA
竹東鎮,土地,北興段31~60地號,87.75,商,,,1070516,土地1建物0車位0,,,其他,,,,0.0,0,0,0,有,無,9556000,108900,,0.0,0,,RPUNMLLMPHNFFCJ56CA
竹東鎮,土地,北興段31~60地號,121.08,商,,,1070516,土地1建物0車位0,,,其他,,,,0.0,0,0,0,有,無,16300000,134622,,0.0,0,,RPVNMLLMPHNFFCJ66CA
關西鎮,土地,湖肚段31~60地號,4205.0,,山坡地保育區,農牧用地,1070613,土地2建物0車位0,,,其他,,,,0.0,0,0,0,有,無,6700000,1593,,0.0,0,,RPPOMLOLQHNFFBJ98CA
芎林鄉,房地(土地+建物),新竹縣芎林鄉文山路490巷3弄1~30號,39.56,住,,,1070616,土地1建物1車位0,二層,四層,公寓(5樓含以下無電梯),住家用,鋼筋混凝土造,0810709,121.95,4,2,2,有,無,3260000,26732,,0.0,0,,RPSNMLRLPHNFFCJ86CA
竹北市,房地(土地+建物)+車位,新竹縣竹北市成功八路181~210號,14.98,商,,,1070620,土地1建物1車位2,十六層,十九層,住宅大樓(11層含以上有電梯),住家用,鋼筋混凝土造,1031009,194.39999999999998,3,2,2,有,有,10000000,51440,坡道平面,62.68,0,,RPOOMLQKQHNFFBJ98CA
竹北市,房地(土地+建物)+車位,新竹縣竹北市六家一路一段211~240號,30.71,住,,,1070621,土地1建物1車位2,十三層,十四層,住宅大樓(11層含以上有電梯),住家用,鋼筋混凝土造,1030725,222.7,3,2,2,有,有,15000000,67355,坡道平面,64.54,0,,RPURMLLJQHNFFBJ66CA
竹北市,房地(土地+建物)+車位,新竹縣竹北市興隆路一段511~540號,51.28,住,,,1070701,土地1建物1車位2,十六層,二十四層,住宅大樓(11層含以上有電梯),住家用,鋼筋混凝土造,1011030,304.87,3,2,2,有,有,20780000,68160,坡道平面,52.28,0,,RPVRMLLJQHNFFBJ76CA
關西鎮,房地(土地+建物),新竹縣關西鎮三民街61巷1~30號,90.06,住,,,1060327,土地3建物1車位0,全,四層,透天厝,見其他登記事項,鋼筋混凝土造,1070601,203.49,4,2,4,有,無,8780000,43147,,0.0,0,,RPUQMLLJQHNFFBJ56CA
竹北市,房地(土地+建物)+車位,新竹縣竹北市光明九路1~30號,13.48,商,,,1070624,土地1建物1車位1,十一層,十四層,住宅大樓(11層含以上有電梯),住家用,鋼筋混凝土造,0941107,154.39000000000001,3,2,2,有,有,8100000,52465,坡道平面,0.0,0,含增建或未登記建物。權利人共計2人。,RPQOMLSJQHNFFBJ66CA
竹北市,房地(土地+建物)+車位,新竹縣竹北市成功十街61~90號,27.68,住,,,1070610,土地1建物1車位1,二層,十五層,住宅大樓(11層含以上有電梯),住家用,鋼筋混凝土造,1051102,172.88,3,2,2,有,有,11600000,67099,坡道平面,28.51,0,,RPVPMLQJQHNFFBJ07CA
關西鎮,房地(土地+建物),新竹縣關西鎮三民街61~90號,77.73,住,,,1061014,土地2建物1車位0,全,四層,透天厝,見其他登記事項,鋼筋混凝土造,1070601,275.2,5,2,4,有,無,11580000,42078,,0.0,0,,RPUOMLLJQHNFFBJ98CA
關西鎮,房地(土地+建物),新竹縣關西鎮三民街61~90號,85.36,住,,,1060219,土地2建物1車位0,全,五層,透天厝,見其他登記事項,鋼筋混凝土造,1070601,270.26,5,2,4,有,無,13300000,49212,,0.0,0,,RPWOMLLJQHNFFBJ56CA
關西鎮,房地(土地+建物),新竹縣關西鎮三民街61巷1~30號,107.46,住,,,1070328,土地3建物1車位0,全,三層,透天厝,見其他登記事項,鋼筋混凝土造,1070601,194.48,5,2,3,有,無,9160000,47100,,0.0,0,,RPOPMLLJQHNFFBJ48CA
關西鎮,房地(土地+建物),新竹縣關西鎮三民街61巷1~30號,95.6,住,,,1060120,土地3建物1車位0,全,三層,透天厝,見其他登記事項,鋼筋混凝土造,1070601,175.31,5,2,3,有,無,8830000,50368,,0.0,0,,RPPPMLLJQHNFFBJ58CA
關西鎮,房地(土地+建物),新竹縣關西鎮三民街61巷1~30號,95.41,住,,,1060112,土地3建物1車位0,全,三層,透天厝,見其他登記事項,鋼筋混凝土造,1070601,173.8,5,2,3,有,無,8800000,50633,,0.0,0,,RPRPMLLJQHNFFBJ78CA
關西鎮,房地(土地+建物),新竹縣關西鎮三民街61巷1~30號,99.52,住,,,1060121,土地3建物1車位0,全,三層,透天厝,見其他登記事項,鋼筋混凝土造,1070601,183.93,5,2,3,有,無,9100000,49475,,0.0,0,,RPSPMLLJQHNFFBJ88CA
關西鎮,房地(土地+建物),新竹縣關西鎮三民街61巷1~30號,112.61,住,,,1060102,土地3建物1車位0,全,三層,透天厝,見其他登記事項,鋼筋混凝土造,1070601,204.81,5,2,4,有,無,9690000,47312,,0.0,0,,RPXPMLLJQHNFFBJ76CA
關西鎮,房地(土地+建物),新竹縣關西鎮三民街61巷1~30號,115.16,住,,,1060723,土地3建物1車位0,全,三層,透天厝,見其他登記事項,鋼筋混凝土造,1070601,222.24,5,2,4,有,無,10200000,45896,,0.0,0,,RPOQMLLJQHNFFBJ58CA
關西鎮,房地(土地+建物),新竹縣關西鎮莒光街31~60號,81.54,住,,,1061008,土地2建物1車位0,全,四層,透天厝,見其他登記事項,鋼筋混凝土造,1070601,270.09,5,2,4,有,無,12880000,47688,,0.0,0,,RPQQMLLJQHNFFBJ78CA
關西鎮,房地(土地+建物),新竹縣關西鎮三民街61巷1~30號,90.06,住,,,1060506,土地3建物1車位0,全,四層,透天厝,見其他登記事項,鋼筋混凝土造,1070601,202.16,4,2,4,有,無,8800000,43530,,0.0,0,,RPRQMLLJQHNFFBJ88CA
竹北市,房地(土地+建物),新竹縣竹北市中和街211~240號,232.43,工,,,1070503,土地3建物1車位0,一層，二層，三層，四層,四層,店面(店鋪),見其他登記事項,鋼筋混凝土造,1010522,251.43,4,2,3,有,有,23000000,91477,,0.0,0,,RPSNOLRLPHNFFBJ96CA
竹北市,房地(土地+建物)+車位,新竹縣竹北市六家五路二段241~270號,37.94,住,,,1070526,土地1建物1車位2,十九層,二十五層,住宅大樓(11層含以上有電梯),住家用,鋼筋混凝土造,1010924,297.03999999999996,4,2,2,有,有,20500000,79128,坡道平面,69.56,2500000,,RPOSOLRLPHNFFBJ07CA
竹北市,土地,舊港段新港小段211~240地號,1170.0,,一般農業區,農牧用地,1070420,土地1建物0車位0,,,其他,,,,0.0,0,0,0,有,無,4247100,3630,,0.0,0,"本買賣價金為賣方實拿金額,增值稅全額由買方負擔",RPPNMLKMPHNFFBJ48CA
竹北市,房地(土地+建物)+車位,新竹縣竹北市文興路61~90號,55.37,住,,,1070624,土地1建物1車位2,八層,十七層,住宅大樓(11層含以上有電梯),住家用,鋼筋混凝土造,1011102,359.82000000000005,4,2,3,有,有,25120000,78407,坡道平面,72.6,2600000,,RPUNMLQLPHNFFBJ86CA
竹北市,房地(土地+建物)+車位,新竹縣竹北市興隆路三段181~210號,70.05,住,,,1070208,土地1建物1車位3,十八層,二十六層,住宅大樓(11層含以上有電梯),住家用,鋼筋混凝土造,1041214,536.72,3,2,4,有,有,50880000,94798,坡道平面,90.57,0,,RPTOMLKMPHNFFBJ98CA
竹北市,房地(土地+建物)+車位,新竹縣竹北市興隆路三段181~210號,78.48,住,,,1070614,土地1建物1車位4,二十四層,二十六層,住宅大樓(11層含以上有電梯),住家用,鋼筋混凝土造,1041214,602.22,3,2,4,有,有,61000000,101292,坡道平面,120.76,0,,RPVOMLKMPHNFFBJ56CA
竹北市,房地(土地+建物)+車位,新竹縣竹北市興隆路三段181~210號,70.05,住,,,1061223,土地1建物1車位3,十六層,二十六層,住宅大樓(11層含以上有電梯),住家用,鋼筋混凝土造,1041214,536.72,3,2,4,有,有,51300000,95581,坡道平面,90.57,0,,RPOPMLKMPHNFFBJ58CA
竹北市,房地(土地+建物),新竹縣竹北市光明十街一段91~120號,73.51,住,,,1070628,土地2建物1車位0,全,三層,透天厝,住家用,鋼筋混凝土造,0861008,201.65,3,2,3,有,無,10800000,53558,,0.0,0,,RPVSMLKMPHNFFBJ96CA
竹北市,房地(土地+建物),新竹縣竹北市光明五街331~360號,4.52,住,,,1070709,土地1建物1車位0,九層,九層,套房(1房1廳1衛),住家用,鋼筋混凝土造,0920912,28.46,1,1,1,有,無,1700000,59733,,0.0,0,,RPRRMLKMPHNFFBJ09CA
竹北市,土地,東海窟段東海窟小段61~90地號,330.58,,特定農業區,農牧用地,1070706,土地1建物0車位0,,,其他,,,,0.0,0,0,0,有,無,3520000,10648,,0.0,0,,RPQSMLKMPHNFFBJ09CA
竹北市,房地(土地+建物)+車位,新竹縣竹北市六家五路一段151~180號,29.04,住,,,1060906,土地1建物1車位2,三層,十三層,住宅大樓(11層含以上有電梯),住家用,鋼筋混凝土造,1040828,200.72,3,2,2,有,有,11580000,69524,坡道平面,67.24,2300000,,RPVNMLLJQHNFFBJ98CA
竹北市,房地(土地+建物)+車位,新竹縣竹北市六家五路一段241~270號,18.28,住,,,1070616,土地1建物1車位3,十層,十四層,住宅大樓(11層含以上有電梯),住家用,鋼筋混凝土造,1001202,131.78,2,2,1,有,有,7940000,60252,坡道機械,36.81,0,車位原設計為三個坡道機械，變更設計後為一個坡道平面。,RPUNMLLMPHNFFBJ09CA
竹北市,房地(土地+建物)+車位,新竹縣竹北市隘口六街121~150號,19.94,住,,,1070622,土地1建物1車位3,六層,十二層,住宅大樓(11層含以上有電梯),住家用,鋼筋混凝土造,0991231,136.56,2,2,1,有,有,8300000,60779,坡道機械,36.03,0,車位原設計為三個坡道機械，變更設計後為一個坡道平面。,RPVNMLLMPHNFFBJ56CA
竹北市,房地(土地+建物)+車位,新竹縣竹北市自強北路168巷1~30號,33.93,住,,,1070603,土地1建物1車位1,五層,十四層,住宅大樓(11層含以上有電梯),住家用,鋼筋混凝土造,0940131,175.35,4,2,2,有,有,10000000,57029,坡道平面,0.0,0,,RPOOMLLMPHNFFBJ58CA
竹北市,房地(土地+建物)+車位,新竹縣竹北市興隆路一段511~540號,58.91,住,,,1070625,土地1建物1車位2,十七層,二十四層,住宅大樓(11層含以上有電梯),住家用,鋼筋混凝土造,1020515,365.89,4,2,4,有,有,25500000,69693,坡道平面,64.58,0,,RPWPMLRJQHNFFBJ27CA
竹北市,房地(土地+建物)+車位,新竹縣竹北市勝利八街一段301~330號,31.92,住,,,1070701,土地1建物1車位1,十一層,十四層,住宅大樓(11層含以上有電梯),住家用,鋼筋混凝土造,1061103,158.28,3,2,2,有,有,10450000,70342,坡道平面,26.78,1200000,,RPQNMLNJQHNFFBJ68CA
竹北市,房地(土地+建物)+車位,新竹縣竹北市嘉豐六路二段31~60號,27.42,商,,,1070623,土地1建物1車位1,六層,十五層,住宅大樓(11層含以上有電梯),住家用,鋼筋混凝土造,1010827,192.44,3,2,2,有,有,12700000,65995,坡道平面,31.6,0,,RPVNMLMJQHNFFBJ09CA
竹北市,房地(土地+建物)+車位,新竹縣竹北市勝利七街一段181~210號,45.56,商,,,1070701,土地1建物1車位2,夾層，十層,十層,華廈(10層含以下有電梯),住家用,鋼筋混凝土造,0920227,237.05,3,3,2,有,有,13900000,58637,坡道平面,0.0,0,,RPTPMLQJQHNFFBJ86CA
竹北市,土地,隘興段511~540地號,2080.03,住,,,1070627,土地1建物0車位0,,,其他,,,,0.0,0,0,0,有,無,314604549,151250,,0.0,0,,RPUOMLOKQHNFFBJ76CA
竹北市,房地(土地+建物)+車位,新竹縣竹北市六家五路一段331~360號,39.92,住,,,1070601,土地1建物1車位1,十九層,二十二層,住宅大樓(11層含以上有電梯),住家用,鋼筋混凝土造,1060705,204.18,3,2,2,有,有,17300000,96462,坡道平面,38.83,1350000,,RPQNMLLKQHNFFBJ58CA
竹北市,房地(土地+建物)+車位,新竹縣竹北市光明六路東二段91~120號,74.9,住,,,1070520,土地1建物1車位4,十八層，十九層,十九層,住宅大樓(11層含以上有電梯),住家用,鋼筋混凝土造,1041105,499.01,4,2,3,有,有,37900000,88798,坡道平面,132.56,5360000,,RPVOMLLLQHNFFBJ66CA
竹北市,房地(土地+建物),新竹縣竹北市新國街31~60號,20.67,住,,,1070619,土地1建物1車位0,二層,八層,華廈(10層含以下有電梯),住家用,鋼筋混凝土造,0830106,113.86999999999999,3,1,2,有,無,4500000,39519,,0.0,0,,RPSQMLTJQHNFFBJ17CA
竹北市,房地(土地+建物)+車位,新竹縣竹北市嘉政十街1~30號,51.25,住,,,1070625,土地1建物1車位2,九層,十九層,住宅大樓(11層含以上有電梯),住家用,鋼筋混凝土造,1060911,307.02,4,2,2,有,有,26110000,85043,坡道平面,0.0,0,,RPPOMLKKQHNFFBJ48CA
尖石鄉,土地,義興段義興小段961~990地號,25010.0,,山坡地保育區,林業用地,1070628,土地2建物0車位0,,,其他,,,,0.0,0,0,0,有,無,3000000,120,,0.0,0,,RPTNMLRLPHNFFCJ96CA
寶山鄉,土地,寶山段沙湖壢小段301~330地號,1114.0,,山坡地保育區,農牧用地,1070509,土地1建物0車位0,,,其他,,,,0.0,0,0,0,有,無,4000000,3591,,0.0,0,,RPWNMLKMPHNFFCJ66CA
橫山鄉,土地,新頭分林段571~600地號,1741.1,,山坡地保育區,農牧用地,1070601,土地1建物0車位0,,,其他,,,,0.0,0,0,0,有,無,2100000,1206,,0.0,0,,RPPNMLLMPHNFFCJ68CA
竹東鎮,車位,新竹縣竹東鎮自強路31~60號,5.96,住,,,1070711,土地0建物0車位1,地下一層,十二層,其他,商業用,鋼筋混凝土造,0830428,34.06,0,0,0,有,有,730000,,坡道平面,0.0,730000,,RPQNMLLMPHNFFCJ78CA
竹東鎮,房地(土地+建物),新竹縣竹東鎮學府東路314巷3弄1~30號,111.99,,山坡地保育區,丙種建築用地,1070625,土地4建物1車位0,全,四層,透天厝,住家用,鋼筋混凝土造,0891018,213.29000000000002,4,2,3,有,有,9000000,42196,,0.0,0,,RPRNMLMJQHNFFCJ78CA
竹東鎮,房地(土地+建物)+車位,新竹縣竹東鎮富貴街76巷1~30號,41.47,住,,,1070623,土地1建物1車位1,四層,六層,華廈(10層含以下有電梯),住家用,鋼筋混凝土造,1000425,147.32999999999998,3,2,2,有,有,8480000,57558,坡道機械,33.19,0,,RPROMLRKQHNFFCJ86CA
竹東鎮,房地(土地+建物),新竹縣竹東鎮自由街120巷1~30號,14.91,住,,,1070530,土地1建物1車位0,十一層,十一層,住宅大樓(11層含以上有電梯),住家用,鋼筋混凝土造,0851224,92.82,4,2,2,有,有,3100000,33398,,0.0,0,,RPPNMLMKQHNFFCJ68CA
寶山鄉,房地(土地+建物),新竹縣寶山鄉湳坑三街1~30號,89.42,,山坡地保育區,丙種建築用地,1070529,土地2建物1車位0,全,四層,透天厝,住家用,鋼筋混凝土造,0870106,176.22,4,3,3,有,無,5800000,32913,,0.0,0,,RPQNMLQJQHNFFCJ09CA
竹東鎮,房地(土地+建物),新竹縣竹東鎮生產街115巷1~30號,174.0,住,,,1070627,土地1建物1車位0,全,二層,透天厝,住商用,加強磚造,,99.48,6,2,2,有,無,5650000,56795,,0.0,0,,RPOOMLMJQHNFFCJ58CA
湖口鄉,房地(土地+建物),新竹縣湖口鄉達生路571~600號,198.55,住,,,1070320,土地1建物1車位0,一層,七層,店面(店鋪),見其他登記事項,鋼筋混凝土造,1070418,155.47,0,1,2,有,有,21500000,138290,,0.0,0,,RPOOMLKMPHNFFDJ68CA
新豐鄉,房地(土地+建物),新竹縣新豐鄉員山121~150號,74.57,,山坡地保育區,丙種建築用地,1070706,土地3建物1車位0,全,四層,透天厝,住家用,鋼筋混凝土造,0960507,170.31,4,1,3,有,有,7320000,42980,,0.0,0,,RPQOMLLMPHNFFDJ98CA
湖口鄉,房地(土地+建物)+車位,新竹縣湖口鄉中正五街1~30號,28.36,住,,,1061026,土地1建物1車位1,五層,七層,華廈(10層含以下有電梯),見其他登記事項,鋼筋混凝土造,1070418,130.96,3,2,2,有,有,6700000,51161,坡道平面,33.06,0,,RPQNMLTLPHNFFDJ96CA
湖口鄉,房地(土地+建物)+車位,新竹縣湖口鄉中正五街1~30號,28.36,住,,,1061104,土地1建物1車位1,七層,七層,華廈(10層含以下有電梯),見其他登記事項,鋼筋混凝土造,1070418,136.49,3,2,2,有,有,7800000,57147,坡道平面,33.06,0,,RPRNMLTLPHNFFDJ07CA
湖口鄉,房地(土地+建物)+車位,新竹縣湖口鄉中正五街1~30號,28.36,住,,,1070428,土地1建物1車位1,五層,七層,華廈(10層含以下有電梯),見其他登記事項,鋼筋混凝土造,1070418,130.96,3,2,2,有,有,6700000,51161,坡道平面,33.06,0,,RPSNMLTLPHNFFDJ17CA
湖口鄉,房地(土地+建物)+車位,新竹縣湖口鄉中正五街1~30號,28.36,住,,,1061029,土地1建物1車位1,六層,七層,華廈(10層含以下有電梯),見其他登記事項,鋼筋混凝土造,1070418,130.96,3,2,2,有,有,6700000,51161,坡道平面,33.06,0,,RPTNMLTLPHNFFDJ27CA
湖口鄉,房地(土地+建物)+車位,新竹縣湖口鄉中正五街1~30號,28.36,住,,,1061026,土地1建物1車位1,七層,七層,華廈(10層含以下有電梯),見其他登記事項,鋼筋混凝土造,1070418,136.49,3,2,2,有,有,7780000,57001,坡道平面,33.06,0,,RPUNMLTLPHNFFDJ37CA
湖口鄉,房地(土地+建物)+車位,新竹縣湖口鄉中正五街1~30號,28.36,住,,,1070331,土地1建物1車位1,二層,七層,華廈(10層含以下有電梯),見其他登記事項,鋼筋混凝土造,1070418,130.96,3,2,2,有,有,6980000,53299,坡道平面,33.06,0,,RPVNMLTLPHNFFDJ47CA
湖口鄉,房地(土地+建物)+車位,新竹縣湖口鄉中正五街1~30號,28.36,住,,,1070505,土地1建物1車位1,六層,七層,華廈(10層含以下有電梯),見其他登記事項,鋼筋混凝土造,1070418,130.96,3,2,2,有,有,6700000,51161,坡道平面,33.06,0,,RPWNMLTLPHNFFDJ57CA
新豐鄉,房地(土地+建物),新竹縣新豐鄉振興街54巷69弄1~30號,22.93,住,,,1070520,土地2建物1車位0,三層,六層,華廈(10層含以下有電梯),住家用,鋼筋混凝土造,0830208,113.86,3,2,2,有,無,3800000,33374,,0.0,0,,RPUNMLLJQHNFFDJ09CA
新埔鎮,土地,內立段241~270地號,3134.0,,特定農業區,農牧用地,1070713,土地1建物0車位0,,,其他,,,,0.0,0,0,0,有,無,25596000,8167,,0.0,0,,RPRNMLKMPHNFFBJ78DA
新豐鄉,房地(土地+建物)+車位,新竹縣新豐鄉建興路一段157巷21弄1~30號,44.33,住,,,1070622,土地7建物1車位1,三層,六層,華廈(10層含以下有電梯),見其他登記事項,鋼筋混凝土造,1070213,133.66,3,2,2,有,有,7000000,52372,一樓平面,0.0,0,,RPOOMLTJQHNFFDJ76CA
新豐鄉,房地(土地+建物)+車位,新竹縣新豐鄉康樂路一段510巷1~30號,22.05,,鄉村區,乙種建築用地,1070622,土地2建物1車位1,十層,十一層,住宅大樓(11層含以上有電梯),見其他登記事項,鋼筋混凝土造,1060523,92.38,2,2,1,有,有,4870000,52717,其他,5.68,0,,RPQNMLLKQHNFFDJ78CA
湖口鄉,房地(土地+建物),新竹縣湖口鄉工業二路1~30號,66.03,,工業區,丁種建築用地,1070715,土地1建物1車位0,全,三層,透天厝,住家用,鋼筋混凝土造,0861228,139.96,5,2,4,有,無,9000000,64304,,0.0,0,,RPQNMLLJQHNFFDJ78DA
新豐鄉,土地,中崙段391~420地號,96.0,,特定農業區,農牧用地,1070614,土地1建物0車位0,,,其他,,,,0.0,0,0,0,有,無,1416000,14750,,0.0,0,,RPQNMLLMPHNFFDJ98DA
橫山鄉,土地,大肚段香園小段121~150地號,1022.0,,特定農業區,農牧用地,1070530,土地3建物0車位0,,,其他,,,,0.0,0,0,0,有,無,6800000,6654,,0.0,0,,RPSNMLLMPHNFFCJ56EA
新埔鎮,土地,汶水坑段691~720地號,616.0,,山坡地保育區,農牧用地,1070706,土地1建物0車位0,,,其他,,,,0.0,0,0,0,有,無,924999,1502,,0.0,0,,RPQNMLPKQHNFFBJ09DA
竹北市,土地,泰和段721~750地號,86.24,工,,,1070626,土地1建物0車位0,,,其他,,,,0.0,0,0,0,有,無,2087068,24201,,0.0,0,,RPPPMLLLQHNFFBJ88DA
新豐鄉,房地(土地+建物),新竹縣新豐鄉十一股31~60號,76.2,,特定農業區,甲種建築用地,1070716,土地1建物1車位0,全,三層,透天厝,住家用,鋼筋混凝土造,1050118,148.06,3,2,2,有,無,6500000,43901,,0.0,0,,RPTNMLKKQHNFFDJ98CA
湖口鄉,房地(土地+建物),新竹縣湖口鄉中正路二段31~60號,78.44,住,,,1070609,土地1建物1車位0,二層，三層，四層，屋頂突出物，一層,四層,店面(店鋪),見其他登記事項,鋼筋混凝土造,1040818,248.29,4,3,3,有,有,14500000,58399,,0.0,0,,RPVNMLLJQHNFFDJ56CA
湖口鄉,房地(土地+建物)+車位,新竹縣湖口鄉中正五街1~30號,28.36,住,,,1070424,土地1建物1車位1,三層,七層,華廈(10層含以下有電梯),見其他登記事項,鋼筋混凝土造,1070418,130.96,3,2,2,有,有,6700000,51161,坡道平面,33.06,0,,RPSNMLKMPHNFFDJ98CA
湖口鄉,房地(土地+建物)+車位,新竹縣湖口鄉中正五街1~30號,28.36,住,,,1070601,土地1建物1車位1,三層,七層,華廈(10層含以下有電梯),見其他登記事項,鋼筋混凝土造,1070418,130.96,3,2,2,有,有,6700000,51161,坡道平面,33.06,0,,RPTNMLKMPHNFFDJ09CA
湖口鄉,房地(土地+建物)+車位,新竹縣湖口鄉中正五街1~30號,28.36,住,,,1061126,土地1建物1車位1,五層,七層,華廈(10層含以下有電梯),見其他登記事項,鋼筋混凝土造,1070418,130.96,3,2,2,有,有,6700000,51161,坡道平面,33.06,0,,RPUNMLKMPHNFFDJ56CA
湖口鄉,房地(土地+建物)+車位,新竹縣湖口鄉中正五街1~30號,28.36,住,,,1070510,土地1建物1車位1,五層,七層,華廈(10層含以下有電梯),見其他登記事項,鋼筋混凝土造,1070418,130.96,3,2,2,有,有,6700000,51161,坡道平面,33.06,0,,RPVNMLKMPHNFFDJ66CA
湖口鄉,房地(土地+建物)+車位,新竹縣湖口鄉中正五街1~30號,28.36,住,,,1061115,土地1建物1車位1,六層,七層,華廈(10層含以下有電梯),見其他登記事項,鋼筋混凝土造,1070418,130.96,3,2,2,有,有,6700000,51161,坡道平面,33.06,0,,RPXNMLKMPHNFFDJ86CA
新豐鄉,房地(土地+建物),新竹縣新豐鄉康泰路31~60號,9.6,住,,,1070717,土地1建物1車位0,二層,五層,套房(1房1廳1衛),住家用,鋼筋混凝土造,0950615,28.2,1,0,1,有,有,1470000,52128,,0.0,0,,RPPNMLLJQHNFFDJ58CA
新豐鄉,土地,重興段511~540地號,68.86,商,,,1070709,土地1建物0車位0,,,其他,,,,0.0,0,0,0,有,無,3400000,49376,,0.0,0,增值稅由買方繳納 共125948元共有人間買賣,RPTNMLLMPHNFFDJ56CA
湖口鄉,房地(土地+建物),新竹縣湖口鄉民族街151~180號,65.0,住,,,1070714,土地1建物1車位0,全,二層,透天厝,住家用,加強磚造,0680303,81.78,4,2,4,有,無,7800000,95378,,0.0,0,,RPPOMLLMPHNFFDJ88CA
湖口鄉,房地(土地+建物),新竹縣湖口鄉湖中路76巷31~60號,186.0,,特定農業區,甲種建築用地,1070701,土地1建物1車位0,全,二層,透天厝,住家用,鋼筋混凝土造,,209.63,4,2,3,有,有,9360000,44650,,0.0,0,,RPOOMLNJQHNFFDJ78CA
湖口鄉,房地(土地+建物),新竹縣湖口鄉中山路二段331~360號,54.0,住,,,1070622,土地1建物1車位0,全,二層,透天厝,住家用,加強磚造,0661215,90.3,2,2,2,有,無,6000000,66445,,0.0,0,,RPPOMLNJQHNFFDJ88CA
橫山鄉,房地(土地+建物),新竹縣橫山鄉永昌街123巷1弄1~30號,132.75,住,,,1070526,土地2建物1車位0,全,四層,透天厝,見其他登記事項,鋼筋混凝土造,1060110,189.53,4,2,3,有,無,10000000,52762,,0.0,0,,RPPNMLQJQHNFFCJ98CA
寶山鄉,土地,寶山段沙湖壢小段841~870地號,1108.0,,山坡地保育區,林業用地,1070617,土地1建物0車位0,,,其他,,,,0.0,0,0,0,有,無,2600000,2347,,0.0,0,,RPOOMLNJQHNFFCJ68CA
北埔鄉,土地,公園段511~540地號,90.4,其他,,,1070321,土地5建物0車位0,,,其他,,,,0.0,0,0,0,有,無,1000000,11062,,0.0,0,,RPROMLMJQHNFFCJ88CA
竹東鎮,房地(土地+建物),新竹縣竹東鎮東峰路220巷1~30號,88.0,住,,,1070528,土地2建物1車位0,全,二層,透天厝,,鋼筋混凝土造,,137.7,4,1,3,有,無,4300000,31227,,0.0,0,親友、員工或其他特殊關係間之交易。,RPQNMLNJQHNFFCJ78CA
寶山鄉,土地,雙峰段301~330地號,27.99,,山坡地保育區,農牧用地,1070410,土地1建物0車位0,,,其他,,,,0.0,0,0,0,有,無,127033,4539,,0.0,0,,RPVNMLNJQHNFFCJ66CA
寶山鄉,土地,莒光段601~630地號,19889.97,,山坡地保育區,農牧用地,1061213,土地11建物0車位0,,,其他,,,,0.0,0,0,0,有,無,33500000,1684,,0.0,0,,RPUNMLRJQHNFFCJ96CA
竹東鎮,房地(土地+建物)+車位,新竹縣竹東鎮中豐路三段91~120號,16.9,住,,,1070708,土地1建物1車位1,三層,十二層,住宅大樓(11層含以上有電梯),住家用,鋼筋混凝土造,0840720,182.25,4,2,2,有,有,4300000,23594,坡道平面,0.0,0,,RPTOMLTJQHNFFCJ17CA
竹東鎮,房地(土地+建物)+車位,新竹縣竹東鎮北興路三段241~270號,46.51,住,,,1070603,土地1建物1車位2,九層,十三層,住宅大樓(11層含以上有電梯),見其他登記事項,鋼筋混凝土造,1041019,263.39,4,2,2,有,有,12800000,48597,坡道平面,64.44,0,,RPTNMLMKQHNFFCJ09CA
芎林鄉,土地,竹林段1201~1230地號,3483.45,,特定農業區,農牧用地,1070625,土地1建物0車位0,,,其他,,,,0.0,0,0,0,有,無,15270000,4384,,0.0,0,,RPWOMLOLQHNFFCJ17CA
北埔鄉,土地,環湖段871~900地號,6472.56,,山坡地保育區,農牧用地,1070610,土地2建物0車位0,,,其他,,,,0.0,0,0,0,有,無,5406000,835,,0.0,0,,RPWNMLLMPHNFFCJ76CA
竹東鎮,土地,下員段691~720地號,404.0,農,,,1070626,土地1建物0車位0,,,其他,,,,0.0,0,0,0,有,無,11500000,28465,,0.0,0,,RPOOMLLMPHNFFCJ68CA
寶山鄉,房地(土地+建物),新竹縣寶山鄉雙豐二街91~120號,39.74,住,,,1070712,土地1建物1車位0,六層,七層,華廈(10層含以下有電梯),見其他登記事項,鋼筋混凝土造,1050929,129.26,3,2,2,有,有,8380000,64831,,0.0,0,,RPPOMLLMPHNFFCJ78CA
寶山鄉,房地(土地+建物)+車位,新竹縣寶山鄉雙豐二街121~150號,41.56,住,,,1070716,土地1建物1車位1,二層,七層,華廈(10層含以下有電梯),見其他登記事項,鋼筋混凝土造,1050929,164.5,3,2,2,有,有,9180000,59424,坡道平面,29.37,1150000,,RPQOMLLMPHNFFCJ88CA
寶山鄉,土地,大雅段481~510地號,355.09,,山坡地保育區,丙種建築用地,1070608,土地5建物0車位0,,,其他,,,,0.0,0,0,0,有,無,6300000,17742,,0.0,0,,RPROMLLMPHNFFCJ98CA
竹東鎮,房地(土地+建物),新竹縣竹東鎮竹中路128巷1~30號,8.21,住,,,1070704,土地1建物1車位0,五層,七層,套房(1房1廳1衛),見其他登記事項,鋼筋混凝土造,0970117,34.379999999999995,1,1,1,有,無,2980000,86678,,0.0,0,,RPSOMLLMPHNFFCJ09CA
寶山鄉,土地,雙峰段421~450地號,2046.94,,山坡地保育區,水利用地,1070410,土地4建物0車位0,,,其他,,,,0.0,0,0,0,有,無,9287967,4537,,0.0,0,,RPVOMLLMPHNFFCJ76CA
峨眉鄉,土地,富興段水流東小段211~240地號,2921.5,,山坡地保育區,農牧用地,1070627,土地2建物0車位0,,,其他,,,,0.0,0,0,0,有,無,4950000,1694,,0.0,0,,RPUNMLKMPHNFFCJ09CA
新埔鎮,房地(土地+建物)+車位,新竹縣新埔鎮福德街391~420號,19.49,商,,,1070330,土地1建物1車位1,十二層,十三層,住宅大樓(11層含以上有電梯),住家用,鋼筋混凝土造,1070412,172.64,3,2,2,有,無,7350000,42574,坡道平面,32.77,0,,RPSNMLKLQHNFFBJ78CA
竹北市,房地(土地+建物),新竹縣竹北市中正西路280巷1弄1~30號,23.65,住,,,1070706,土地1建物1車位0,二層,四層,公寓(5樓含以下無電梯),住家用,鋼筋混凝土造,0720630,88.38,3,2,2,有,無,3500000,39602,,0.0,0,,RPXNMLKLQHNFFBJ66CA
竹北市,房地(土地+建物)+車位,新竹縣竹北市六家五路一段331~360號,49.64,住,,,1070427,土地1建物1車位1,十二層,二十二層,住宅大樓(11層含以上有電梯),住家用,鋼筋混凝土造,1060705,240.89,4,2,3,有,有,20580000,94675,坡道平面,38.83,1450000,,RPRNMLLKQHNFFBJ68CA
竹北市,房地(土地+建物),新竹縣竹北市東海一街295巷1~30號,85.75,,特定農業區,甲種建築用地,1070621,土地2建物1車位0,全,四層,透天厝,住家用,鋼筋混凝土造,0901122,200.39,4,2,3,有,無,11500000,57388,,0.0,0,,RPXOMLNKQHNFFBJ96CA
竹北市,房地(土地+建物)+車位,新竹縣竹北市新工五路1~30號,22.58,住,,,1070522,土地1建物1車位2,六層,十層,華廈(10層含以下有電梯),住家用,鋼筋混凝土造,1030128,122.30000000000001,2,2,1,有,有,5000000,40883,坡道機械,30.8,0,,RPXNMLMJQHNFFBJ66CA
竹北市,房地(土地+建物),新竹縣竹北市國光街6巷1~30號,5.23,住,,,1070701,土地1建物1車位0,五層,六層,套房(1房1廳1衛),住家用,鋼筋混凝土造,0810513,24.88,1,1,1,有,有,1100000,44212,,0.0,0,,RPOOMLMJQHNFFBJ48CA
竹北市,房地(土地+建物)+車位,新竹縣竹北市嘉豐六路二段31~60號,21.25,商,,,1070629,土地1建物1車位1,二層,十五層,住宅大樓(11層含以上有電梯),住家用,鋼筋混凝土造,1010827,161.51,3,2,2,有,有,9550000,59129,坡道平面,31.6,0,,RPPOMLMJQHNFFBJ58CA
竹北市,房地(土地+建物)+車位,新竹縣竹北市六家五路一段211~240號,16.12,商,,,1070705,土地1建物1車位1,十層,十四層,住宅大樓(11層含以上有電梯),住家用,鋼筋混凝土造,1030127,134.48000000000002,2,2,1,有,有,8400000,62463,坡道平面,30.36,0,,RPTQMLLJQHNFFBJ09CA
竹北市,房地(土地+建物)+車位,新竹縣竹北市興隆路一段31~60號,28.4,住,,,1070709,土地1建物1車位2,十二層,十五層,住宅大樓(11層含以上有電梯),住家用,鋼筋混凝土造,1011012,215.81,3,2,2,有,有,10280000,47634,坡道平面,74.4,0,,RPSRMLLJQHNFFBJ09CA
竹北市,房地(土地+建物),新竹縣竹北市民權街17巷1~30號,5.54,商,,,1070703,土地1建物1車位0,十層,十九層,住宅大樓(11層含以上有電梯),商業用,鋼筋混凝土造,0840420,77.13,2,2,1,有,有,3300000,42785,,0.0,0,,RPTRMLLJQHNFFBJ56CA
竹北市,房地(土地+建物)+車位,新竹縣竹北市縣政五街32巷1~30號,20.89,住,,,1070708,土地1建物1車位1,四層,八層,華廈(10層含以下有電梯),住家用,鋼筋混凝土造,0830318,117.53999999999999,3,2,2,有,有,6360000,54109,坡道平面,0.0,0,,RPUOMLQJQHNFFBJ86CA
竹北市,房地(土地+建物)+車位,新竹縣竹北市復興三路二段1~30號,39.0,商,,,1070617,土地1建物1車位2,十九層,二十層,住宅大樓(11層含以上有電梯),住家用,鋼筋混凝土造,1050111,349.12,4,2,3,有,有,36780000,124833,坡道平面,79.32,3100000,,RPRNMLSJQHNFFBJ66CA
竹北市,房地(土地+建物)+車位,新竹縣竹北市六家一路一段241~270號,49.36,住,,,1070416,土地1建物1車位2,十一層,十一層,住宅大樓(11層含以上有電梯),住家用,鋼筋混凝土造,1070111,239.01,3,2,2,有,有,15980000,87497,坡道平面,89.52,2900000,,RPRNMLLMPHNFFBJ78CA
竹北市,房地(土地+建物),新竹縣竹北市鳳岡路五段631~660號,77.0,,鄉村區,乙種建築用地,1050615,土地4建物1車位0,全,四層,透天厝,住商用,鋼筋混凝土造,1070130,138.18,3,1,3,有,有,7650000,55363,,0.0,0,,RPROMLLJQHNFFBJ68CA
竹北市,房地(土地+建物),新竹縣竹北市鳳岡路五段631~660號,71.51,,鄉村區,乙種建築用地,1050627,土地4建物1車位0,全,四層,透天厝,住商用,鋼筋混凝土造,1070130,134.37,3,1,3,有,有,7450000,55444,,0.0,0,,RPSOMLLJQHNFFBJ78CA
竹北市,房地(土地+建物),新竹縣竹北市鳳岡路五段642巷6弄1~30號,72.2,,鄉村區,乙種建築用地,1060223,土地3建物1車位0,全,三層,透天厝,住家用,鋼筋混凝土造,1070130,161.04,4,1,3,有,有,7550000,46883,,0.0,0,,RPTOMLLJQHNFFBJ88CA
竹北市,房地(土地+建物)+車位,新竹縣竹北市六家六街91~120號,25.36,住,,,1070331,土地1建物1車位1,六層,九層,華廈(10層含以下有電梯),住家用,鋼筋混凝土造,0950719,140.82999999999998,3,2,2,有,有,8500000,60356,坡道平面,0.0,1000000,含增建物。,RPTOMLLMPHNFFBJ09CA
竹北市,房地(土地+建物)+車位,新竹縣竹北市高鐵七路61~90號,16.04,商,,,1070620,土地1建物1車位1,十三層,十八層,辦公商業大樓,商業用,鋼筋混凝土造,0990208,133.54,0,0,1,有,有,8000000,59907,坡道機械,18.82,0,,RPWOMLLMPHNFFBJ76CA
竹北市,土地,中興段811~840地號,29.17,其他,,,1070625,土地1建物0車位0,,,其他,,,,0.0,0,0,0,有,無,2300000,78848,,0.0,0,,RPXOMLLMPHNFFBJ86CA
竹北市,房地(土地+建物),新竹縣竹北市鳳岡路五段642巷6弄1~30號,73.62,,鄉村區,乙種建築用地,1050729,土地3建物1車位0,全,三層,透天厝,住家用,鋼筋混凝土造,1070130,157.19,4,1,3,有,有,7500000,47713,,0.0,0,,RPVOMLLJQHNFFBJ09CA
竹北市,房地(土地+建物),新竹縣竹北市鳳岡路五段642巷12弄1~30號,73.62,,鄉村區,乙種建築用地,1070510,土地3建物1車位0,全,三層,透天厝,住家用,鋼筋混凝土造,1070130,157.02,4,1,3,有,有,7580000,48274,,0.0,0,,RPQPMLLJQHNFFBJ68CA
竹北市,房地(土地+建物),新竹縣竹北市鳳岡路五段642巷6弄1~30號,73.62,,鄉村區,乙種建築用地,1060427,土地3建物1車位0,全,三層,透天厝,住家用,鋼筋混凝土造,1070130,137.49,3,1,3,有,有,6880000,50040,,0.0,0,,RPXOMLLJQHNFFBJ66CA
竹北市,房地(土地+建物),新竹縣竹北市鳳岡路五段642巷12弄1~30號,73.62,,鄉村區,乙種建築用地,1060720,土地3建物1車位0,全,三層,透天厝,住家用,鋼筋混凝土造,1070130,157.02,4,1,3,有,有,8500000,54133,,0.0,0,,RPTPMLLJQHNFFBJ98CA
竹北市,房地(土地+建物),新竹縣竹北市鳳岡路五段642巷12弄1~30號,73.62,,鄉村區,乙種建築用地,1060920,土地3建物1車位0,全,三層,透天厝,住家用,鋼筋混凝土造,1070130,159.2,4,1,3,有,有,7700000,48367,,0.0,0,,RPUPMLLJQHNFFBJ09CA
竹北市,房地(土地+建物),新竹縣竹北市鳳岡路五段642巷12弄1~30號,73.62,,鄉村區,乙種建築用地,1070525,土地3建物1車位0,全,三層,透天厝,住家用,鋼筋混凝土造,1070130,137.68,3,1,3,有,有,6900000,50116,,0.0,0,,RPVPMLLJQHNFFBJ56CA
竹北市,房地(土地+建物),新竹縣竹北市鳳岡路五段642巷12弄1~30號,73.62,,鄉村區,乙種建築用地,1050730,土地3建物1車位0,全,三層,透天厝,住家用,鋼筋混凝土造,1070130,137.48,3,1,3,有,有,6880000,50044,,0.0,0,,RPWPMLLJQHNFFBJ66CA
竹北市,房地(土地+建物),新竹縣竹北市鳳岡路五段642巷18弄1~30號,73.62,,鄉村區,乙種建築用地,1050906,土地3建物1車位0,全,三層,透天厝,住家用,鋼筋混凝土造,1070130,139.7,3,1,3,有,有,7120000,50966,,0.0,0,,RPSQMLLJQHNFFBJ98CA
竹北市,房地(土地+建物),新竹縣竹北市鳳岡路五段642巷12弄1~30號,73.62,,鄉村區,乙種建築用地,1050730,土地3建物1車位0,全,三層,透天厝,住家用,鋼筋混凝土造,1070130,137.68,3,1,3,有,有,6880000,49971,,0.0,0,,RPPQMLLJQHNFFBJ68CA
竹北市,土地,隘興段421~450地號,153.91,住,,,1070511,土地1建物0車位0,,,其他,,,,0.0,0,0,0,有,無,18620000,120980,,0.0,0,,RPPOMLLMPHNFFBJ68CA
新埔鎮,土地,石頭坑段301~330地號,2508.75,,山坡地保育區,林業用地,1070620,土地5建物0車位0,,,其他,,,,0.0,0,0,0,有,無,2759625,1100,,0.0,0,,RPWNMLSJQHNFFBJ17CA
竹北市,房地(土地+建物)+車位,新竹縣竹北市勝利十一路61~90號,13.15,商,,,1070526,土地1建物1車位1,十九層,二十一層,住宅大樓(11層含以上有電梯),住家用,鋼筋混凝土造,1050921,162.22,3,2,2,有,有,10520000,69265,坡道平面,29.83,1350000,,RPQPMLNJQHNFFBJ88CA
竹北市,房地(土地+建物),新竹縣竹北市鳳岡路五段642巷18弄1~30號,73.62,,鄉村區,乙種建築用地,1060716,土地3建物1車位0,全,三層,透天厝,住家用,鋼筋混凝土造,1070130,137.67,3,1,3,有,有,7070000,51355,,0.0,0,,RPVQMLLJQHNFFBJ66CA
竹北市,房地(土地+建物),新竹縣竹北市鳳岡路五段642巷18弄1~30號,73.62,,鄉村區,乙種建築用地,1050630,土地3建物1車位0,全,三層,透天厝,住家用,鋼筋混凝土造,1070130,137.49,3,1,3,有,有,7050000,51276,,0.0,0,,RPWQMLLJQHNFFBJ76CA
竹北市,房地(土地+建物),新竹縣竹北市鳳岡路五段642巷17弄1~30號,60.87,,鄉村區,乙種建築用地,1050627,土地3建物1車位0,全,四層,透天厝,住家用,鋼筋混凝土造,1070130,139.79,3,1,3,有,有,6380000,45640,,0.0,0,,RPXQMLLJQHNFFBJ86CA
竹北市,房地(土地+建物),新竹縣竹北市鳳岡路五段642巷17弄1~30號,73.62,,鄉村區,乙種建築用地,1050904,土地3建物1車位0,全,三層,透天厝,住家用,鋼筋混凝土造,1070130,137.49,3,1,3,有,有,6880000,50040,,0.0,0,,RPORMLLJQHNFFBJ68CA
竹北市,房地(土地+建物),新竹縣竹北市鳳岡路五段642巷17弄1~30號,116.11,,鄉村區,乙種建築用地,1050728,土地3建物1車位0,全,三層,透天厝,住家用,鋼筋混凝土造,1070130,148.14,3,1,3,有,有,7400000,49953,,0.0,0,,RPPRMLLJQHNFFBJ78CA
竹北市,房地(土地+建物)+車位,新竹縣竹北市嘉勤南路91~120號,44.03,住,,,1070626,土地1建物1車位1,一層,六層,華廈(10層含以下有電梯),商業用,鋼筋混凝土造,1010111,168.03,4,2,4,有,有,16500000,98197,坡道機械,0.0,500000,,RPSOMLRKQHNFFBJ86CA
關西鎮,土地,大旱坑段大東坑小段1~30地號,241.97,,山坡地保育區,農牧用地,1070528,土地1建物0車位0,,,其他,,,,0.0,0,0,0,有,無,960000,3967,,0.0,0,,RPRPMLRKQHNFFBJ86CA
竹北市,房地(土地+建物),新竹縣竹北市新工五路1~30號,17.5,住,,,1070702,土地1建物1車位0,五層,十層,華廈(10層含以下有電梯),住家用,鋼筋混凝土造,1030128,73.36,2,1,1,有,有,3950000,53844,,0.0,0,,RPRPMLKKQHNFFBJ78CA
關西鎮,土地,大旱坑段大東坑小段1~30地號,2827.35,,山坡地保育區,農牧用地,1070528,土地2建物0車位0,,,其他,,,,0.0,0,0,0,有,無,14290000,5054,,0.0,0,,RPROMLOLQHNFFBJ56CA
新埔鎮,土地,和平段1141~1170地號,467.58,農,,,1070522,土地3建物0車位0,,,其他,,,,0.0,0,0,0,有,無,8400000,17965,,0.0,0,,RPXNMLTLQHNFFBJ57CA
峨眉鄉,土地,石硬子段社寮坑小段361~390地號,33.08,,山坡地保育區,林業用地,1070721,土地1建物0車位0,,,其他,,,,0.0,0,0,0,有,無,100000,3023,,0.0,0,,RPRNMLLJQHNFFCJ68CA
竹東鎮,房地(土地+建物)+車位,新竹縣竹東鎮光明路126巷87弄31~60號,23.63,其他,,,1070627,土地3建物2車位1,八層,十五層,住宅大樓(11層含以上有電梯),見其他登記事項,鋼筋混凝土造,1040325,157.95,3,2,2,有,有,7200000,45584,其他,0.0,0,,RPTOMLLJQHNFFCJ98CA
竹東鎮,房地(土地+建物),新竹縣竹東鎮南寧路91巷2弄1~30號,69.0,住,,,1070630,土地1建物1車位0,全,二層,透天厝,住家用,鋼筋混凝土造,0690114,86.4,4,2,2,有,無,4880000,56481,,0.0,0,,RPQPMLLJQHNFFCJ78CA
竹東鎮,房地(土地+建物),新竹縣竹東鎮明星路216巷1~30號,92.28,住,,,1070701,土地4建物1車位0,全,四層,透天厝,住家用,鋼筋混凝土造,0820320,183.56,4,2,3,有,無,6800000,37045,,0.0,0,,RPQNMLMKQHNFFCJ78CA
寶山鄉,土地,雞油凸段雞油凸小段61~90地號,54263.0,,山坡地保育區,林業用地,1070706,土地12建物0車位0,,,其他,,,,0.0,0,0,0,有,無,25000000,461,,0.0,0,,RPUNMLMJQHNFFCJ09CA
竹東鎮,房地(土地+建物)+車位,新竹縣竹東鎮自強路31~60號,19.91,住,,,1070615,土地3建物1車位1,三層,七層,華廈(10層含以下有電梯),住家用,鋼筋混凝土造,0801213,101.68,3,2,1,有,無,4600000,45240,坡道機械,0.0,0,,RPSNMLQJQHNFFCJ66CA
橫山鄉,土地,新頭分林段811~840地號,232.56,,山坡地保育區,農牧用地,1070709,土地1建物0車位0,,,其他,,,,0.0,0,0,0,有,無,1800000,7740,,0.0,0,,RPUNMLQJQHNFFCJ86CA
寶山鄉,土地,雞油凸段三叉凸小段211~240地號,231.0,,山坡地保育區,丙種建築用地,1070430,土地1建物0車位0,,,其他,,,,0.0,0,0,0,有,有,7300000,31602,,0.0,0,,RPPOMLQJQHNFFCJ09CA
新豐鄉,房地(土地+建物)+車位,新竹縣新豐鄉學府街72巷1~30號,23.22,住,,,1070516,土地1建物1車位1,四層,七層,華廈(10層含以下有電梯),見其他登記事項,鋼筋混凝土造,1070213,85.38,3,2,2,有,有,6700000,78341,坡道機械,9.43,750000,,RPQNMLQJQHNFFDJ56CA
新豐鄉,房地(土地+建物)+車位,新竹縣新豐鄉學府街72巷1~30號,22.79,住,,,1070618,土地1建物1車位1,四層,七層,華廈(10層含以下有電梯),見其他登記事項,鋼筋混凝土造,1070213,79.39,2,2,1,有,有,6300000,80046,升降機械,9.43,700000,,RPRNMLQJQHNFFDJ66CA
新豐鄉,房地(土地+建物)+車位,新竹縣新豐鄉學府街72巷1~30號,25.11,住,,,1070605,土地1建物1車位1,三層,七層,華廈(10層含以下有電梯),見其他登記事項,鋼筋混凝土造,1070213,89.91,3,2,2,有,有,6880000,75547,坡道機械,9.43,800000,,RPSNMLQJQHNFFDJ76CA
新豐鄉,房地(土地+建物)+車位,新竹縣新豐鄉學府街72巷1~30號,23.8,住,,,1070630,土地1建物1車位1,七層,七層,華廈(10層含以下有電梯),見其他登記事項,鋼筋混凝土造,1061020,87.88,2,2,1,有,有,6500000,74251,坡道機械,10.44,750000,,RPVNMLQJQHNFFDJ07CA
湖口鄉,土地,汶山段31~60地號,14.44,,特定農業區,水利用地,1070710,土地1建物0車位0,,,其他,,,,0.0,0,0,0,有,無,68000,4709,,0.0,0,,RPQNMLMJQHNFFDJ78CA
湖口鄉,房地(土地+建物),新竹縣湖口鄉達生一街31~60號,153.67,住,,,1070619,土地1建物1車位0,全,四層,透天厝,見其他登記事項,鋼筋混凝土造,1040626,334.71,4,3,6,有,無,19500000,58259,,0.0,0,,RPXOMLQJQHNFFDJ37CA
新豐鄉,房地(土地+建物),新竹縣新豐鄉永寧街40巷91~120號,90.18,住,,,1070703,土地1建物1車位0,全,四層,透天厝,住家用,鋼筋混凝土造,0810505,218.35,5,1,4,有,無,6500000,29769,,0.0,0,,RPQNMLTJQHNFFDJ86CA
湖口鄉,房地(土地+建物),新竹縣湖口鄉新興路751~780號,128.94,,鄉村區,乙種建築用地,1070531,土地3建物1車位0,全,三層,透天厝,住家用,加強磚造,0701228,105.32,2,2,2,有,無,4800000,45575,,0.0,0,,RPUNMLKKQHNFFDJ09CA
新豐鄉,房地(土地+建物),新竹縣新豐鄉新庄路121~150號,35.75,住,,,1070624,土地1建物1車位0,一層，地下層,七層,店面(店鋪),住商用,鋼筋混凝土造,0821103,174.45,0,2,1,有,有,6500000,37260,,0.0,0,,RPVNMLKKQHNFFDJ56CA
新豐鄉,房地(土地+建物),新竹縣新豐鄉新庄路121~150號,22.64,住,,,1070624,土地1建物1車位0,一層，地下層,七層,店面(店鋪),住商用,鋼筋混凝土造,0821103,115.94,0,2,1,有,無,5250000,45282,,0.0,0,,SPVNMLKKQHNFFDJ66CA
新豐鄉,房地(土地+建物),新竹縣新豐鄉榮華街88巷2弄1~30號,90.59,,鄉村區,乙種建築用地,1070628,土地1建物1車位0,全,二層,透天厝,住家用,加強磚造,0690618,86.8,4,2,2,有,無,5000000,57604,,0.0,0,,RPSNMLOKQHNFFDJ66CA
湖口鄉,土地,中美段1231~1260地號,2323.65,農,,,1070711,土地4建物0車位0,,,其他,,,,0.0,0,0,0,有,無,16880000,7264,,0.0,0,現況土地部分流失河道占用；匹鄰有電塔,RPVNMLRKQHNFFDJ27CA
新豐鄉,土地,榮華段451~480地號,96.38,,鄉村區,乙種建築用地,1070703,土地1建物0車位0,,,其他,,,,0.0,0,0,0,有,無,1773392,18400,,0.0,0,,RPOOMLLMPHNFFDJ88DA
湖口鄉,土地,湖南段1291~1320地號,1810.0,,特定農業區,農牧用地,1070719,土地1建物0車位0,,,其他,,,,0.0,0,0,0,有,無,5068000,2800,,0.0,0,,RPSNMLLJQHNFFDJ98DA
湖口鄉,房地(土地+建物),新竹縣湖口鄉中興街1~30號,66.0,住,,,1070623,土地3建物1車位0,全,二層,透天厝,住家用,加強磚造,0600601,109.23,3,2,2,有,無,2477600,22682,,0.0,0,,RPTNMLLJQHNFFDJ09DA
