﻿編號,土地區段位置,土地移轉面積(平方公尺),使用分區或編定
The serial number,land sector position,land shifting area (square meter),the use zoning or compiles and checks
RPXQMLQLPHNFFBJ47CA,隘興段,32.60,都市：住
RPQOMLOLPHNFFBJ98CA,溝貝段,34.00,非都市：特定農業區 ; 非都市編定：農牧用地
RPQOMLOLPHNFFBJ98CA,溝貝段,2.00,非都市：特定農業區 ; 非都市編定：農牧用地
RPQOMLOLPHNFFBJ98CA,溝貝段,4.17,非都市：特定農業區 ; 非都市編定：甲種建築用地
RPQOMLOLPHNFFBJ98CA,溝貝段,1.00,非都市：特定農業區 ; 非都市編定：甲種建築用地
RPQOMLOLPHNFFBJ98CA,溝貝段,27.61,非都市：特定農業區 ; 非都市編定：甲種建築用地
RPQOMLOLPHNFFBJ98CA,溝貝段,.12,非都市：特定農業區 ; 非都市編定：甲種建築用地
RPWOMLOLPHNFFBJ96CA,台科段,29.52,都市：住
RPPPMLOLPHNFFBJ98CA,隘興段,31.49,都市：住
RPRSMLQLPHNFFBJ07CA,自強段,20.55,都市：商
RPOSMLPLPHNFFBJ66CA,上寮段,71.05,非都市：山坡地保育區 ; 非都市編定：丙種建築用地
RPQNMLPLPHNFFBJ98CA,國義段,26.83,都市：住
RPPNMLNJQHNFFBJ58CA,竹北段,75.00,都市：住
RPPSMLQLPHNFFBJ86CA,翰林段,25.54,都市：住
RPUPMLPLPHNFFBJ96CA,莊敬段,8.53,都市：商
RPROMLPLPHNFFBJ56CA,莊敬段,8.53,都市：商
RPPOMLPLPHNFFBJ98CA,莊敬段,8.53,都市：商
RPPQMLKMPHNFFBJ78CA,公園段,139.09,都市：住
RPURMLSJQHNFFBJ37CA,莊敬段,11.66,都市：商
RPVRMLSJQHNFFBJ47CA,莊敬段,11.58,都市：商
RPTRMLSJQHNFFBJ27CA,莊敬段,11.66,都市：商
RPWRMLSJQHNFFBJ57CA,莊敬段,11.66,都市：商
RPXRMLSJQHNFFBJ67CA,莊敬段,11.66,都市：商
RPOSMLSJQHNFFBJ86CA,莊敬段,11.58,都市：商
RPTNMLTJQHNFFBJ96CA,莊敬段,9.79,都市：商
RPQNMLTJQHNFFBJ66CA,莊敬段,10.32,都市：商
RPSNMLTJQHNFFBJ86CA,莊敬段,9.79,都市：商
RPUNMLTJQHNFFBJ07CA,莊敬段,9.79,都市：商
RPVNMLTJQHNFFBJ17CA,莊敬段,9.79,都市：商
RPOOMLTJQHNFFBJ56CA,莊敬段,9.79,都市：商
RPUQMLRJQHNFFBJ17CA,隘興段,2.10,都市：住
RPQNMLMKQHNFFBJ68CA,永興段,18.14,都市：住
RPPNMLOLPHNFFCJ88CA,頭重埔段,65.33,都市：其他
RPPNMLOLPHNFFCJ88CA,頭重埔段,123.83,都市：其他
RPQNMLLMPHNFFBJ68CA,翰林段,9.72,都市：住
RPOOMLLLQHNFFBJ58CA,關農段,19.42,都市：商
RPQOMLMJQHNFFCJ78CA,竹林段,775.34,非都市：特定農業區 ; 非都市編定：農牧用地
RPTPMLNJQHNFFBJ56CA,莊敬段,21.85,都市：商
RPSPMLNJQHNFFBJ09CA,莊敬段,21.46,都市：商
RPTOMLLLQHNFFBJ09CA,新國段,19.67,都市：住
RPUOMLLLQHNFFBJ56CA,新國段,19.67,都市：住
RPPNMLPJQHNFFCJ88CA,新庄段,333.23,非都市：特定農業區 ; 非都市編定：農牧用地
RPXNMLNLPHNFFDJ07CA,東湖段,81.60,都市：其他
RPXNMLNLPHNFFDJ07CA,東湖段,165.60,都市：其他
RPQPMLOKQHNFFBJ09CA,莊敬段,9.79,都市：商
RPXOMLNLPHNFFDJ17CA,文昌段,263.30,都市：其他
RPXOMLNLPHNFFDJ17CA,文昌段,263.30,都市：其他
RPQPMLNLPHNFFDJ56CA,中興段復興小段,15.67,非都市：工業區 ; 非都市編定：丁種建築用地
RPVNMLPKQHNFFCJ96CA,雙高段,448.45,非都市：山坡地保育區 ; 非都市編定：農牧用地
RPVNMLPKQHNFFCJ96CA,雙高段,163.94,非都市：山坡地保育區 ; 非都市編定：農牧用地
RPVNMLPKQHNFFCJ96CA,雙高段,1536.40,非都市：山坡地保育區 ; 非都市編定：農牧用地
RPOPMLNLPHNFFDJ98CA,福陽段,74.45,非都市：鄉村區 ; 非都市編定：乙種建築用地
RPWNMLRLPHNFFCJ27CA,敦睦段,8.99,都市：住
RPWNMLRLPHNFFCJ27CA,敦睦段,149.89,都市：住
RPWNMLRLPHNFFCJ27CA,敦睦段,4.54,都市：住
RPROMLLJQHNFFCJ78CA,資源段,4.58,都市：住
RPROMLLJQHNFFCJ78CA,資源段,9.20,都市：商
RPSNMLQLPHNFFDJ86CA,汶山段,224.73,非都市：特定農業區 ; 非都市編定：甲種建築用地
RPOOMLLJQHNFFCJ48CA,志學段,8.65,都市：住
RPOOMLLJQHNFFCJ48CA,志學段,.15,都市：工
RPPPMLQJQHNFFDJ66CA,湖南段,41.56,非都市：鄉村區 ; 非都市編定：乙種建築用地
RPROMLQJQHNFFDJ76CA,建興段鳳凰小段,20.91,非都市：工業區 ; 非都市編定：丁種建築用地
RPUNMLOLPHNFFBJ76DA,三聖段,1134.89,非都市：山坡地保育區 ; 非都市編定：農牧用地
RPPOMLQJQHNFFDJ56CA,員興段,133.04,非都市：山坡地保育區 ; 非都市編定：丙種建築用地
RPPOMLQJQHNFFDJ56CA,員興段,1.27,非都市：山坡地保育區 ; 非都市編定：丙種建築用地
RPPNMLOKQHNFFDJ98CA,中崙段,30.27,非都市：特定農業區 ; 非都市編定：甲種建築用地
RPRNMLSJQHNFFDJ86CA,中興段中興小段,19.44,非都市：工業區 ; 非都市編定：丁種建築用地
RPSNMLMLQHNFFCJ09CA,竹東段竹東小段,46.50,都市：住
RPSNMLMLQHNFFCJ09CA,竹東段竹東小段,48.00,都市：住
RPPNMLRLPHNFFDJ66CA,成功段,24.62,非都市：特定農業區 ; 非都市編定：甲種建築用地
RPVNMLOLPHNFFDJ96CA,中興段復興小段,20.46,非都市：工業區 ; 非都市編定：丁種建築用地
RPWNMLOLPHNFFDJ07CA,長嶺段,2513.00,非都市：特定農業區 ; 非都市編定：農牧用地
RPXNMLOLPHNFFDJ27DA,成功段,153.53,非都市：特定農業區 ; 非都市編定：甲種建築用地
RPXNMLOLPHNFFDJ27DA,成功段,10.74,非都市：特定農業區 ; 非都市編定：甲種建築用地
RPXNMLOLPHNFFDJ27DA,成功段,.48,非都市：特定農業區 ; 非都市編定：甲種建築用地
RPXNMLOLPHNFFDJ27DA,成功段,14.45,非都市：特定農業區 ; 非都市編定：甲種建築用地
RPTPMLQJQHNFFDJ07CA,中義段,71.22,都市：住
RPTPMLQJQHNFFDJ07CA,中義段,71.22,都市：住
RPOQMLKLQHNFFCJ78CA,上坪段,276.00,非都市：山坡地保育區 ; 非都市編定：丙種建築用地
RPSNMLRLPHNFFDJ96CA,中義段,72.09,都市：住
RPSNMLRLPHNFFDJ96CA,中義段,25.04,都市：住
RPOOMLPLPHNFFDJ09CA,信勢段,139.54,都市：住
RPRNMLPLPHNFFCJ76EA,大隘段,137.00,非都市：山坡地保育區 ; 非都市編定：農牧用地
RPTNMLQLPHNFFDJ96CA,員興段,80.40,非都市：山坡地保育區 ; 非都市編定：丙種建築用地
RPXNMLRLPHNFFCJ37CA,資源段,77.64,都市：住
RPXNMLRLPHNFFCJ37CA,資源段,.56,都市：住
RPPOMLTJQHNFFBJ66CA,莊敬段,15.12,都市：商
RPSNMLMJQHNFFCJ88CA,旭光段,.39,都市：其他
RPSNMLMJQHNFFCJ88CA,旭光段,23.55,都市：其他
RPPNMLNKQHNFFCJ78CA,明湖段,4.01,都市：住
RPPNMLNKQHNFFCJ78CA,明湖段,208.15,都市：住
RPPNMLNKQHNFFCJ78CA,明湖段,3.01,都市：住
RPPNMLNKQHNFFCJ78CA,明湖段,2.80,都市：住
RPPNMLNKQHNFFCJ78CA,明湖段,2.92,都市：住
RPPNMLNKQHNFFCJ78CA,明湖段,3.62,都市：住
RPPNMLNKQHNFFCJ78CA,明湖段,.63,都市：住
RPROMLTJQHNFFBJ86CA,莊敬段,15.12,都市：商
RPQOMLTJQHNFFBJ76CA,莊敬段,14.74,都市：商
RPRNMLPLPHNFFDJ66CA,中崙段,28.74,非都市：特定農業區 ; 非都市編定：甲種建築用地
RPSOMLTJQHNFFBJ96CA,莊敬段,14.74,都市：商
RPUOMLTJQHNFFBJ17CA,莊敬段,15.12,都市：商
RPPNMLMKQHNFFDJ78CA,中崙段,14.38,非都市：特定農業區 ; 非都市編定：甲種建築用地
RPPNMLMKQHNFFDJ78CA,中崙段,70.00,非都市：特定農業區 ; 非都市編定：甲種建築用地
RPRNMLQLPHNFFCJ66CA,東寧段,55.00,都市：住
RPQPMLTJQHNFFBJ86CA,莊敬段,15.08,都市：商
RPPPMLTJQHNFFBJ76CA,莊敬段,15.31,都市：商
RPOPMLTJQHNFFBJ66CA,莊敬段,14.48,都市：商
RPRPMLTJQHNFFBJ96CA,莊敬段,15.54,都市：商
RPXNMLNJQHNFFCJ86CA,廣福段,64.18,都市：住
RPTNMLKMPHNFFCJ98CA,大隘段,1348.33,非都市：山坡地保育區 ; 非都市編定：林業用地
RPUNMLPLPHNFFCJ86CA,東寧段,126.00,都市：住
RPUNMLPLPHNFFCJ86CA,東寧段,23.45,都市：住
RPUNMLPLPHNFFCJ86CA,東寧段,1.50,都市：住
RPTPMLTJQHNFFBJ17CA,莊敬段,15.12,都市：商
RPXPMLTJQHNFFBJ57CA,莊敬段,15.31,都市：商
RPUPMLTJQHNFFBJ27CA,莊敬段,15.54,都市：商
RPWPMLTJQHNFFBJ47CA,莊敬段,14.86,都市：商
RPSPMLTJQHNFFBJ07CA,莊敬段,15.54,都市：商
RPVPMLTJQHNFFBJ37CA,莊敬段,15.54,都市：商
RPQNMLPJQHNFFBJ88CA,永興段,30.63,都市：住
RPUPMLQKQHNFFBJ07CA,台科段,40.63,都市：住
RPTRMLKMPHNFFBJ66CA,福田段,83.16,都市：住
RPVOMLOLPHNFFBJ86CA,翰林段,8.13,都市：住
RPQNMLSJQHNFFBJ56CA,永興段,38.51,都市：商
RPSRMLKMPHNFFBJ56CA,福田段,43.68,都市：住
RPORMLRJQHNFFBJ66CA,福田段,18.32,都市：商
RPVOMLQLPHNFFBJ07CA,東華段,20.99,都市：住
RPSNMLLJQHNFFBJ68CA,台科段,26.77,都市：住
RPRNMLLJQHNFFBJ58CA,台科段,34.96,都市：住
RPQRMLPLPHNFFBJ76CA,貓兒錠段山腳小段,71.32,非都市：山坡地保育區 ; 非都市編定：農牧用地
RPQQMLPLPHNFFBJ66CA,莊敬段,26.53,都市：商
RPVRMLPLPHNFFBJ27CA,翰林段,9.89,都市：住
RPPPMLQLPHNFFBJ56CA,縣福段,6.92,都市：商
RPWPMLPLPHNFFBJ17CA,莊敬段,8.21,都市：商
RPOQMLPLPHNFFBJ09CA,莊敬段,8.53,都市：商
RPVPMLPLPHNFFBJ07CA,莊敬段,8.33,都市：商
RPRNMLQLPHNFFBJ56CA,鹿鳴坑段,688.63,非都市：山坡地保育區 ; 非都市編定：林業用地
RPRNMLQLPHNFFBJ56CA,鹿鳴坑段,462.38,非都市：山坡地保育區 ; 非都市編定：農牧用地
RPRNMLQLPHNFFBJ56CA,鹿鳴坑段,665.89,非都市：山坡地保育區 ; 非都市編定：農牧用地
RPRNMLQLPHNFFBJ56CA,鹿鳴坑段,2651.57,非都市：山坡地保育區 ; 非都市編定：農牧用地
RPTNMLLMPHNFFBJ98CA,家興段,37.57,都市：住
RPUSMLKMPHNFFBJ86CA,永興段,31.82,都市：住
RPSNMLQLPHNFFBJ66CA,照門段石門小段,166.00,非都市：山坡地保育區 ; 非都市編定：農牧用地
RPSSMLQLPHNFFBJ17CA,中興段,35.82,都市：住
RPXRMLKMPHNFFBJ07CA,家興段,39.28,都市：住
RPPOMLSJQHNFFBJ56CA,永興段,26.58,都市：住
RPPRMLRLPHNFFBJ86CA,莊敬段,28.15,都市：住
RPQQMLRLPHNFFBJ86CA,台科段,13.35,都市：商
RPTNMLNJQHNFFBJ98CA,正義段,52.44,都市：住
RPTNMLNJQHNFFBJ98CA,正義段,52.44,都市：住
RPOPMLLMPHNFFBJ68CA,大學段,13.43,都市：商
RPXNMLLJQHNFFBJ56CA,中正段,41.51,都市：住
RPSNMLLMPHNFFBJ88CA,福田段,137.09,都市：住
RPRNMLRLPHNFFCJ76CA,九讚頭段,982.66,非都市：山坡地保育區 ; 非都市編定：林業用地
RPPNMLLMPHNFFBJ58CA,永興段,27.32,都市：住
RPROMLLMPHNFFBJ88CA,國義段,27.91,都市：住
RPVOMLMJQHNFFBJ56CA,縣華段,7.69,都市：住
RPSOMLLMPHNFFBJ98CA,國義段,30.82,都市：住
RPQOMLMJQHNFFBJ68CA,公園段,165.68,都市：住
RPQOMLMJQHNFFBJ68CA,公園段,2.67,都市：住
RPQOMLLMPHNFFBJ78CA,中正段,36.71,都市：住
RPRNMLKMPHNFFCJ78CA,九莊段,35.26,都市：住
RPPNMLKMPHNFFCJ58CA,竹東段竹東小段,906.00,都市：住
RPPNMLKMPHNFFCJ58CA,竹東段竹東小段,57.00,都市：住
RPVNMLPLPHNFFCJ96CA,資源段,160.00,都市：其他
RPPOMLNJQHNFFCJ78CA,東寧段,44.00,都市：住
RPSOMLPLPHNFFDJ86CA,祥湖段,34.37,非都市： ; 非都市編定：
RPQOMLPLPHNFFDJ66CA,建興段建興小段,1800.00,非都市：工業區 ; 非都市編定：丁種建築用地
RPTNMLMJQHNFFBJ88CA,永興段,29.27,都市：住
RPWNMLQJQHNFFCJ07CA,重光段,6.36,都市：住
RPWNMLPKQHNFFBJ96CA,永興段,37.41,都市：商
RPQOMLLJQHNFFCJ68CA,橫富段,80.63,都市：住
RPRNMLQLPHNFFDJ76CA,錦安段,27.99,都市：住
RPRNMLQLPHNFFDJ76CA,錦安段,62.63,都市：住
RPOQMLQJQHNFFDJ66CA,鳳坑段,4.59,非都市：山坡地保育區 ; 非都市編定：農牧用地
RPOQMLQJQHNFFDJ66CA,鳳坑段,43.00,非都市：山坡地保育區 ; 非都市編定：農牧用地
RPOQMLQJQHNFFDJ66CA,鳳坑段,71.56,非都市：山坡地保育區 ; 非都市編定：暫未編定
RPOQMLQJQHNFFDJ66CA,松柏段,195.30,非都市：特定農業區 ; 非都市編定：農牧用地
RPOQMLQJQHNFFDJ66CA,松柏段,22.67,非都市：特定農業區 ; 非都市編定：水利用地
RPOQMLQJQHNFFDJ66CA,鳳坑段,.75,非都市：山坡地保育區 ; 非都市編定：水利用地
RPOQMLQJQHNFFDJ66CA,鳳坑段,6.22,非都市：山坡地保育區 ; 非都市編定：水利用地
RPOQMLQJQHNFFDJ66CA,鳳坑段,120.92,非都市：山坡地保育區 ; 非都市編定：農牧用地
RPSOMLNLQHNFFBJ56CA,下寮段,347.71,非都市：山坡地保育區 ; 非都市編定：丙種建築用地
RPSOMLNLQHNFFBJ56CA,下寮段,1659.22,非都市：山坡地保育區 ; 非都市編定：農牧用地
RPSOMLNLQHNFFBJ56CA,下寮段,211.52,非都市：山坡地保育區 ; 非都市編定：林業用地
RPSOMLNLQHNFFBJ56CA,下寮段,9.41,非都市：山坡地保育區 ; 非都市編定：林業用地
RPSOMLNLQHNFFBJ56CA,下寮段,99.95,非都市：山坡地保育區 ; 非都市編定：丙種建築用地
RPSOMLNLQHNFFBJ56CA,下寮段,205.79,非都市：山坡地保育區 ; 非都市編定：農牧用地
RPXPMLQJQHNFFDJ47CA,鳳坑段,24.18,非都市：山坡地保育區 ; 非都市編定：農牧用地
RPXPMLQJQHNFFDJ47CA,鳳坑段,6.22,非都市：山坡地保育區 ; 非都市編定：農牧用地
RPXPMLQJQHNFFDJ47CA,鳳坑段,1.84,非都市：山坡地保育區 ; 非都市編定：農牧用地
RPXPMLQJQHNFFDJ47CA,鳳坑段,17.20,非都市：山坡地保育區 ; 非都市編定：農牧用地
RPXPMLQJQHNFFDJ47CA,鳳坑段,.05,非都市：山坡地保育區 ; 非都市編定：農牧用地
RPXPMLQJQHNFFDJ47CA,鳳坑段,.73,非都市：山坡地保育區 ; 非都市編定：農牧用地
RPXPMLQJQHNFFDJ47CA,鳳坑段,1.36,非都市：山坡地保育區 ; 非都市編定：農牧用地
RPXPMLQJQHNFFDJ47CA,鳳坑段,57.25,非都市：山坡地保育區 ; 非都市編定：暫未編定
RPXPMLQJQHNFFDJ47CA,鳳坑段,277.77,非都市：山坡地保育區 ; 非都市編定：農牧用地
RPXPMLQJQHNFFDJ47CA,松柏段,78.12,非都市：特定農業區 ; 非都市編定：農牧用地
RPXPMLQJQHNFFDJ47CA,鳳坑段,3.29,非都市：山坡地保育區 ; 非都市編定：農牧用地
RPXNMLPLPHNFFDJ27CA,吉祥段,54.22,非都市：鄉村區 ; 非都市編定：乙種建築用地
RPROMLPLPHNFFDJ76CA,中崙段,60.00,非都市：特定農業區 ; 非都市編定：甲種建築用地
RPROMLPLPHNFFDJ76CA,中崙段,16.62,非都市：特定農業區 ; 非都市編定：甲種建築用地
RPVOMLOKQHNFFBJ86CA,家興段,102.74,都市：住
RPSNMLLMPHNFFDJ09CA,德興段,76.90,非都市：特定農業區 ; 非都市編定：丁種建築用地
RPSNMLLMPHNFFDJ09CA,德興段,19.32,非都市：特定農業區 ; 非都市編定：丁種建築用地
RPXNMLQJQHNFFDJ27CA,中興段復興小段,99.00,非都市：工業區 ; 非都市編定：丁種建築用地
RPXNMLQJQHNFFDJ27CA,中興段復興小段,52.00,非都市：工業區 ; 非都市編定：丁種建築用地
RPPOMLSJQHNFFDJ76CA,興安段,98.25,非都市：鄉村區 ; 非都市編定：乙種建築用地
RPVNMLNKQHNFFCJ76CA,東寧段,121.00,都市：住
RPVNMLNKQHNFFCJ76CA,東寧段,21.68,都市：住
RPVNMLNKQHNFFCJ76CA,東寧段,17.00,都市：住
RPXNMLLMPHNFFCJ07EA,雙園段,745.77,都市：農
RPVNMLKMPHNFFCJ66DA,橫富段,87.59,都市：住
RPRPMLQJQHNFFDJ86CA,員興段,116.14,非都市：山坡地保育區 ; 非都市編定：丙種建築用地
RPRPMLQJQHNFFDJ86CA,員興段,.31,非都市：山坡地保育區 ; 非都市編定：丙種建築用地
RPRPMLQJQHNFFDJ86CA,員興段,.32,非都市：山坡地保育區 ; 非都市編定：丙種建築用地
RPQQMLQJQHNFFDJ86CA,鳳坑段,.38,非都市：山坡地保育區 ; 非都市編定：水利用地
RPQQMLQJQHNFFDJ86CA,鳳坑段,.16,非都市：山坡地保育區 ; 非都市編定：水利用地
RPQQMLQJQHNFFDJ86CA,鳳坑段,2.29,非都市：山坡地保育區 ; 非都市編定：農牧用地
RPQQMLQJQHNFFDJ86CA,鳳坑段,86.80,非都市：山坡地保育區 ; 非都市編定：農牧用地
RPQQMLQJQHNFFDJ86CA,松柏段,24.41,非都市：特定農業區 ; 非都市編定：農牧用地
RPQQMLQJQHNFFDJ86CA,松柏段,.43,非都市：特定農業區 ; 非都市編定：交通用地
RPQQMLQJQHNFFDJ86CA,松柏段,.51,非都市：特定農業區 ; 非都市編定：交通用地
RPQQMLQJQHNFFDJ86CA,松柏段,.18,非都市：特定農業區 ; 非都市編定：交通用地
RPQQMLQJQHNFFDJ86CA,松柏段,19.87,非都市：特定農業區 ; 非都市編定：農牧用地
RPRNMLLLQHNFFDJ98CA,建興段建興小段,1800.00,非都市：工業區 ; 非都市編定：丁種建築用地
RPPSOLRLPHNFFBJ27DA,社北段,23.10,都市：住
RPXNMLLJQHNFFCJ86EA,資源段,77.64,都市：住
RPXNMLLJQHNFFCJ86EA,資源段,.56,都市：住
RPWNMLSJQHNFFDJ37CA,竹九段,92.22,非都市：鄉村區 ; 非都市編定：乙種建築用地
RPQNMLRLPHNFFDJ76CA,泰豐段,85.71,都市：住
RPSNMLKMPHNFFCJ98DA,上德段,92.74,都市：住
RPROMLSJQHNFFDJ96CA,中興段中興小段,15.02,非都市：工業區 ; 非都市編定：丁種建築用地
RPSOMLSJQHNFFDJ07CA,中興段中興小段,15.02,非都市：工業區 ; 非都市編定：丁種建築用地
RPQOMLSJQHNFFDJ86CA,中興段中興小段,15.02,非都市：工業區 ; 非都市編定：丁種建築用地
RPTOMLSJQHNFFDJ17CA,中興段中興小段,15.02,非都市：工業區 ; 非都市編定：丁種建築用地
RPPQMLQJQHNFFDJ76CA,吉祥段,47.45,非都市：鄉村區 ; 非都市編定：乙種建築用地
RPQNMLNJQHNFFDJ88CA,中興段中興小段,99.00,非都市：工業區 ; 非都市編定：丁種建築用地
RPPNMLNJQHNFFDJ78CA,中興段中興小段,99.00,非都市：工業區 ; 非都市編定：丁種建築用地
RPOOMLKLQHNFFCJ58CA,志學段,22.91,都市：其他
RPOOMLKLQHNFFCJ58CA,志學段,.18,都市：其他
RPOOMLKLQHNFFCJ58CA,志學段,.01,都市：其他
RPPOMLOLQHNFFBJ98CA,湖肚段,2500.00,非都市：山坡地保育區 ; 非都市編定：農牧用地
RPPOMLOLQHNFFBJ98CA,湖肚段,1705.00,非都市：山坡地保育區 ; 非都市編定：農牧用地
RPTNMLLMPHNFFCJ09CA,北興段,123.01,都市：商
RPTNMLLMPHNFFCJ09CA,北興段,111.96,都市：商
RPTNMLLMPHNFFCJ09CA,北興段,122.89,都市：商
RPTNMLLMPHNFFCJ09CA,北興段,113.97,都市：商
RPUNMLLMPHNFFCJ56CA,北興段,87.75,都市：商
RPVNMLLMPHNFFCJ66CA,北興段,121.08,都市：商
RPURMLLJQHNFFBJ66CA,家興段,30.71,都市：住
RPVRMLLJQHNFFBJ76CA,台科段,51.28,都市：住
RPSNMLRLPHNFFCJ86CA,廣福段,39.56,都市：住
RPVPMLQJQHNFFBJ07CA,自強段,27.68,都市：住
RPQOMLSJQHNFFBJ66CA,翰林段,13.48,都市：商
RPSOMLTJQHNFFDJ17CA,中興段復興小段,30.40,非都市：工業區 ; 非都市編定：丁種建築用地
RPOOMLQKQHNFFBJ98CA,自強段,14.98,都市：商
RPWOMLLJQHNFFBJ56CA,西安段,82.61,都市：住
RPWOMLLJQHNFFBJ56CA,西安段,2.75,都市：住
RPUOMLLJQHNFFBJ98CA,西安段,74.98,都市：住
RPUOMLLJQHNFFBJ98CA,西安段,2.75,都市：住
RPUQMLLJQHNFFBJ56CA,西安段,63.61,都市：住
RPUQMLLJQHNFFBJ56CA,西安段,2.75,都市：住
RPUQMLLJQHNFFBJ56CA,西安段,23.71,都市：住
RPOQMLLJQHNFFBJ58CA,西安段,88.71,都市：住
RPOQMLLJQHNFFBJ58CA,西安段,2.75,都市：住
RPOQMLLJQHNFFBJ58CA,西安段,23.71,都市：住
RPXPMLLJQHNFFBJ76CA,西安段,86.16,都市：住
RPXPMLLJQHNFFBJ76CA,西安段,2.75,都市：住
RPXPMLLJQHNFFBJ76CA,西安段,23.71,都市：住
RPSPMLLJQHNFFBJ88CA,西安段,73.07,都市：住
RPSPMLLJQHNFFBJ88CA,西安段,2.75,都市：住
RPSPMLLJQHNFFBJ88CA,西安段,23.71,都市：住
RPUNMLQLPHNFFDJ07CA,坪頂段,15.91,都市：農
RPUNMLQLPHNFFDJ07CA,坪頂段,57.78,都市：農
RPPNMLKMPHNFFBJ48CA,舊港段新港小段,1170.00,非都市：一般農業區 ; 非都市編定：農牧用地
RPQQMLLJQHNFFBJ78CA,西安段,78.79,都市：住
RPQQMLLJQHNFFBJ78CA,西安段,2.75,都市：住
RPRPMLLJQHNFFBJ78CA,西安段,68.96,都市：住
RPRPMLLJQHNFFBJ78CA,西安段,2.75,都市：住
RPRPMLLJQHNFFBJ78CA,西安段,23.71,都市：住
RPRQMLLJQHNFFBJ88CA,西安段,63.61,都市：住
RPRQMLLJQHNFFBJ88CA,西安段,2.75,都市：住
RPRQMLLJQHNFFBJ88CA,西安段,23.71,都市：住
RPOPMLLJQHNFFBJ48CA,西安段,81.01,都市：住
RPOPMLLJQHNFFBJ48CA,西安段,2.75,都市：住
RPOPMLLJQHNFFBJ48CA,西安段,23.71,都市：住
RPRRMLKMPHNFFBJ09CA,縣華段,4.52,都市：住
RPOSOLRLPHNFFBJ07CA,隘興段,37.94,都市：住
RPOPMLKMPHNFFBJ58CA,家興段,70.05,都市：住
RPUNMLQLPHNFFBJ86CA,自強段,55.37,都市：住
RPQSMLKMPHNFFBJ09CA,東海窟段東海窟小段,330.58,非都市：特定農業區 ; 非都市編定：農牧用地
RPVOMLKMPHNFFBJ56CA,家興段,78.48,都市：住
RPTOMLKMPHNFFBJ98CA,家興段,70.05,都市：住
RPSNOLRLPHNFFBJ96CA,泰和段,228.05,都市：工
RPSNOLRLPHNFFBJ96CA,泰和段,1.02,都市：工
RPSNOLRLPHNFFBJ96CA,泰和段,3.36,都市：工
RPPPMLLJQHNFFBJ58CA,西安段,69.15,都市：住
RPPPMLLJQHNFFBJ58CA,西安段,2.75,都市：住
RPPPMLLJQHNFFBJ58CA,西安段,23.71,都市：住
RPVSMLKMPHNFFBJ96CA,府前段,13.16,都市：住
RPVSMLKMPHNFFBJ96CA,府前段,60.35,都市：住
RPQNMLNJQHNFFBJ68CA,莊敬段,31.92,都市：住
RPVNMLLJQHNFFBJ98CA,家興段,29.04,都市：住
RPOOMLLMPHNFFBJ58CA,大學段,33.93,都市：住
RPQNMLLKQHNFFBJ58CA,家興段,39.92,都市：住
RPTNMLRLPHNFFCJ96CA,義興段義興小段,10150.00,非都市：山坡地保育區 ; 非都市編定：林業用地
RPTNMLRLPHNFFCJ96CA,義興段義興小段,14860.00,非都市：山坡地保育區 ; 非都市編定：林業用地
RPVNMLMJQHNFFBJ09CA,家興段,27.42,都市：商
RPUOMLOKQHNFFBJ76CA,隘興段,2080.03,都市：住
RPPOMLKKQHNFFBJ48CA,隘興段,51.25,都市：住
RPWNMLKMPHNFFCJ66CA,寶山段沙湖壢小段,1114.00,非都市：山坡地保育區 ; 非都市編定：農牧用地
RPPNMLLMPHNFFCJ68CA,新頭分林段,1741.10,非都市：山坡地保育區 ; 非都市編定：農牧用地
RPSQMLTJQHNFFBJ17CA,社南段,20.67,都市：住
RPQNMLLMPHNFFCJ78CA,竹東段番社子小段,5.96,都市：住
RPVOMLLLQHNFFBJ66CA,永興段,74.90,都市：住
RPTPMLQJQHNFFBJ86CA,大學段,45.56,都市：商
RPWPMLRJQHNFFBJ27CA,台科段,58.91,都市：住
RPOOMLMJQHNFFCJ58CA,資源段,174.00,都市：住
RPPNMLMKQHNFFCJ68CA,重光段,14.91,都市：住
RPRNMLMJQHNFFCJ78CA,放翁段,4.81,非都市：山坡地保育區 ; 非都市編定：丙種建築用地
RPRNMLMJQHNFFCJ78CA,放翁段,97.00,非都市：山坡地保育區 ; 非都市編定：丙種建築用地
RPRNMLMJQHNFFCJ78CA,放翁段,5.11,非都市：山坡地保育區 ; 非都市編定：丙種建築用地
RPRNMLMJQHNFFCJ78CA,放翁段,5.08,非都市：山坡地保育區 ; 非都市編定：丙種建築用地
RPQOMLLMPHNFFDJ98CA,員興段,.27,非都市：山坡地保育區 ; 非都市編定：丙種建築用地
RPQOMLLMPHNFFDJ98CA,員興段,74.03,非都市：山坡地保育區 ; 非都市編定：丙種建築用地
RPQOMLLMPHNFFDJ98CA,員興段,.27,非都市：山坡地保育區 ; 非都市編定：丙種建築用地
RPROMLRKQHNFFCJ86CA,富貴段,20.74,都市：住
RPROMLRKQHNFFCJ86CA,富貴段,20.74,都市：住
RPVNMLLMPHNFFBJ56CA,隘興段,19.94,都市：住
RPUNMLLMPHNFFBJ09CA,家興段,18.28,都市：住
RPQNMLQJQHNFFCJ09CA,雙峰段,58.74,非都市：山坡地保育區 ; 非都市編定：丙種建築用地
RPQNMLQJQHNFFCJ09CA,雙峰段,30.68,非都市：山坡地保育區 ; 非都市編定：丙種建築用地
RPOOMLKMPHNFFDJ68CA,中義段,198.55,都市：住
RPRNMLTLPHNFFDJ07CA,中義段,28.36,都市：住
RPQNMLTLPHNFFDJ96CA,中義段,28.36,都市：住
RPWNMLTLPHNFFDJ57CA,中義段,28.36,都市：住
RPSNMLTLPHNFFDJ17CA,中義段,28.36,都市：住
RPUNMLTLPHNFFDJ37CA,中義段,28.36,都市：住
RPVNMLTLPHNFFDJ47CA,中義段,28.36,都市：住
RPTNMLTLPHNFFDJ27CA,中義段,28.36,都市：住
RPUNMLLJQHNFFDJ09CA,振興段,22.49,都市：住
RPUNMLLJQHNFFDJ09CA,振興段,.44,都市：住
RPQNMLLMPHNFFDJ98DA,中崙段,96.00,非都市：特定農業區 ; 非都市編定：農牧用地
RPQNMLLKQHNFFDJ78CA,福陽段,21.90,非都市：鄉村區 ; 非都市編定：乙種建築用地
RPQNMLLKQHNFFDJ78CA,福陽段,.15,非都市：鄉村區 ; 非都市編定：乙種建築用地
RPQNMLPKQHNFFBJ09DA,汶水坑段,616.00,非都市：山坡地保育區 ; 非都市編定：農牧用地
RPQNMLLJQHNFFDJ78DA,中興段復興小段,66.03,非都市：工業區 ; 非都市編定：丁種建築用地
RPRNMLKMPHNFFBJ78DA,內立段,3134.00,非都市：特定農業區 ; 非都市編定：農牧用地
RPSNMLLMPHNFFCJ56EA,大肚段香園小段,475.00,非都市：特定農業區 ; 非都市編定：農牧用地
RPSNMLLMPHNFFCJ56EA,大肚段香園小段,350.00,非都市：特定農業區 ; 非都市編定：農牧用地
RPSNMLLMPHNFFCJ56EA,大肚段香園小段,197.00,非都市：特定農業區 ; 非都市編定：農牧用地
RPPPMLLLQHNFFBJ88DA,泰和段,86.24,都市：工
RPOOMLTJQHNFFDJ76CA,錦安段,.47,都市：其他
RPOOMLTJQHNFFDJ76CA,錦安段,.09,都市：其他
RPOOMLTJQHNFFDJ76CA,錦安段,5.14,都市：住
RPOOMLTJQHNFFDJ76CA,錦安段,7.61,都市：住
RPOOMLTJQHNFFDJ76CA,錦安段,7.66,都市：住
RPOOMLTJQHNFFDJ76CA,錦安段,8.92,都市：住
RPOOMLTJQHNFFDJ76CA,錦安段,14.44,都市：住
RPTNMLLMPHNFFDJ56CA,重興段,68.86,都市：商
RPTNMLKKQHNFFDJ98CA,福興段十一股小段,76.20,非都市：特定農業區 ; 非都市編定：甲種建築用地
RPPNMLLJQHNFFDJ58CA,泰豐段,9.60,都市：住
RPVNMLLJQHNFFDJ56CA,中義段,78.44,都市：住
RPOOMLNJQHNFFDJ78CA,湖新段,186.00,非都市：特定農業區 ; 非都市編定：甲種建築用地
RPXNMLKMPHNFFDJ86CA,中義段,28.36,都市：住
RPPOMLLMPHNFFDJ88CA,北湖段,65.00,都市：住
RPPOMLNJQHNFFDJ88CA,北湖段,54.00,都市：住
RPSNMLKMPHNFFDJ98CA,中義段,28.36,都市：住
RPVNMLKMPHNFFDJ66CA,中義段,28.36,都市：住
RPTNMLKMPHNFFDJ09CA,中義段,28.36,都市：住
RPUNMLKMPHNFFDJ56CA,中義段,28.36,都市：住
RPVNMLNJQHNFFCJ66CA,雙峰段,27.99,非都市：山坡地保育區 ; 非都市編定：農牧用地
RPOOMLNJQHNFFCJ68CA,寶山段沙湖壢小段,1108.00,非都市：山坡地保育區 ; 非都市編定：林業用地
RPWOMLOLQHNFFCJ17CA,竹林段,1741.72,非都市：特定農業區 ; 非都市編定：農牧用地
RPWOMLOLQHNFFCJ17CA,竹林段,1741.73,非都市：特定農業區 ; 非都市編定：農牧用地
RPUNMLRJQHNFFCJ96CA,莒光段,14.99,非都市：山坡地保育區 ; 非都市編定：交通用地
RPUNMLRJQHNFFCJ96CA,莒光段,40.90,非都市：山坡地保育區 ; 非都市編定：交通用地
RPUNMLRJQHNFFCJ96CA,莒光段,1558.03,非都市：山坡地保育區 ; 非都市編定：丙種建築用地
RPUNMLRJQHNFFCJ96CA,莒光段,3159.59,非都市：山坡地保育區 ; 非都市編定：農牧用地
RPUNMLRJQHNFFCJ96CA,莒光段,292.59,非都市：山坡地保育區 ; 非都市編定：水利用地
RPUNMLRJQHNFFCJ96CA,莒光段,6160.76,非都市：山坡地保育區 ; 非都市編定：農牧用地
RPUNMLRJQHNFFCJ96CA,莒光段,1303.46,非都市：山坡地保育區 ; 非都市編定：農牧用地
RPUNMLRJQHNFFCJ96CA,莒光段,1343.77,非都市：山坡地保育區 ; 非都市編定：農牧用地
RPUNMLRJQHNFFCJ96CA,莒光段,974.36,非都市：山坡地保育區 ; 非都市編定：農牧用地
RPUNMLRJQHNFFCJ96CA,莒光段,2969.24,非都市：山坡地保育區 ; 非都市編定：農牧用地
RPUNMLRJQHNFFCJ96CA,莒光段,2072.28,非都市：山坡地保育區 ; 非都市編定：農牧用地
RPROMLMJQHNFFCJ88CA,公園段,12.79,都市：其他
RPROMLMJQHNFFCJ88CA,公園段,16.38,都市：其他
RPROMLMJQHNFFCJ88CA,公園段,15.37,都市：其他
RPROMLMJQHNFFCJ88CA,公園段,21.49,都市：其他
RPROMLMJQHNFFCJ88CA,公園段,24.37,都市：其他
RPTOMLTJQHNFFCJ17CA,中山段,16.90,都市：住
RPWNMLLMPHNFFCJ76CA,環湖段,1840.27,非都市：山坡地保育區 ; 非都市編定：農牧用地
RPWNMLLMPHNFFCJ76CA,環湖段,4632.29,非都市：山坡地保育區 ; 非都市編定：農牧用地
RPQNMLNJQHNFFCJ78CA,資源段,53.00,都市：住
RPQNMLNJQHNFFCJ78CA,資源段,35.00,都市：住
RPPOMLLMPHNFFCJ78CA,明湖段,39.74,都市：住
RPROMLLMPHNFFCJ98CA,大雅段,3.82,非都市：山坡地保育區 ; 非都市編定：農牧用地
RPROMLLMPHNFFCJ98CA,大雅段,13.80,非都市：山坡地保育區 ; 非都市編定：農牧用地
RPROMLLMPHNFFCJ98CA,大雅段,2.23,非都市：山坡地保育區 ; 非都市編定：農牧用地
RPROMLLMPHNFFCJ98CA,大雅段,333.13,非都市：山坡地保育區 ; 非都市編定：丙種建築用地
RPROMLLMPHNFFCJ98CA,大雅段,2.10,非都市：山坡地保育區 ; 非都市編定：農牧用地
RPQOMLLMPHNFFCJ88CA,明湖段,41.56,都市：住
RPVOMLLMPHNFFCJ76CA,雙峰段,26.20,非都市：山坡地保育區 ; 非都市編定：農牧用地
RPVOMLLMPHNFFCJ76CA,雙峰段,1.25,非都市：山坡地保育區 ; 非都市編定：水利用地
RPVOMLLMPHNFFCJ76CA,雙峰段,1050.60,非都市：山坡地保育區 ; 非都市編定：水利用地
RPVOMLLMPHNFFCJ76CA,雙峰段,968.89,非都市：山坡地保育區 ; 非都市編定：農牧用地
RPOOMLLMPHNFFCJ68CA,下員段,404.00,都市：農
RPUNMLKMPHNFFCJ09CA,富興段水流東小段,166.50,非都市：山坡地保育區 ; 非都市編定：農牧用地
RPUNMLKMPHNFFCJ09CA,富興段水流東小段,2755.00,非都市：山坡地保育區 ; 非都市編定：農牧用地
RPRNMLLKQHNFFBJ68CA,家興段,49.64,都市：住
RPSOMLLMPHNFFCJ09CA,竹中段,8.21,都市：住
RPTNMLMKQHNFFCJ09CA,竹東段竹東小段,46.51,都市：住
RPPNMLQJQHNFFCJ98CA,橫富段,77.03,都市：住
RPPNMLQJQHNFFCJ98CA,橫富段,55.72,都市：其他
RPOOMLMJQHNFFBJ48CA,社北段,5.23,都市：住
RPXNMLKLQHNFFBJ66CA,社北段,23.65,都市：住
RPPOMLMJQHNFFBJ58CA,家興段,21.25,都市：商
RPTQMLLJQHNFFBJ09CA,家興段,16.12,都市：商
RPTRMLLJQHNFFBJ56CA,豆子埔段,5.54,都市：商
RPSNMLKLQHNFFBJ78CA,福田段,19.49,都市：商
RPRNMLSJQHNFFBJ66CA,永興段,39.00,都市：商
RPXNMLMJQHNFFBJ66CA,東華段,22.58,都市：住
RPRNMLLMPHNFFBJ78CA,家興段,49.36,都市：住
RPTOMLLMPHNFFBJ09CA,家興段,25.36,都市：住
RPSRMLLJQHNFFBJ09CA,台科段,28.40,都市：住
RPXOMLNKQHNFFBJ96CA,蓮華段,40.60,非都市：特定農業區 ; 非都市編定：甲種建築用地
RPXOMLNKQHNFFBJ96CA,蓮華段,45.15,非都市：特定農業區 ; 非都市編定：甲種建築用地
RPTOMLLJQHNFFBJ88CA,貓兒錠段拔子窟小段,20.31,非都市：鄉村區 ; 非都市編定：乙種建築用地
RPTOMLLJQHNFFBJ88CA,貓兒錠段拔子窟小段,.89,非都市：鄉村區 ; 非都市編定：乙種建築用地
RPTOMLLJQHNFFBJ88CA,貓兒錠段拔子窟小段,51.00,非都市：鄉村區 ; 非都市編定：乙種建築用地
RPSOMLLJQHNFFBJ78CA,貓兒錠段拔子窟小段,15.82,非都市：鄉村區 ; 非都市編定：乙種建築用地
RPSOMLLJQHNFFBJ78CA,貓兒錠段拔子窟小段,.69,非都市：鄉村區 ; 非都市編定：乙種建築用地
RPSOMLLJQHNFFBJ78CA,貓兒錠段拔子窟小段,14.00,非都市：鄉村區 ; 非都市編定：乙種建築用地
RPSOMLLJQHNFFBJ78CA,貓兒錠段拔子窟小段,41.00,非都市：鄉村區 ; 非都市編定：乙種建築用地
RPVOMLLJQHNFFBJ09CA,貓兒錠段拔子窟小段,20.72,非都市：鄉村區 ; 非都市編定：乙種建築用地
RPVOMLLJQHNFFBJ09CA,貓兒錠段拔子窟小段,.90,非都市：鄉村區 ; 非都市編定：乙種建築用地
RPVOMLLJQHNFFBJ09CA,貓兒錠段拔子窟小段,52.00,非都市：鄉村區 ; 非都市編定：乙種建築用地
RPUOMLQJQHNFFBJ86CA,縣福段,20.89,都市：住
RPXOMLLMPHNFFBJ86CA,中興段,29.17,都市：其他
RPROMLLJQHNFFBJ68CA,貓兒錠段拔子窟小段,12.46,非都市：鄉村區 ; 非都市編定：乙種建築用地
RPROMLLJQHNFFBJ68CA,貓兒錠段拔子窟小段,.54,非都市：鄉村區 ; 非都市編定：乙種建築用地
RPROMLLJQHNFFBJ68CA,貓兒錠段拔子窟小段,11.00,非都市：鄉村區 ; 非都市編定：乙種建築用地
RPROMLLJQHNFFBJ68CA,貓兒錠段拔子窟小段,53.00,非都市：鄉村區 ; 非都市編定：乙種建築用地
RPXOMLLJQHNFFBJ66CA,貓兒錠段拔子窟小段,20.72,非都市：鄉村區 ; 非都市編定：乙種建築用地
RPXOMLLJQHNFFBJ66CA,貓兒錠段拔子窟小段,.90,非都市：鄉村區 ; 非都市編定：乙種建築用地
RPXOMLLJQHNFFBJ66CA,貓兒錠段拔子窟小段,52.00,非都市：鄉村區 ; 非都市編定：乙種建築用地
RPWOMLLMPHNFFBJ76CA,世興段,16.04,都市：商
RPWNMLSJQHNFFBJ17CA,石頭坑段,100.00,非都市：山坡地保育區 ; 非都市編定：農牧用地
RPWNMLSJQHNFFBJ17CA,石頭坑段,980.25,非都市：山坡地保育區 ; 非都市編定：林業用地
RPWNMLSJQHNFFBJ17CA,石頭坑段,813.75,非都市：山坡地保育區 ; 非都市編定：林業用地
RPWNMLSJQHNFFBJ17CA,石頭坑段,530.50,非都市：山坡地保育區 ; 非都市編定：林業用地
RPWNMLSJQHNFFBJ17CA,石頭坑段,84.25,非都市：山坡地保育區 ; 非都市編定：林業用地
RPPOMLLMPHNFFBJ68CA,隘興段,153.91,都市：住
RPQPMLNJQHNFFBJ88CA,莊敬段,13.15,都市：商
RPTPMLLJQHNFFBJ98CA,貓兒錠段拔子窟小段,20.72,非都市：鄉村區 ; 非都市編定：乙種建築用地
RPTPMLLJQHNFFBJ98CA,貓兒錠段拔子窟小段,.90,非都市：鄉村區 ; 非都市編定：乙種建築用地
RPTPMLLJQHNFFBJ98CA,貓兒錠段拔子窟小段,52.00,非都市：鄉村區 ; 非都市編定：乙種建築用地
RPSQMLLJQHNFFBJ98CA,貓兒錠段拔子窟小段,.90,非都市：鄉村區 ; 非都市編定：乙種建築用地
RPSQMLLJQHNFFBJ98CA,貓兒錠段拔子窟小段,52.00,非都市：鄉村區 ; 非都市編定：乙種建築用地
RPSQMLLJQHNFFBJ98CA,貓兒錠段拔子窟小段,20.72,非都市：鄉村區 ; 非都市編定：乙種建築用地
RPVPMLLJQHNFFBJ56CA,貓兒錠段拔子窟小段,20.72,非都市：鄉村區 ; 非都市編定：乙種建築用地
RPVPMLLJQHNFFBJ56CA,貓兒錠段拔子窟小段,.90,非都市：鄉村區 ; 非都市編定：乙種建築用地
RPVPMLLJQHNFFBJ56CA,貓兒錠段拔子窟小段,52.00,非都市：鄉村區 ; 非都市編定：乙種建築用地
RPQPMLLJQHNFFBJ68CA,貓兒錠段拔子窟小段,20.72,非都市：鄉村區 ; 非都市編定：乙種建築用地
RPQPMLLJQHNFFBJ68CA,貓兒錠段拔子窟小段,.90,非都市：鄉村區 ; 非都市編定：乙種建築用地
RPQPMLLJQHNFFBJ68CA,貓兒錠段拔子窟小段,52.00,非都市：鄉村區 ; 非都市編定：乙種建築用地
RPWPMLLJQHNFFBJ66CA,貓兒錠段拔子窟小段,20.72,非都市：鄉村區 ; 非都市編定：乙種建築用地
RPWPMLLJQHNFFBJ66CA,貓兒錠段拔子窟小段,.90,非都市：鄉村區 ; 非都市編定：乙種建築用地
RPWPMLLJQHNFFBJ66CA,貓兒錠段拔子窟小段,52.00,非都市：鄉村區 ; 非都市編定：乙種建築用地
RPVQMLLJQHNFFBJ66CA,貓兒錠段拔子窟小段,20.72,非都市：鄉村區 ; 非都市編定：乙種建築用地
RPVQMLLJQHNFFBJ66CA,貓兒錠段拔子窟小段,.90,非都市：鄉村區 ; 非都市編定：乙種建築用地
RPVQMLLJQHNFFBJ66CA,貓兒錠段拔子窟小段,52.00,非都市：鄉村區 ; 非都市編定：乙種建築用地
RPUPMLLJQHNFFBJ09CA,貓兒錠段拔子窟小段,20.72,非都市：鄉村區 ; 非都市編定：乙種建築用地
RPUPMLLJQHNFFBJ09CA,貓兒錠段拔子窟小段,.90,非都市：鄉村區 ; 非都市編定：乙種建築用地
RPUPMLLJQHNFFBJ09CA,貓兒錠段拔子窟小段,52.00,非都市：鄉村區 ; 非都市編定：乙種建築用地
RPWQMLLJQHNFFBJ76CA,貓兒錠段拔子窟小段,20.72,非都市：鄉村區 ; 非都市編定：乙種建築用地
RPWQMLLJQHNFFBJ76CA,貓兒錠段拔子窟小段,.90,非都市：鄉村區 ; 非都市編定：乙種建築用地
RPWQMLLJQHNFFBJ76CA,貓兒錠段拔子窟小段,52.00,非都市：鄉村區 ; 非都市編定：乙種建築用地
RPPQMLLJQHNFFBJ68CA,貓兒錠段拔子窟小段,20.72,非都市：鄉村區 ; 非都市編定：乙種建築用地
RPPQMLLJQHNFFBJ68CA,貓兒錠段拔子窟小段,.90,非都市：鄉村區 ; 非都市編定：乙種建築用地
RPPQMLLJQHNFFBJ68CA,貓兒錠段拔子窟小段,52.00,非都市：鄉村區 ; 非都市編定：乙種建築用地
RPRNMLLJQHNFFCJ68CA,石硬子段社寮坑小段,33.08,非都市：山坡地保育區 ; 非都市編定：林業用地
RPXQMLLJQHNFFBJ86CA,貓兒錠段拔子窟小段,17.12,非都市：鄉村區 ; 非都市編定：乙種建築用地
RPXQMLLJQHNFFBJ86CA,貓兒錠段拔子窟小段,.75,非都市：鄉村區 ; 非都市編定：乙種建築用地
RPXQMLLJQHNFFBJ86CA,貓兒錠段拔子窟小段,43.00,非都市：鄉村區 ; 非都市編定：乙種建築用地
RPPRMLLJQHNFFBJ78CA,貓兒錠段拔子窟小段,32.68,非都市：鄉村區 ; 非都市編定：乙種建築用地
RPPRMLLJQHNFFBJ78CA,貓兒錠段拔子窟小段,1.42,非都市：鄉村區 ; 非都市編定：乙種建築用地
RPPRMLLJQHNFFBJ78CA,貓兒錠段拔子窟小段,82.00,非都市：鄉村區 ; 非都市編定：乙種建築用地
RPORMLLJQHNFFBJ68CA,貓兒錠段拔子窟小段,20.72,非都市：鄉村區 ; 非都市編定：乙種建築用地
RPORMLLJQHNFFBJ68CA,貓兒錠段拔子窟小段,.90,非都市：鄉村區 ; 非都市編定：乙種建築用地
RPORMLLJQHNFFBJ68CA,貓兒錠段拔子窟小段,52.00,非都市：鄉村區 ; 非都市編定：乙種建築用地
RPROMLOLQHNFFBJ56CA,大旱坑段大東坑小段,2616.84,非都市：山坡地保育區 ; 非都市編定：農牧用地
RPROMLOLQHNFFBJ56CA,大旱坑段大東坑小段,210.51,非都市：山坡地保育區 ; 非都市編定：農牧用地
RPUNMLMJQHNFFCJ09CA,雞油凸段雞油凸小段,5488.00,非都市：山坡地保育區 ; 非都市編定：農牧用地
RPUNMLMJQHNFFCJ09CA,雞油凸段雞油凸小段,11242.00,非都市：山坡地保育區 ; 非都市編定：農牧用地
RPUNMLMJQHNFFCJ09CA,雞油凸段雞油凸小段,1669.00,非都市：山坡地保育區 ; 非都市編定：農牧用地
RPUNMLMJQHNFFCJ09CA,雞油凸段雞油凸小段,469.00,非都市：山坡地保育區 ; 非都市編定：農牧用地
RPUNMLMJQHNFFCJ09CA,雞油凸段雞油凸小段,104.00,非都市：山坡地保育區 ; 非都市編定：交通用地
RPUNMLMJQHNFFCJ09CA,雞油凸段雞油凸小段,357.00,非都市：山坡地保育區 ; 非都市編定：交通用地
RPUNMLMJQHNFFCJ09CA,雞油凸段雞油凸小段,25629.00,非都市：山坡地保育區 ; 非都市編定：林業用地
RPUNMLMJQHNFFCJ09CA,雞油凸段雞油凸小段,1370.00,非都市：山坡地保育區 ; 非都市編定：交通用地
RPUNMLMJQHNFFCJ09CA,雞油凸段雞油凸小段,7175.00,非都市：山坡地保育區 ; 非都市編定：林業用地
RPUNMLMJQHNFFCJ09CA,雞油凸段雞油凸小段,289.00,非都市：山坡地保育區 ; 非都市編定：林業用地
RPUNMLMJQHNFFCJ09CA,雞油凸段雞油凸小段,220.00,非都市：山坡地保育區 ; 非都市編定：交通用地
RPUNMLMJQHNFFCJ09CA,雞油凸段雞油凸小段,251.00,非都市：山坡地保育區 ; 非都市編定：林業用地
RPRPMLKKQHNFFBJ78CA,東華段,17.50,都市：住
RPUNMLQJQHNFFCJ86CA,新頭分林段,232.56,非都市：山坡地保育區 ; 非都市編定：農牧用地
RPRPMLRKQHNFFBJ86CA,大旱坑段大東坑小段,241.97,非都市：山坡地保育區 ; 非都市編定：農牧用地
RPPOMLQJQHNFFCJ09CA,雞油凸段三叉凸小段,231.00,非都市：山坡地保育區 ; 非都市編定：丙種建築用地
RPTOMLLJQHNFFCJ98CA,志學段,23.44,都市：其他
RPTOMLLJQHNFFCJ98CA,志學段,.18,都市：其他
RPTOMLLJQHNFFCJ98CA,志學段,.01,都市：其他
RPXNMLTLQHNFFBJ57CA,和平段,65.10,都市：農
RPXNMLTLQHNFFBJ57CA,和平段,8.11,都市：農
RPXNMLTLQHNFFBJ57CA,和平段,394.38,都市：農
RPQNMLMKQHNFFCJ78CA,明星段,77.09,都市：住
RPQNMLMKQHNFFCJ78CA,明星段,14.40,都市：住
RPQNMLMKQHNFFCJ78CA,明星段,.76,都市：住
RPQNMLMKQHNFFCJ78CA,明星段,.04,都市：住
RPSNMLQJQHNFFCJ66CA,竹東段番社子小段,5.11,都市：住
RPSNMLQJQHNFFCJ66CA,竹東段番社子小段,13.66,都市：住
RPSNMLQJQHNFFCJ66CA,竹東段番社子小段,1.14,都市：住
RPRNMLQJQHNFFDJ66CA,文昌段,22.79,都市：住
RPSOMLRKQHNFFBJ86CA,翰林段,44.03,都市：住
RPQPMLLJQHNFFCJ78CA,東寧段,69.00,都市：住
RPQNMLQJQHNFFDJ56CA,文昌段,11.61,都市：住
RPQNMLQJQHNFFDJ56CA,文昌段,11.61,都市：住
RPSNMLQJQHNFFDJ76CA,文昌段,12.55,都市：住
RPSNMLQJQHNFFDJ76CA,文昌段,12.55,都市：住
RPQNMLMJQHNFFDJ78CA,汶山段,14.44,非都市：特定農業區 ; 非都市編定：水利用地
RPXOMLQJQHNFFDJ37CA,中義段,153.67,都市：住
RPVNMLRKQHNFFDJ27CA,中美段,325.00,都市：農
RPVNMLRKQHNFFDJ27CA,中美段,1161.00,都市：農
RPVNMLRKQHNFFDJ27CA,中美段,614.65,都市：農
RPVNMLRKQHNFFDJ27CA,中美段,223.00,都市：農
RPVNMLQJQHNFFDJ07CA,文昌段,23.80,都市：住
RPSNMLLJQHNFFDJ98DA,湖南段,1810.00,非都市：特定農業區 ; 非都市編定：農牧用地
RPTNMLLJQHNFFDJ09DA,興湖段,2.28,都市：住
RPTNMLLJQHNFFDJ09DA,興湖段,.72,都市：住
RPTNMLLJQHNFFDJ09DA,興湖段,63.00,都市：住
RPVNMLKKQHNFFDJ56CA,振興段,35.75,都市：住
RPUNMLKKQHNFFDJ09CA,汶山段,10.67,非都市：鄉村區 ; 非都市編定：乙種建築用地
RPUNMLKKQHNFFDJ09CA,汶山段,26.82,非都市：鄉村區 ; 非都市編定：乙種建築用地
RPUNMLKKQHNFFDJ09CA,汶山段,91.45,非都市：鄉村區 ; 非都市編定：乙種建築用地
SPVNMLKKQHNFFDJ66CA,振興段,22.64,都市：住
RPOOMLLMPHNFFDJ88DA,榮華段,96.38,非都市：鄉村區 ; 非都市編定：乙種建築用地
RPQNMLTJQHNFFDJ86CA,永寧段,90.18,都市：住
RPSNMLOKQHNFFDJ66CA,榮華段,90.59,非都市：鄉村區 ; 非都市編定：乙種建築用地
