﻿編號,屋齡,建物移轉面積(平方公尺),主要用途,主要建材,建築完成日期,總層數,建物分層
The serial number,room age,building shifting area (square meter),the main use,main building materials,construction completes the date,total layer,building lamination
RPOOMLQLPHNFFBK09CA,7,281.86,住家用,鋼筋混凝土造,100年8月18日,四層,一層 二層 三層 四層
RPQOMLQLPHNFFDK86CA,37,134.87,住家用,鋼筋混凝土造,70年9月15日,三層,一層 二層 三層 騎樓
RPPNMLRLPHNFFDK76CA,2,99.14,見其他登記事項,鋼筋混凝土造,105年11月30日,十四層,十層
RPPNMLRLPHNFFDK76CA,2,16.76,共有部分,鋼筋混凝土造,105年11月30日,十四層,
RPPNMLRLPHNFFDK76CA,2,45.17,共有部分,鋼筋混凝土造,105年11月30日,十四層,
RPSNMLNLPHNFFDK66CA,23,89.58,住家用,鋼筋混凝土造,84年8月26日,七層,四層
RPSNMLNLPHNFFDK66CA,23,16.34,見其他登記事項,鋼筋混凝土造,84年8月26日,七層,
RPSNMLNLPHNFFDK66CA,23,26.24,見其他登記事項,鋼筋混凝土造,84年8月26日,七層,
RPWNMLOLPHNFFDK17CA,23,67.91,住家用,鋼筋混凝土造,84年8月25日,十二層,十二層
RPWNMLOLPHNFFDK17CA,23,10.34,見其他登記事項,鋼筋混凝土造,84年8月25日,十二層,
RPWNMLOLPHNFFDK17CA,23,8.30,見其他登記事項,鋼筋混凝土造,84年8月25日,十二層,
RPVNMLOLPHNFFDK07CA,22,121.01,住家用,鋼筋混凝土造,84年11月8日,十六層,十五層
RPVNMLOLPHNFFDK07CA,22,21.52,見其他登記事項,鋼筋混凝土造,84年11月8日,十六層,
RPVNMLOLPHNFFDK07CA,22,16.16,見其他登記事項,鋼筋混凝土造,84年11月8日,十六層,
RPVNMLOLPHNFFDK07CA,22,10.67,見其他登記事項,鋼筋混凝土造,84年11月8日,十六層,
RPQNMLRLPHNFFDK86CA,2,99.14,見其他登記事項,鋼筋混凝土造,105年11月30日,十四層,三層
RPQNMLRLPHNFFDK86CA,2,45.62,共有部分,鋼筋混凝土造,105年11月30日,十四層,
RPQNMLRLPHNFFDK86CA,2,16.75,共有部分,鋼筋混凝土造,105年11月30日,十四層,
RPQNMLMJQHNFFCK78CA,23,93.55,住家用,鋼筋混凝土造,83年12月29日,八層,六層
RPQNMLMJQHNFFCK78CA,23,22.20,見其他登記事項,鋼筋混凝土造,83年12月29日,八層,
RPPNMLOLPHNFFDK09CA,,200.15,住家用,鋼筋混凝土造,107年4月26日,四層,一層 二層 三層 四層
RPSNMLPLPHNFFDK86CA,6,212.15,見其他登記事項,鋼筋混凝土造,101年11月22日,四層,一層 二層 三層 四層
RPPOMLNLPHNFFFK66CA,44,163.51,住家用,見其他登記事項,63年9月7日,三層,一層 二層 三層
RPUNMLRLPHNFFFK47CA,27,182.80,住家用,鋼筋混凝土造,80年7月1日,四層,一層 二層 三層 四層 騎樓
RPSNMLRLPHNFFFK27CA,3,207.74,住家用,鋼筋混凝土造,104年11月3日,三層,一層 二層 三層 見其他登記事項
RPPNMLOJRHNFFEK56CA,26,157.20,住家用,鋼筋混凝土造,81年1月16日,三層,一層 二層 三層
RPXNMLPLPHNFFFK57CA,2,122.44,見其他登記事項,鋼筋混凝土造,105年10月24日,四層,一層 二層 三層 四層 見其他登記事項
RPXNMLPLPHNFFFK57CA,2,122.44,見其他登記事項,鋼筋混凝土造,105年10月24日,四層,一層 二層 三層 四層 見其他登記事項
RPOOMLPLPHNFFFK76CA,3,68.57,見其他登記事項,鋼筋混凝土造,104年8月27日,十一層,四層
RPOOMLPLPHNFFFK76CA,3,33.39,見其他登記事項,鋼筋混凝土造,104年8月27日,十一層,
RPQNMLSJQHNFFAK56CA,49,35.90,住家用,見其他登記事項,58年12月15日,一層,一層
RPXNMLPLPHNFFDK37CA,23,75.13,住家用,鋼筋混凝土造,84年8月26日,七層,三層
RPXNMLPLPHNFFDK37CA,23,16.04,見其他登記事項,鋼筋混凝土造,84年8月26日,七層,
RPXNMLPLPHNFFDK37CA,23,26.53,見其他登記事項,鋼筋混凝土造,84年8月26日,七層,
RPRNMLOLPHNFFDK66CA,2,83.40,住家用,鋼筋混凝土造,105年10月12日,十二層,十層
RPRNMLOLPHNFFDK66CA,2,37.52,共有部分,鋼筋混凝土造,105年10月12日,十二層,
RPRNMLOLPHNFFDK66CA,2,17.09,共有部分,鋼筋混凝土造,105年10月12日,十二層,
RPTNMLRLPHNFFDK17CA,2,273.42,見其他登記事項,鋼筋混凝土造,105年3月9日,五層,一層 二層 三層 四層 五層 見其他登記事項
RPXNMLQLPHNFFDK47CA,2,69.86,住家用,鋼筋混凝土造,105年10月12日,十一層,八層
RPXNMLQLPHNFFDK47CA,2,17.02,共有部分,鋼筋混凝土造,105年10月12日,十一層,
RPXNMLQLPHNFFDK47CA,2,32.27,共有部分,鋼筋混凝土造,105年10月12日,十一層,
RPWNMLQLPHNFFDK37CA,3,218.46,見其他登記事項,鋼筋混凝土造,104年6月26日,五層,一層 二層 三層 地下一層 見其他登記事項
RPWNMLQLPHNFFDK37CA,3,30.26,共有部分,鋼筋混凝土造,104年6月26日,五層,
RPQNMLQJQHNFFFK86CA,3,89.91,見其他登記事項,鋼筋混凝土造,104年11月24日,十二層,七層
RPQNMLQJQHNFFFK86CA,3,16.56,見其他登記事項,鋼筋混凝土造,104年11月24日,十二層,
RPQNMLQJQHNFFFK86CA,3,48.04,停車空間,鋼筋混凝土造,104年11月24日,十二層,
RPQNMLQJQHNFFFK86CA,3,6.59,見其他登記事項,鋼筋混凝土造,104年11月24日,十二層,
RPTNMLLMPHNFFFK86CA,1,225.22,住家用,鋼筋混凝土造,106年10月5日,四層,一層 二層 三層 四層 騎樓
RPPNMLMJQHNFFCK68CA,39,167.50,住商用,鋼筋混凝土造,68年5月2日,二層,一層 二層 騎樓
RPSNMLLJQHNFFFK56CA,1,89.77,見其他登記事項,鋼筋混凝土造,106年4月25日,十四層,七層
RPSNMLLJQHNFFFK56CA,1,19.92,見其他登記事項,鋼筋混凝土造,106年4月25日,十四層,
RPSNMLLJQHNFFFK56CA,1,53.33,見其他登記事項,鋼筋混凝土造,106年4月25日,十四層,
RPPNMLNJQHNFFFK09CA,11,45.65,見其他登記事項,見其他登記事項,96年3月30日,五層,二層 三層
RPPNMLNJQHNFFFK09CA,,16.85,見其他登記事項,見其他登記事項,,五層,
RPPNMLNJQHNFFFK09CA,11,45.65,見其他登記事項,見其他登記事項,96年3月30日,五層,二層 三層
RPPNMLNJQHNFFFK09CA,,16.85,見其他登記事項,見其他登記事項,,五層,
RPQNMLQLPHNFFBK56CA,,193.38,住家用,鋼筋混凝土造,107年1月31日,三層,一層 二層 三層
RPSNMLSJQHNFFBK86CA,13,200.37,見其他登記事項,鋼筋混凝土造,94年10月31日,三層,一層 二層 三層 地下一層
RPSNMLSJQHNFFBK86CA,13,21.40,停車空間,鋼筋混凝土造,94年10月31日,三層,
RPQNMLQLPHNFFDK76CA,2,175.71,見其他登記事項,鋼筋混凝土造,105年3月25日,十四層,十層
RPQNMLQLPHNFFDK76CA,2,149.76,共有部分,鋼筋混凝土造,105年3月25日,十四層,
RPPNMLTLPHNFFCK86CA,37,152.10,住商用,鋼筋混凝土造,70年2月17日,二層,一層 二層 騎樓
RPUNMLQLPHNFFDK17CA,15,21.44,住家用,鋼筋混凝土造,92年3月31日,三層,一層
RPUNMLQLPHNFFDK17CA,15,7.14,見其他登記事項,鋼筋混凝土造,92年3月31日,三層,
RPVNMLKMPHNFFCK66CA,41,52.82,住家用,加強磚造,66年4月15日,一層,一層 騎樓
RPPOMLPLPHNFFFK86CA,4,.30,見其他登記事項,鋼筋混凝土造,103年7月4日,十一層,
RPPOMLPLPHNFFFK86CA,4,102.56,見其他登記事項,鋼筋混凝土造,103年7月4日,十一層,五層
RPPOMLPLPHNFFFK86CA,4,20.11,見其他登記事項,鋼筋混凝土造,103年7月4日,十一層,
RPPOMLPLPHNFFFK86CA,4,17.84,見其他登記事項,鋼筋混凝土造,103年7月4日,十一層,
RPPOMLPLPHNFFFK86CA,4,30.87,見其他登記事項,鋼筋混凝土造,103年7月4日,十一層,
RPOOMLKMPHNFFCK68CA,,196.44,見其他登記事項,鋼筋混凝土造,107年3月20日,四層,一層 二層 三層 四層
RPSNMLQLPHNFFDK96CA,1,92.32,住商用,鋼筋混凝土造,106年8月25日,三層,一層 二層 三層 見其他登記事項
RPSNMLQLPHNFFDK96CA,1,36.78,共有部分,鋼筋混凝土造,106年8月25日,十層,
RPSNMLQLPHNFFDK96CA,1,92.32,住商用,鋼筋混凝土造,106年8月25日,三層,一層 二層 三層 見其他登記事項
RPSNMLQLPHNFFDK96CA,1,36.78,共有部分,鋼筋混凝土造,106年8月25日,十層,
RPSNMLQLPHNFFDK96CA,1,2.59,見其他登記事項,鋼筋混凝土造,106年8月25日,十層,
RPSNMLQLPHNFFDK96CA,1,.33,共有部分,鋼筋混凝土造,106年8月25日,十層,
RPSNMLQLPHNFFDK96CA,1,2.59,見其他登記事項,鋼筋混凝土造,106年8月25日,十層,
RPSNMLQLPHNFFDK96CA,1,.33,共有部分,鋼筋混凝土造,106年8月25日,十層,
RPRNMLKMPHNFFEK09CA,15,90.13,見其他登記事項,見其他登記事項,92年1月28日,一層,一層 屋頂突出物
RPSNMLQLPHNFFFK17CA,23,.10,商業用,鋼筋混凝土造,84年3月31日,十三層,
RPSNMLQLPHNFFFK17CA,23,4233.55,見其他登記事項,鋼筋混凝土造,84年3月31日,十三層,
RPUNMLPKQHNFFBK86CA,8,300.37,農舍,鋼筋混凝土造,99年6月9日,二層,一層 二層
RPPNMLRLPHNFFCK66CA,36,253.14,見其他登記事項,鋼筋混凝土造,71年8月11日,四層,一層 二層 三層 四層 屋頂突出物 騎樓
RPQNMLSJQHNFFEK96CA,39,98.52,住家用,鋼筋混凝土造,68年12月5日,二層,一層 二層
RPPNMLRLPHNFFFK96CA,34,116.43,住家用,加強磚造,73年4月13日,二層,一層 二層
RPOPMLOKQHNFFDK56CA,,62.60,住家用,鋼筋混凝土造,107年3月21日,十二層,六層
RPOPMLOKQHNFFDK56CA,,2.45,共有部分,鋼筋混凝土造,107年3月21日,十二層,
RPOPMLOKQHNFFDK56CA,,18.35,共有部分,鋼筋混凝土造,107年3月21日,十二層,
RPOPMLOKQHNFFDK56CA,,6.69,共有部分,鋼筋混凝土造,107年3月21日,十二層,
RPVNMLPKQHNFFDK17CA,1,77.20,見其他登記事項,鋼筋混凝土造,106年10月27日,五層,五層
RPVNMLPKQHNFFDK17CA,1,35.43,共有部分,鋼筋混凝土造,106年10月27日,五層,
RPPNMLRJQHNFFDK66CA,2,104.79,見其他登記事項,鋼筋混凝土造,105年8月12日,十四層,十一層
RPPNMLRJQHNFFDK66CA,2,77.85,共有部分,鋼筋混凝土造,105年8月12日,十四層,
RPSOMLOKQHNFFDK86CA,,2.45,共有部分,鋼筋混凝土造,107年3月21日,十二層,
RPSOMLOKQHNFFDK86CA,,67.76,住家用,鋼筋混凝土造,107年3月21日,十二層,二層
RPSOMLOKQHNFFDK86CA,,19.87,共有部分,鋼筋混凝土造,107年3月21日,十二層,
RPSOMLOKQHNFFDK86CA,,40.25,共有部分,鋼筋混凝土造,107年3月21日,十二層,
RPVOMLOKQHNFFDK17CA,,67.76,住家用,鋼筋混凝土造,107年3月21日,十二層,九層
RPVOMLOKQHNFFDK17CA,,2.45,共有部分,鋼筋混凝土造,107年3月21日,十二層,
RPVOMLOKQHNFFDK17CA,,19.87,共有部分,鋼筋混凝土造,107年3月21日,十二層,
RPVOMLOKQHNFFDK17CA,,40.25,共有部分,鋼筋混凝土造,107年3月21日,十二層,
RPTNMLPKQHNFFDK96CA,,104.06,住家用,鋼筋混凝土造,107年3月21日,七層,六層
RPTNMLPKQHNFFDK96CA,,2.45,共有部分,鋼筋混凝土造,107年3月21日,十二層,
RPTNMLPKQHNFFDK96CA,,31.38,共有部分,鋼筋混凝土造,107年3月21日,七層,
RPTNMLPKQHNFFDK96CA,,44.19,共有部分,鋼筋混凝土造,107年3月21日,十二層,
RPSNMLPKQHNFFDK86CA,,62.60,住家用,鋼筋混凝土造,107年3月21日,十二層,四層
RPSNMLPKQHNFFDK86CA,,2.45,共有部分,鋼筋混凝土造,107年3月21日,十二層,
RPSNMLPKQHNFFDK86CA,,18.35,共有部分,鋼筋混凝土造,107年3月21日,十二層,
RPSNMLPKQHNFFDK86CA,,39.69,共有部分,鋼筋混凝土造,107年3月21日,十二層,
RPSNMLLMPHNFFDK56CA,1,102.05,見其他登記事項,鋼筋混凝土造,106年7月25日,五層,三層
RPSNMLLMPHNFFDK56CA,1,24.11,共有部分,鋼筋混凝土造,106年7月25日,五層,
RPSNMLLMPHNFFDK56CA,1,15.44,共有部分,鋼筋混凝土造,106年7月25日,五層,
RPXOMLOKQHNFFDK37CA,,104.06,住家用,鋼筋混凝土造,107年3月21日,七層,三層
RPXOMLOKQHNFFDK37CA,,2.45,共有部分,鋼筋混凝土造,107年3月21日,十二層,
RPXOMLOKQHNFFDK37CA,,31.38,共有部分,鋼筋混凝土造,107年3月21日,七層,
RPXOMLOKQHNFFDK37CA,,44.19,共有部分,鋼筋混凝土造,107年3月21日,十二層,
RPPPMLOKQHNFFDK66CA,,67.76,住家用,鋼筋混凝土造,107年3月21日,十二層,四層
RPPPMLOKQHNFFDK66CA,,2.45,共有部分,鋼筋混凝土造,107年3月21日,十二層,
RPPPMLOKQHNFFDK66CA,,19.87,共有部分,鋼筋混凝土造,107年3月21日,十二層,
RPPPMLOKQHNFFDK66CA,,7.25,共有部分,鋼筋混凝土造,107年3月21日,十二層,
RPSPMLOKQHNFFDK96CA,,67.76,住家用,鋼筋混凝土造,107年3月21日,十二層,十二層
RPSPMLOKQHNFFDK96CA,,2.45,共有部分,鋼筋混凝土造,107年3月21日,十二層,
RPSPMLOKQHNFFDK96CA,,19.87,共有部分,鋼筋混凝土造,107年3月21日,十二層,
RPSPMLOKQHNFFDK96CA,,7.25,共有部分,鋼筋混凝土造,107年3月21日,十二層,
RPRPMLOKQHNFFDK86CA,,67.76,住家用,鋼筋混凝土造,107年3月21日,十二層,十一層
RPRPMLOKQHNFFDK86CA,,2.45,共有部分,鋼筋混凝土造,107年3月21日,十二層,
RPRPMLOKQHNFFDK86CA,,19.78,共有部分,鋼筋混凝土造,107年3月21日,十二層,
RPRPMLOKQHNFFDK86CA,,43.24,共有部分,鋼筋混凝土造,107年3月21日,十二層,
RPUNMLPKQHNFFDK07CA,,104.06,住家用,鋼筋混凝土造,107年3月21日,七層,七層
RPUNMLPKQHNFFDK07CA,,2.45,共有部分,鋼筋混凝土造,107年3月21日,十二層,
RPUNMLPKQHNFFDK07CA,,31.38,共有部分,鋼筋混凝土造,107年3月21日,七層,
RPUNMLPKQHNFFDK07CA,,61.59,共有部分,鋼筋混凝土造,107年3月21日,十二層,
RPTPMLOKQHNFFDK07CA,,65.16,住家用,鋼筋混凝土造,107年3月21日,十二層,二層
RPTPMLOKQHNFFDK07CA,,2.45,共有部分,鋼筋混凝土造,107年3月21日,十二層,
RPTPMLOKQHNFFDK07CA,,19.11,共有部分,鋼筋混凝土造,107年3月21日,十二層,
RPTPMLOKQHNFFDK07CA,,6.96,共有部分,鋼筋混凝土造,107年3月21日,十二層,
RPOQMLOKQHNFFDK66CA,,62.60,住家用,鋼筋混凝土造,107年3月21日,十二層,三層
RPOQMLOKQHNFFDK66CA,,2.45,共有部分,鋼筋混凝土造,107年3月21日,十二層,
RPOQMLOKQHNFFDK66CA,,18.35,共有部分,鋼筋混凝土造,107年3月21日,十二層,
RPOQMLOKQHNFFDK66CA,,6.69,共有部分,鋼筋混凝土造,107年3月21日,十二層,
RPQPMLOKQHNFFDK76CA,,67.76,住家用,鋼筋混凝土造,107年3月21日,十二層,七層
RPQPMLOKQHNFFDK76CA,,2.45,共有部分,鋼筋混凝土造,107年3月21日,十二層,
RPQPMLOKQHNFFDK76CA,,19.87,共有部分,鋼筋混凝土造,107年3月21日,十二層,
RPQPMLOKQHNFFDK76CA,,40.25,共有部分,鋼筋混凝土造,107年3月21日,十二層,
RPXPMLOKQHNFFDK47CA,,62.60,住家用,鋼筋混凝土造,107年3月21日,十二層,七層
RPXPMLOKQHNFFDK47CA,,2.45,共有部分,鋼筋混凝土造,107年3月21日,十二層,
RPXPMLOKQHNFFDK47CA,,18.35,共有部分,鋼筋混凝土造,107年3月21日,十二層,
RPXPMLOKQHNFFDK47CA,,6.69,共有部分,鋼筋混凝土造,107年3月21日,十二層,
RPUPMLOKQHNFFDK17CA,,62.60,住家用,鋼筋混凝土造,107年3月21日,十二層,五層
RPUPMLOKQHNFFDK17CA,,2.45,共有部分,鋼筋混凝土造,107年3月21日,十二層,
RPUPMLOKQHNFFDK17CA,,18.35,共有部分,鋼筋混凝土造,107年3月21日,十二層,
RPUPMLOKQHNFFDK17CA,,6.69,共有部分,鋼筋混凝土造,107年3月21日,十二層,
RPPQMLOKQHNFFDK76CA,,62.60,住家用,鋼筋混凝土造,107年3月21日,十二層,九層
RPPQMLOKQHNFFDK76CA,,2.45,共有部分,鋼筋混凝土造,107年3月21日,十二層,
RPPQMLOKQHNFFDK76CA,,18.35,共有部分,鋼筋混凝土造,107年3月21日,十二層,
RPPQMLOKQHNFFDK76CA,,6.69,共有部分,鋼筋混凝土造,107年3月21日,十二層,
RPTNMLQLPHNFFFK27CA,1,69.51,見其他登記事項,鋼筋混凝土造,106年4月11日,十三層,九層
RPTNMLQLPHNFFFK27CA,1,13.98,見其他登記事項,鋼筋混凝土造,106年4月11日,十三層,
RPTNMLQLPHNFFFK27CA,1,21.76,見其他登記事項,鋼筋混凝土造,106年4月11日,十三層,
RPTNMLQLPHNFFFK27CA,1,.46,見其他登記事項,鋼筋混凝土造,106年4月11日,十三層,
RPTNMLQLPHNFFFK27CA,1,.06,見其他登記事項,鋼筋混凝土造,106年4月11日,十三層,
RPTNMLQLPHNFFFK27CA,1,.14,見其他登記事項,鋼筋混凝土造,106年4月11日,十三層,
RPRNMLRLPHNFFFK17CA,9,39.05,見其他登記事項,見其他登記事項,98年8月25日,六層,一層
RPSQMLOKQHNFFDK07CA,,104.06,住家用,鋼筋混凝土造,107年3月21日,七層,五層
RPSQMLOKQHNFFDK07CA,,2.45,共有部分,鋼筋混凝土造,107年3月21日,十二層,
RPSQMLOKQHNFFDK07CA,,31.38,共有部分,鋼筋混凝土造,107年3月21日,七層,
RPSQMLOKQHNFFDK07CA,,44.19,共有部分,鋼筋混凝土造,107年3月21日,十二層,
RPQQMLOKQHNFFDK86CA,,62.60,住家用,鋼筋混凝土造,107年3月21日,十二層,十二層
RPQQMLOKQHNFFDK86CA,,2.45,共有部分,鋼筋混凝土造,107年3月21日,十二層,
RPQQMLOKQHNFFDK86CA,,18.35,共有部分,鋼筋混凝土造,107年3月21日,十二層,
RPQQMLOKQHNFFDK86CA,,6.69,共有部分,鋼筋混凝土造,107年3月21日,十二層,
RPRNMLRLPHNFFDK96CA,9,210.27,住家用,鋼筋混凝土造,98年3月19日,四層,一層 二層 三層 四層
RPQNMLTLPHNFFCK96CA,,237.25,見其他登記事項,鋼筋混凝土造,107年2月13日,三層,一層 二層 三層 見其他登記事項
RPVNMLKMPHNFFDK76CA,3,257.25,見其他登記事項,鋼筋混凝土造,104年8月25日,三層,一層 二層 三層 屋頂突出物
RPQNMLRLPHNFFBK66CA,52,39.38,住家用,見其他登記事項,55年10月15日,一層,一層
RPQNMLQJQHNFFCK56CA,,147.93,住家用,鋼筋混凝土造,,二層,一層 二層 騎樓
RPQNMLKMPHNFFEK98CA,,206.52,住家用,加強磚造,,二層,一層 二層 騎樓
RPRNMLKKQHNFFCK78CA,37,174.88,住商用,鋼筋混凝土造,70年8月10日,三層,一層 二層 三層
RPSNMLQKQHNFFCK86CA,24,104.35,見其他登記事項,鋼筋混凝土造,83年6月30日,十一層,六層
RPSNMLQKQHNFFCK86CA,24,8.50,共用部份,鋼筋混凝土造,83年6月30日,十一層,
RPSNMLQKQHNFFCK86CA,24,.41,見其他登記事項,鋼筋混凝土造,83年6月30日,十一層,
RPSNMLQKQHNFFCK86CA,24,27.07,共用部份,鋼筋混凝土造,83年6月30日,十一層,
RPQNMLTJQHNFFFK17CA,34,224.48,住家用,鋼筋混凝土造,73年2月20日,二層,一層 二層 騎樓
RPVNMLKMPHNFFFK96CA,25,118.47,住家用,鋼筋混凝土造,82年8月20日,七層,七層
RPVNMLKMPHNFFFK96CA,25,18.67,住家用,鋼筋混凝土造,82年8月20日,七層,
RPVNMLKMPHNFFFK96CA,25,13.05,見其他登記事項,鋼筋混凝土造,82年8月20日,七層,
RPUOMLPKQHNFFFK37CA,,120.42,見其他登記事項,鋼筋混凝土造,107年4月19日,十四層,十一層
RPUOMLPKQHNFFFK37CA,,52.45,見其他登記事項,鋼筋混凝土造,107年4月19日,十四層,
RPUOMLPKQHNFFFK37CA,,25.05,見其他登記事項,鋼筋混凝土造,107年4月19日,十四層,
RPSOMLPKQHNFFFK17CA,,131.82,商業用,鋼筋混凝土造,107年4月19日,十四層,一層
RPSOMLPKQHNFFFK17CA,,53.22,見其他登記事項,鋼筋混凝土造,107年4月19日,十四層,
RPSOMLPKQHNFFFK17CA,,25.75,見其他登記事項,鋼筋混凝土造,107年4月19日,十四層,
RPTOMLPKQHNFFFK27CA,,125.18,見其他登記事項,鋼筋混凝土造,107年4月19日,十四層,一層
RPTOMLPKQHNFFFK27CA,,54.00,見其他登記事項,鋼筋混凝土造,107年4月19日,十四層,
RPTOMLPKQHNFFFK27CA,,26.61,見其他登記事項,鋼筋混凝土造,107年4月19日,十四層,
RPQPMLPKQHNFFFK07CA,,89.12,見其他登記事項,鋼筋混凝土造,107年4月19日,十四層,十一層
RPQPMLPKQHNFFFK07CA,,45.53,見其他登記事項,鋼筋混凝土造,107年4月19日,十四層,
RPQPMLPKQHNFFFK07CA,,18.29,見其他登記事項,鋼筋混凝土造,107年4月19日,十四層,
RPVOMLPKQHNFFFK47CA,,96.65,見其他登記事項,鋼筋混凝土造,107年4月19日,十四層,二層
RPVOMLPKQHNFFFK47CA,,47.61,見其他登記事項,鋼筋混凝土造,107年4月19日,十四層,
RPVOMLPKQHNFFFK47CA,,20.33,見其他登記事項,鋼筋混凝土造,107年4月19日,十四層,
RPXNMLQKQHNFFFK67CA,,110.62,見其他登記事項,鋼筋混凝土造,107年4月19日,十四層,十三層
RPXNMLQKQHNFFFK67CA,,50.20,見其他登記事項,鋼筋混凝土造,107年4月19日,十四層,
RPXNMLQKQHNFFFK67CA,,22.82,見其他登記事項,鋼筋混凝土造,107年4月19日,十四層,
RPVNMLQKQHNFFFK47CA,,119.82,見其他登記事項,鋼筋混凝土造,107年4月19日,十四層,七層
RPVNMLQKQHNFFFK47CA,,25.08,見其他登記事項,鋼筋混凝土造,107年4月19日,十四層,
RPVNMLQKQHNFFFK47CA,,78.19,見其他登記事項,鋼筋混凝土造,107年4月19日,十四層,
RPOPMLPKQHNFFFK86CA,,119.82,見其他登記事項,鋼筋混凝土造,107年4月19日,十四層,七層
RPOPMLPKQHNFFFK86CA,,25.08,見其他登記事項,鋼筋混凝土造,107年4月19日,十四層,
RPOPMLPKQHNFFFK86CA,,78.19,見其他登記事項,鋼筋混凝土造,107年4月19日,十四層,
RPSNMLQJQHNFFFK07CA,1,133.30,商業用,鋼筋混凝土造,106年11月15日,十四層,一層 見其他登記事項
RPSNMLQJQHNFFFK07CA,1,34.43,見其他登記事項,鋼筋混凝土造,106年11月15日,十四層,
RPSNMLQJQHNFFFK07CA,1,101.52,見其他登記事項,鋼筋混凝土造,106年11月15日,十四層,
RPWOMLPKQHNFFFK57CA,,118.70,見其他登記事項,鋼筋混凝土造,107年4月19日,十四層,三層
RPWOMLPKQHNFFFK57CA,,25.05,見其他登記事項,鋼筋混凝土造,107年4月19日,十四層,
RPWOMLPKQHNFFFK57CA,,52.45,見其他登記事項,鋼筋混凝土造,107年4月19日,十四層,
RPSNMLKMPHNFFBK88CA,,128.58,住家用,磚造,,二層,一層 二層 見其他登記事項
RPXOMLPKQHNFFBK27CA,,41.85,住家用,鋼造,,一層,一層
RPQNMLKMPHNFFDK88CA,41,72.92,住家用,鋼筋混凝土造,66年8月10日,二層,一層 二層
RPVNMLQJQHNFFBK96CA,,87.39,住家用,加強磚造,,一層,一層
RPXNMLPKQHNFFBK17CA,14,211.98,住家用,鋼筋混凝土造,93年4月14日,三層,一層 二層 三層 屋頂突出物
RPRNMLLMPHNFFFK66CA,26,200.62,住家用,鋼筋混凝土造,81年9月15日,三層,一層 二層 三層
RPSNMLLMPHNFFFK76CA,16,140.34,見其他登記事項,鋼筋混凝土造,91年1月4日,三層,一層 二層 三層
RPOOMLRLPHNFFFK96CA,1,268.30,住家用,鋼筋混凝土造,106年2月21日,四層,一層 二層 三層 四層 見其他登記事項
RPRNMLLMPHNFFDK09CA,14,16.21,住家用,鋼筋混凝土造,93年5月13日,三層,三層
RPRNMLLMPHNFFDK09CA,14,5.10,見其他登記事項,鋼筋混凝土造,93年5月13日,三層,
RPRNMLLJQHNFFDK88CA,24,92.31,住家用,鋼筋混凝土造,83年1月12日,六層,五層
RPRNMLLJQHNFFDK88CA,24,23.50,見其他登記事項,鋼筋混凝土造,83年1月12日,六層,
RPRNMLLJQHNFFDK88CA,24,9.90,見其他登記事項,鋼筋混凝土造,83年1月12日,六層,
RPVNMLRLPHNFFFK57CA,18,186.21,見其他登記事項,鋼筋混凝土造,89年5月24日,四層,一層 二層 三層 四層
RPUNMLLJQHNFFDK56CA,20,139.93,住家用,鋼筋混凝土造,87年8月25日,三層,一層 二層 三層 屋頂突出物
SPWNMLPKQHNFFDK37CA,,62.60,住家用,鋼筋混凝土造,107年3月21日,十二層,八層
SPWNMLPKQHNFFDK37CA,,2.45,共有部分,鋼筋混凝土造,107年3月21日,十二層,
SPWNMLPKQHNFFDK37CA,,18.35,共有部分,鋼筋混凝土造,107年3月21日,十二層,
SPWNMLPKQHNFFDK37CA,,39.69,共有部分,鋼筋混凝土造,107年3月21日,十二層,
RPRQMLOKQHNFFDK96CA,,67.76,住家用,鋼筋混凝土造,107年3月21日,十二層,三層
RPRQMLOKQHNFFDK96CA,,2.45,共有部分,鋼筋混凝土造,107年3月21日,十二層,
RPRQMLOKQHNFFDK96CA,,19.87,共有部分,鋼筋混凝土造,107年3月21日,十二層,
RPRQMLOKQHNFFDK96CA,,7.25,共有部分,鋼筋混凝土造,107年3月21日,十二層,
RPWNMLPKQHNFFDK27CA,,2.45,共有部分,鋼筋混凝土造,107年3月21日,十二層,
RPWNMLPKQHNFFDK27CA,,67.76,住家用,鋼筋混凝土造,107年3月21日,十二層,八層
RPWNMLPKQHNFFDK27CA,,19.87,共有部分,鋼筋混凝土造,107年3月21日,十二層,
RPWNMLPKQHNFFDK27CA,,40.25,共有部分,鋼筋混凝土造,107年3月21日,十二層,
RPWOMLOKQHNFFDK27CA,,62.60,住家用,鋼筋混凝土造,107年3月21日,十二層,四層
RPWOMLOKQHNFFDK27CA,,2.45,共有部分,鋼筋混凝土造,107年3月21日,十二層,
RPWOMLOKQHNFFDK27CA,,18.35,共有部分,鋼筋混凝土造,107年3月21日,十二層,
RPWOMLOKQHNFFDK27CA,,39.69,共有部分,鋼筋混凝土造,107年3月21日,十二層,
RPPNMLNJQHNFFDK88CA,1,319.54,見其他登記事項,鋼筋混凝土造,106年9月30日,四層,一層 二層 三層 四層 見其他登記事項
RPSNMLRKQHNFFDK07CA,4,78.39,見其他登記事項,鋼筋混凝土造,103年8月20日,五層,五層
RPSNMLRKQHNFFDK07CA,4,31.86,共有部分,鋼筋混凝土造,103年8月20日,五層,
RPTNMLKMPHNFFBK98CA,25,180.07,住家用,鋼筋混凝土造,82年2月19日,,一層 二層 三層
RPPOMLQJQHNFFDK66CA,41,138.52,住家用,加強磚造,66年5月27日,二層,一層 二層 騎樓
RPSNMLKKQHNFFBK78CA,8,222.96,住家用,鋼筋混凝土造,99年5月3日,四層,一層 二層 三層 四層
RPQNMLLJQHNFFDK78CA,2,95.64,住家用,鋼筋混凝土造,105年10月12日,九層,二層
RPQNMLLJQHNFFDK78CA,2,21.02,共有部分,鋼筋混凝土造,105年10月12日,九層,
RPQNMLLJQHNFFDK78CA,2,19.27,見其他登記事項,鋼筋混凝土造,105年10月12日,九層,
RPQNMLLJQHNFFDK78CA,2,19.11,共有部分,鋼筋混凝土造,105年10月12日,九層,
RPRNMLNKQHNFFBK98CA,36,69.25,住家用,鋼筋混凝土造,70年12月15日,,四層
RPRNMLLMPHNFFBK88CA,25,183.57,住家用,鋼筋混凝土造,82年8月23日,,一層 二層 三層 屋頂突出物
RPRNMLSJQHNFFEK07CA,24,196.36,住家用,鋼筋混凝土造,83年1月12日,三層,一層 二層 三層 屋頂突出物 地下層
RPUNMLKMPHNFFFK86CA,1,101.37,見其他登記事項,鋼筋混凝土造,106年5月18日,十二層,十層
RPUNMLKMPHNFFFK86CA,1,53.40,見其他登記事項,鋼筋混凝土造,106年5月18日,十二層,
RPUNMLKMPHNFFFK86CA,1,9.33,見其他登記事項,鋼筋混凝土造,106年5月18日,十二層,
RPUNMLKMPHNFFFK86CA,1,9.51,見其他登記事項,鋼筋混凝土造,106年5月18日,十二層,
RPUNMLKMPHNFFFK86CA,1,4.19,見其他登記事項,鋼筋混凝土造,106年5月18日,十二層,
RPUNMLKMPHNFFFK86CA,1,.86,見其他登記事項,鋼筋混凝土造,106年5月18日,十二層,
RPUNMLKMPHNFFFK86CA,1,.29,見其他登記事項,鋼筋混凝土造,106年5月18日,十二層,
RPUNMLKMPHNFFFK86CA,1,.10,見其他登記事項,鋼筋混凝土造,106年5月18日,十二層,
RPRNMLMJQHNFFFK66DA,37,75.70,住家用,鋼筋混凝土造,70年11月30日,五層,四層
RPRNMLMJQHNFFFK66DA,37,7.50,見其他登記事項,鋼筋混凝土造,70年11月30日,五層,
RPRNMLQJQHNFFFK96CA,3,89.91,見其他登記事項,鋼筋混凝土造,104年11月24日,十二層,十層
RPRNMLQJQHNFFFK96CA,3,16.56,見其他登記事項,鋼筋混凝土造,104年11月24日,十二層,
RPRNMLQJQHNFFFK96CA,3,48.04,停車空間,鋼筋混凝土造,104年11月24日,十二層,
RPRNMLQJQHNFFFK96CA,3,6.59,見其他登記事項,鋼筋混凝土造,104年11月24日,十二層,
RPSNMLRJQHNFFFK17CA,2,134.79,見其他登記事項,鋼筋混凝土造,105年6月13日,十四層,六層
RPSNMLRJQHNFFFK17CA,2,90.18,見其他登記事項,鋼筋混凝土造,105年6月13日,十四層,
RPPOMLPKQHNFFBK09CA,,102.00,住家用,鋼筋混凝土造,107年4月2日,五層,三層
RPPOMLPKQHNFFBK09CA,,28.57,見其他登記事項,鋼筋混凝土造,107年4月2日,五層,
RPUNMLLJQHNFFBK98CA,36,680.61,見其他登記事項,鋼筋混凝土造,71年2月27日,六層,一層 二層 三層 四層 五層 六層 屋頂突出物 騎樓 地下一層
RPOOMLMJQHNFFDK78CA,38,109.54,住家用,鋼筋混凝土造,69年3月6日,四層,四層
RPOOMLMJQHNFFDK78CA,38,5.04,見其他登記事項,鋼筋混凝土造,69年3月6日,四層,
RPOOMLMJQHNFFDK78CA,38,5.30,見其他登記事項,鋼筋混凝土造,69年3月6日,,
RPQNMLLJQHNFFBK58CA,24,90.11,住家用,鋼筋混凝土造,83年1月21日,,四層
RPQNMLLJQHNFFBK58CA,24,24.94,見其他登記事項,鋼筋混凝土造,83年1月21日,,
RPQNMLLJQHNFFBK58CA,24,11.16,見其他登記事項,鋼筋混凝土造,83年1月21日,,
RPQNMLQLQHNFFBK66CA,,69.76,住家用,加強磚造,,,一層 二層 三層
RPQNMLQLQHNFFBK66CA,,69.76,住家用,加強磚造,,,一層 二層 三層
RPSOMLLMPHNFFDK66CA,1,240.18,見其他登記事項,鋼筋混凝土造,106年12月29日,四層,一層 二層 三層 四層 見其他登記事項
