﻿鄉鎮市區,交易標的,土地區段位置/建物區段門牌,土地移轉總面積(平方公尺),都市土地使用分區,非都市土地使用分區,非都市土地使用編定,交易年月日,交易筆棟數,移轉層次,總樓層數,建物型態,主要用途,主要建材,建築完成年月,建物移轉總面積(平方公尺),建物現況格局-房,建物現況格局-廳,建物現況格局-衛,建物現況格局-隔間,有無管理組織,總價(元),單價(元/平方公尺),車位類別,車位移轉總面積(平方公尺),車位總價(元),備註,編號
The villages and towns urban district,transaction sign,land sector position/building sector house number plate,land shifting total area (square meter),the use zoning or compiles and checks,the non-metropolis land use district,non-metropolis land use,transaction year, month and day,transaction pen number,shifting level,total floor number,building state,main use,main building materials,construction to complete the years,building shifting total area,Building present situation pattern - room,building present situation pattern - hall,building present situation pattern - health,building present situation pattern - compartmented,Whether there is manages the organization,total price (Yuan),the unit price (a Yuan/square meter),the berth category,berth shifting total area (square meter),the berth total price (Yuan),the note,serial number
苗栗市,房地(土地+建物),苗栗縣苗栗市文聖里3鄰國華路600巷61~90號,278.92,住,,,1070605,土地9建物1車位0,全,四層,透天厝,住家用,鋼筋混凝土造,1000818,281.86,4,3,3,有,無,14500000,51444,,0.0,0,,RPOOMLQLPHNFFBK09CA
苗栗市,土地,巨蛋段1111~1140地號,68.97,其他,,,1070710,土地2建物0車位0,,,其他,,,,0.0,0,0,0,有,無,938800,13612,,0.0,0,,RPTNMLNLPHNFFBK56CA
苑裡鎮,房地(土地+建物)+車位,苗栗縣苑裡鎮客庄里23鄰客庄61~90號,26.45,住,,,1070109,土地1建物1車位1,六層,八層,華廈(10層含以下有電梯),住家用,鋼筋混凝土造,0831229,115.75,3,2,2,有,有,3500000,30238,一樓平面,0.0,0,,RPQNMLMJQHNFFCK78CA
竹南鎮,房地(土地+建物)+車位,苗栗縣竹南鎮竹南里12鄰民權街51巷1~30號,14.21,住,,,1070322,土地1建物1車位1,十五層,十六層,住宅大樓(11層含以上有電梯),住家用,鋼筋混凝土造,0841108,169.36,3,2,2,有,有,6050000,35723,坡道機械,0.0,0,,RPVNMLOLPHNFFDK07CA
竹南鎮,房地(土地+建物),苗栗縣竹南鎮天文里5鄰龍山路二段121~150號,15.75,住,,,1070624,土地1建物1車位0,十二層,十二層,住宅大樓(11層含以上有電梯),住家用,鋼筋混凝土造,0840825,86.55,3,2,2,有,有,3750000,43328,,0.0,0,,RPWNMLOLPHNFFDK17CA
竹南鎮,房地(土地+建物),苗栗縣竹南鎮營盤里9鄰環市路三段12巷31~60號,84.25,住,,,1070602,土地3建物1車位0,全,四層,透天厝,見其他登記事項,鋼筋混凝土造,1011122,212.15,5,2,4,有,有,10700000,50436,,0.0,0,,RPSNMLPLPHNFFDK86CA
後龍鎮,土地,龍椅段601~630地號,1000.0,住,,,1070615,土地1建物0車位0,,,其他,,,,0.0,0,0,0,有,無,39325000,39325,,0.0,0,不動產之共有人數為４人,RPTNMLPLPHNFFDK96CA
竹南鎮,房地(土地+建物)+車位,苗栗縣竹南鎮龍山里10鄰龍泉街18巷1~30號,23.21,住,,,1070609,土地1建物1車位1,四層,七層,華廈(10層含以下有電梯),住家用,鋼筋混凝土造,0840826,132.16,3,2,2,有,有,3560000,26937,坡道機械,0.0,0,,RPSNMLNLPHNFFDK66CA
竹南鎮,房地(土地+建物),苗栗縣竹南鎮山佳里28鄰店仔31~60號,91.14,住,,,1070410,土地1建物1車位0,全,四層,透天厝,住家用,鋼筋混凝土造,1070426,200.15,4,2,4,有,無,9500000,47464,,0.0,0,,RPPNMLOLPHNFFDK09CA
竹南鎮,房地(土地+建物),苗栗縣竹南鎮成功街15巷1~30號,68.0,住,,,1070526,土地1建物1車位0,全,三層,透天厝,住家用,鋼筋混凝土造,0700915,134.87,4,2,3,有,無,5150000,38185,,0.0,0,,RPQOMLQLPHNFFDK86CA
竹南鎮,房地(土地+建物)+車位,苗栗縣竹南鎮大埔里8鄰大埔一街91~120號,16.87,商,,,1070622,土地1建物1車位1,十層,十四層,住宅大樓(11層含以上有電梯),見其他登記事項,鋼筋混凝土造,1051130,161.07,3,2,2,有,有,5800000,36009,坡道平面,0.0,0,,RPPNMLRLPHNFFDK76CA
竹南鎮,房地(土地+建物)+車位,苗栗縣竹南鎮大埔里8鄰大埔一街91~120號,16.87,商,,,1070625,土地1建物1車位1,三層,十四層,住宅大樓(11層含以上有電梯),見其他登記事項,鋼筋混凝土造,1051130,161.51,3,2,2,有,有,5300000,32815,坡道平面,0.0,0,,RPQNMLRLPHNFFDK86CA
竹南鎮,土地,仁德段1~30地號,41.58,住,,,1070607,土地1建物0車位0,,,其他,,,,0.0,0,0,0,有,無,1530976,36820,,0.0,0,向政府機關承購之案件。;向臺灣苗栗農田水利會標購之土地,RPXNMLLJQHNFFDK86CA
頭份巿,土地,尖山下段181~210地號,2610.0,,山坡地保育區,農牧用地,1070701,土地1建物0車位0,,,其他,,,,0.0,0,0,0,有,無,2580000,989,,0.0,0,,RPXNMLNLPHNFFFK37CA
頭份巿,土地,尖山下段1171~1200地號,2518.0,,山坡地保育區,農牧用地,1070701,土地1建物0車位0,,,其他,,,,0.0,0,0,0,有,無,2500000,993,,0.0,0,,RPOOMLNLPHNFFFK56CA
頭份巿,房地(土地+建物),苗栗縣頭份鎮仁愛里13鄰信東路11巷1~30號,72.33,住,,,1070623,土地2建物1車位0,全,三層,透天厝,住家用,見其他登記事項,0630907,163.51,4,2,3,有,無,5500000,33637,,0.0,0,,RPPOMLNLPHNFFFK66CA
三灣鄉,土地,永和山段841~870地號,1487.0,,山坡地保育區,農牧用地,1070628,土地1建物0車位0,,,其他,,,,0.0,0,0,0,有,無,5200000,3497,,0.0,0,,RPTNMLOLPHNFFFK07CA
三灣鄉,土地,永和山段811~840地號,1925.0,,山坡地保育區,農牧用地,1070528,土地1建物0車位0,,,其他,,,,0.0,0,0,0,有,無,3300000,1714,,0.0,0,,RPUNMLOLPHNFFFK17CA
頭份巿,房地(土地+建物),苗栗縣頭份鎮東庄里24鄰上庄路31~60號,123.0,住,,,1070608,土地1建物1車位0,全,三層,透天厝,住家用,鋼筋混凝土造,1041103,207.74,4,2,4,有,無,8500000,40917,,0.0,0,,RPSNMLRLPHNFFFK27CA
頭份巿,房地(土地+建物),苗栗縣頭份鎮成功里15鄰永安街481~510號,66.08,住,,,1070709,土地1建物1車位0,全,四層,透天厝,住家用,鋼筋混凝土造,0800701,182.8,4,2,3,有,無,6500000,35558,,0.0,0,,RPUNMLRLPHNFFFK47CA
三義鄉,土地,鯉魚段181~210地號,20.21,,特定農業區,甲種建築用地,1070613,土地1建物0車位0,,,其他,,,,0.0,0,0,0,有,無,247977,12270,,0.0,0,,RPRNMLMJQHNFFEK09CA
銅鑼鄉,房地(土地+建物),苗栗縣銅鑼鄉福興村21鄰平陽路42巷61~90號,116.26,住,,,1070627,土地2建物1車位0,全,三層,透天厝,住家用,鋼筋混凝土造,0810116,157.2,6,1,3,有,無,6600000,41985,,0.0,0,,RPPNMLOJRHNFFEK56CA
頭份巿,土地,和平段1681~1710地號,910.3,,河川區,農牧用地,1070709,土地1建物0車位0,,,其他,,,,0.0,0,0,0,有,無,5100000,5603,,0.0,0,,RPWNMLQLPHNFFFK57CA
南庄鄉,土地,北獅里興段獅頭驛小段1~30地號,1160.0,,山坡地保育區,丙種建築用地,1070522,土地2建物0車位0,,,其他,,,,0.0,0,0,0,有,無,432310,373,,0.0,0,親友、員工或其他特殊關係間之交易。;,RPVNMLPLPHNFFFK37CA
頭份巿,房地(土地+建物),苗栗縣頭份鎮新華里7鄰新華路286巷30弄1~30號,83.25,其他,,,1070611,土地3建物1車位0,全,四層,透天厝,見其他登記事項,鋼筋混凝土造,1051024,244.87,4,2,4,有,無,8650000,35325,,0.0,0,,RPXNMLPLPHNFFFK57CA
頭份巿,房地(土地+建物),苗栗縣頭份鎮中興里5鄰中興路436巷1~30號,17.45,住,,,1070606,土地2建物1車位0,四層,十一層,住宅大樓(11層含以上有電梯),見其他登記事項,鋼筋混凝土造,1040827,101.96,2,2,1,有,有,3850000,37760,,0.0,0,,RPOOMLPLPHNFFFK76CA
竹南鎮,房地(土地+建物),苗栗縣竹南鎮營盤里9鄰環市路三段12巷91~120號,83.76,住,,,1070602,土地2建物1車位0,全,五層,透天厝,見其他登記事項,鋼筋混凝土造,1040626,248.72,4,2,5,有,有,11850000,47644,,0.0,0,,RPWNMLQLPHNFFDK37CA
竹南鎮,房地(土地+建物)+車位,苗栗縣竹南鎮大埔里2鄰科專六路301~330號,31.11,住,,,1070626,土地1建物1車位1,八層,十一層,住宅大樓(11層含以上有電梯),住家用,鋼筋混凝土造,1051012,119.15,2,2,2,有,有,6590000,55995,坡道平面,19.32,1000000,,RPXNMLQLPHNFFDK47CA
竹南鎮,房地(土地+建物),苗栗縣竹南鎮大埔里2鄰科專七路389巷1弄1~30號,94.72,住,,,1070614,土地3建物1車位0,全,五層,透天厝,見其他登記事項,鋼筋混凝土造,1050309,273.42,4,2,4,有,無,13000000,47546,,0.0,0,,RPTNMLRLPHNFFDK17CA
竹南鎮,房地(土地+建物)+車位,苗栗縣竹南鎮大埔里2鄰科專七路451~480號,37.24,住,,,1070605,土地1建物1車位1,十層,十二層,住宅大樓(11層含以上有電梯),住家用,鋼筋混凝土造,1051012,138.01,3,2,2,有,無,7880000,58300,坡道平面,20.0,1000000,,RPRNMLOLPHNFFDK66CA
竹南鎮,土地,崎工段301~330地號,190.0,,工業區,丁種建築用地,1070601,土地1建物0車位0,,,其他,,,,0.0,0,0,0,有,無,6610000,34789,,0.0,0,,RPRNMLQLPHNFFDK86CA
竹南鎮,房地(土地+建物)+車位,苗栗縣竹南鎮龍山里11鄰龍泉街50巷1~30號,18.41,住,,,1070621,土地1建物1車位1,三層,七層,華廈(10層含以下有電梯),住家用,鋼筋混凝土造,0840826,117.69999999999999,2,2,1,有,有,3260000,27698,升降機械,0.0,0,,RPXNMLPLPHNFFDK37CA
苑裡鎮,房地(土地+建物),苗栗縣苑裡鎮中正里13鄰91~120號,127.7,住,,,1070614,土地1建物1車位0,全,二層,透天厝,住商用,鋼筋混凝土造,0680502,167.5,4,1,2,有,無,6300000,37612,,0.0,0,,RPPNMLMJQHNFFCK68CA
公館鄉,土地,北河段391~420地號,4239.0,,山坡地保育區,農牧用地,1070427,土地2建物0車位0,,,其他,,,,0.0,0,0,0,有,無,5660000,1335,,0.0,0,,RPPNMLPLPHNFFBK98CA
公館鄉,土地,福基段511~540地號,1430.0,,山坡地保育區,農牧用地,1070604,土地5建物0車位0,,,其他,,,,0.0,0,0,0,有,無,4300000,3007,,0.0,0,含未保登建物,RPQNMLMJQHNFFBK68CA
大湖鄉,房地(土地+建物),苗栗縣大湖鄉義和村和興31~60號,1149.0,,山坡地保育區,農牧用地,1070628,土地2建物1車位0,一層,一層,其他,住家用,見其他登記事項,0581215,35.9,0,0,0,無,無,1600000,44568,,0.0,0,平房,RPQNMLSJQHNFFAK56CA
頭份巿,房地(土地+建物),苗栗縣頭份鎮文化里6鄰幼英街1~30號,80.45,住,,,1070619,土地1建物1車位0,全,四層,透天厝,住家用,鋼筋混凝土造,1061005,225.22,3,2,2,有,無,13800000,61273,,0.0,0,,RPTNMLLMPHNFFFK86CA
三灣鄉,土地,大河底段361~390地號,5384.0,,山坡地保育區,農牧用地,1070305,土地1建物0車位0,,,其他,,,,0.0,0,0,0,有,無,1500000,279,,0.0,0,,RPRNMLRJQHNFFFK07CA
南庄鄉,土地,田尾段571~600地號,476.0,,山坡地保育區,林業用地,1070624,土地1建物0車位0,,,其他,,,,0.0,0,0,0,有,無,1200000,2521,,0.0,0,,RPVNMLQLPHNFFFK57DA
頭份巿,房地(土地+建物)+車位,苗栗縣頭份鎮山下里13鄰翠亨路143巷6弄1~30號,41.02,住,,,1070616,土地4建物1車位1,二層，三層,五層,公寓(5樓含以下無電梯),見其他登記事項,見其他登記事項,0960330,125.0,3,2,2,有,無,5150000,41200,一樓平面,0.0,0,,RPPNMLNJQHNFFFK09CA
頭份巿,房地(土地+建物)+車位,苗栗縣頭份鎮上埔里4鄰中正一路121~150號,27.01,商,,,1070621,土地1建物1車位1,七層,十二層,住宅大樓(11層含以上有電梯),見其他登記事項,鋼筋混凝土造,1041124,161.1,3,2,2,有,有,6280000,39210,坡道平面,26.44,1000000,,RPQNMLQJQHNFFFK86CA
大湖鄉,土地,大湖段781~810地號,1000.0,,山坡地保育區,林業用地,1070713,土地1建物0車位0,,,其他,,,,0.0,0,0,0,有,無,150000,150,,0.0,0,農保地,RPQNMLPLPHNFFAK09DA
大湖鄉,土地,大湖段781~810地號,2000.0,,山坡地保育區,林業用地,1070713,土地1建物0車位0,,,其他,,,,0.0,0,0,0,有,無,320000,160,,0.0,0,農保地,RPUNMLPLPHNFFAK86DA
大湖鄉,土地,大湖段781~810地號,2000.0,,山坡地保育區,林業用地,1070713,土地1建物0車位0,,,其他,,,,0.0,0,0,0,有,無,300000,150,,0.0,0,農保地,RPVNMLPLPHNFFAK96DA
頭份巿,房地(土地+建物)+車位,苗栗縣頭份鎮蟠桃里16鄰中央路511~540號,26.19,住,,,1070716,土地1建物1車位1,七層,十四層,住宅大樓(11層含以上有電梯),見其他登記事項,鋼筋混凝土造,1060425,163.01999999999998,3,2,2,有,有,8100000,58262,坡道平面,39.44,900000,,RPSNMLLJQHNFFFK56CA
三灣鄉,土地,永和山段1141~1170地號,4449.0,,山坡地保育區,農牧用地,1070612,土地11建物0車位0,,,其他,,,,0.0,0,0,0,有,無,1000000,225,,0.0,0,親友、員工或其他特殊關係間之交易。;,RPTNMLLJQHNFFFK66CA
大湖鄉,土地,百壽段241~270地號,223.14,,山坡地保育區,農牧用地,1070713,土地1建物0車位0,,,其他,,,,0.0,0,0,0,有,無,200000,896,,0.0,0,,RPRNMLRJQHNFFAK56CA
大湖鄉,土地,大窩段181~210地號,10120.8,,山坡地保育區,農牧用地,1070528,土地6建物0車位0,,,其他,,,,0.0,0,0,0,有,無,6600000,652,,0.0,0,"含壹棟未辦保登建物,建物未計價。",RPRNMLLJQHNFFAK58CA
公館鄉,土地,五谷岡段91~120地號,201.0,農,,,1070701,土地1建物0車位0,,,其他,,,,0.0,0,0,0,有,無,4170000,20746,,0.0,0,,RPPNMLRLPHNFFBK56CA
苗栗市,土地,豐年段1711~1740地號,75.42,住,,,1070703,土地1建物0車位0,,,其他,,,,0.0,0,0,0,有,無,2100000,27844,,0.0,0,親友、員工或其他特殊關係間之交易。;含增建或未登記建物。;,RPQNMLLMPHNFFBK78CA
公館鄉,房地(土地+建物),苗栗縣公館鄉館東村6鄰館東91~120號,179.29,住,,,1070707,土地6建物1車位0,全,三層,透天厝,住家用,鋼筋混凝土造,1070131,193.38,5,2,4,有,無,11700000,60503,,0.0,0,,RPQNMLQLPHNFFBK56CA
苗栗市,房地(土地+建物),苗栗縣苗栗市嘉盛里28鄰復興路五段168巷1~30號,80.81,,特定農業區,甲種建築用地,1070601,土地2建物1車位0,全,三層,透天厝,見其他登記事項,鋼筋混凝土造,0941031,221.77,4,2,3,有,無,7600000,34270,,0.0,0,,RPSNMLSJQHNFFBK86CA
公館鄉,房地(土地+建物),苗栗縣公館鄉石?村3鄰石?61~90號,2642.23,,特定農業區,農牧用地,1070618,土地3建物1車位0,一層，二層,二層,農舍,農舍,鋼筋混凝土造,0990609,300.37,5,2,4,有,無,39000000,,,0.0,0,,RPUNMLPKQHNFFBK86CA
苑裡鎮,土地,芎蕉坑段181~210地號,1548.48,,山坡地保育區,農牧用地,1070531,土地4建物0車位0,,,其他,,,,0.0,0,0,0,有,無,2750000,1776,,0.0,0,,RPRNMLRJQHNFFCK76CA
苑裡鎮,房地(土地+建物),苗栗縣苑裡鎮苑南里11鄰天下路31~60號,85.53,商,,,1070502,土地1建物1車位0,全,四層,透天厝,見其他登記事項,鋼筋混凝土造,0710811,253.14,7,3,4,有,無,4868111,19231,,0.0,0,親友、員工或其他特殊關係間之交易。;,RPPNMLRLPHNFFCK66CA
苑裡鎮,房地(土地+建物),苗栗縣苑裡鎮客庄里20鄰蓬山路1~30號,95.69,住,,,1070602,土地1建物1車位0,全,二層,透天厝,住商用,鋼筋混凝土造,0700217,152.1,4,2,2,有,無,5700000,37475,,0.0,0,,RPPNMLTLPHNFFCK86CA
通霄鎮,房地(土地+建物),苗栗縣通霄鎮通南里14鄰南華路2巷1~30號,62.02,住,,,1070704,土地1建物1車位0,全,一層,透天厝,住家用,加強磚造,0660415,52.82,2,1,1,有,無,1150000,21772,,0.0,0,,RPVNMLKMPHNFFCK66CA
苑裡鎮,房地(土地+建物),苗栗縣苑裡鎮山腳里13鄰山腳331~360號,148.57,,鄉村區,乙種建築用地,1060609,土地3建物1車位0,全,四層,透天厝,見其他登記事項,鋼筋混凝土造,1070320,196.44,5,1,3,有,有,7500000,38180,,0.0,0,,RPOOMLKMPHNFFCK68CA
竹南鎮,房地(土地+建物)+車位,苗栗縣竹南鎮照南里27鄰自強街31~60號,55.38,住,,,1070612,土地1建物1車位2,十層,十四層,住宅大樓(11層含以上有電梯),見其他登記事項,鋼筋混凝土造,1050325,325.47,4,2,3,有,有,20000000,68867,坡道平面,67.0,2200000,,RPQNMLQLPHNFFDK76CA
竹南鎮,房地(土地+建物)+車位,苗栗縣竹南鎮大埔里2鄰科專七路241~270號,80.97,住,,,1070414,土地1建物1車位1,一層，二層，三層，見其他登記事項,三層,店面(店鋪),住商用,鋼筋混凝土造,1060825,264.05,4,1,5,有,有,16800000,68508,坡道平面,33.41,1000000,此交易內含機車位1個，且價款已含入交易總價；與（頭份市信義段移轉面積5.92㎡）併同辦理,RPSNMLQLPHNFFDK96CA
造橋鄉,房地(土地+建物),苗栗縣造橋鄉談文村5鄰育英一街1~30號,20.11,,山坡地保育區,丙種建築用地,1070709,土地1建物1車位0,一層,三層,套房(1房1廳1衛),住家用,鋼筋混凝土造,0920331,28.580000000000002,1,1,1,有,無,410000,14346,,0.0,0,,RPUNMLQLPHNFFDK17CA
頭份巿,房地(土地+建物)+車位,苗栗縣頭份鎮蟠桃里10鄰中央路407巷1~30號,31.09,住,,,1070626,土地3建物1車位1,五層,十一層,住宅大樓(11層含以上有電梯),見其他登記事項,鋼筋混凝土造,1030704,171.68,3,2,2,有,有,7900000,46016,坡道平面,18.58,0,,RPPOMLPLPHNFFFK86CA
頭份巿,土地,太陽段181~210地號,40.39,,鄉村區,乙種建築用地,1070717,土地2建物0車位0,,,其他,,,,0.0,0,0,0,有,無,740000,18321,,0.0,0,,RPRNMLQLPHNFFFK07CA
頭份巿,房地(土地+建物)+車位,苗栗縣頭份鎮民族里7鄰中華路931~960號,1.84,住,,,1070619,土地1建物1車位1,地下層,十三層,其他,商業用,鋼筋混凝土造,0840331,4233.650000000001,0,0,0,有,有,550000,130,坡道平面,0.0,0,單獨車位交易。;有坡道 平面車位,RPSNMLQLPHNFFFK17CA
後龍鎮,房地(土地+建物)+車位,苗栗縣後龍鎮校椅里11鄰頂椅七街151~180號,41.34,住,,,1070623,土地1建物1車位2,五層,五層,華廈(10層含以下有電梯),見其他登記事項,鋼筋混凝土造,1061027,112.63,2,1,2,有,有,5330000,47323,其他,0.0,0,,RPVNMLPKQHNFFDK17CA
三義鄉,房地(土地+建物),苗栗縣三義鄉廣盛村10鄰廣盛91~120號,157.0,住,,,1070619,土地1建物1車位0,全,一層,透天厝,見其他登記事項,見其他登記事項,0920128,90.13,2,2,2,有,無,5010000,55586,,0.0,0,含二樓增建未登計部分,RPRNMLKMPHNFFEK09CA
南庄鄉,土地,庄西段721~750地號,84.87,住,,,1070704,土地2建物0車位0,,,其他,,,,0.0,0,0,0,有,無,1230000,14493,,0.0,0,,RPXNMLQLPHNFFFK67CA
三灣鄉,土地,永和山段121~150地號,5764.39,,山坡地保育區,農牧用地,1070627,土地4建物0車位0,,,其他,,,,0.0,0,0,0,有,無,12000000,2082,,0.0,0,,RPOOMLQLPHNFFFK86CA
三灣鄉,土地,永和山段361~390地號,20963.83,,山坡地保育區,林業用地,1070612,土地14建物0車位0,,,其他,,,,0.0,0,0,0,有,無,3500000,167,,0.0,0,親友、員工或其他特殊關係間之交易。;,RPQOMLQLPHNFFFK07CA
三灣鄉,土地,永和山段1141~1170地號,140.0,,山坡地保育區,農牧用地,1070612,土地1建物0車位0,,,其他,,,,0.0,0,0,0,有,無,80000,571,,0.0,0,親友、員工或其他特殊關係間之交易。;,RPROMLQLPHNFFFK17CA
頭份巿,房地(土地+建物),苗栗縣頭份鎮興隆里18鄰興三街7巷1~30號,118.22,,鄉村區,乙種建築用地,1070715,土地1建物1車位0,全,二層,透天厝,住家用,加強磚造,0730413,116.43,3,2,3,有,無,3400000,29202,,0.0,0,,RPPNMLRLPHNFFFK96CA
頭份巿,土地,尖山下段1051~1080地號,134.0,,山坡地保育區,農牧用地,1070703,土地1建物0車位0,,,其他,,,,0.0,0,0,0,有,無,121500,907,,0.0,0,畸零地或有合併使用之交易。;,RPQNMLRLPHNFFFK07CA
三義鄉,房地(土地+建物),苗栗縣三義鄉勝興村31鄰水美307巷91~120號,80.02,,鄉村區,乙種建築用地,1070712,土地1建物1車位0,全,二層,透天厝,住家用,鋼筋混凝土造,0681205,98.52,3,2,2,有,無,1000000,10150,,0.0,0,親友、員工或其他特殊關係間之交易。;,RPQNMLSJQHNFFEK96CA
三灣鄉,土地,內灣段601~630地號,1552.0,,山坡地保育區,農牧用地,1070702,土地1建物0車位0,,,其他,,,,0.0,0,0,0,有,無,543200,350,,0.0,0,土地現況大部分被野溪沖刷流失,RPTNMLRLPHNFFFK37CA
造橋鄉,土地,西赤崎段121~150地號,6351.63,,山坡地保育區,農牧用地,1070706,土地3建物0車位0,,,其他,,,,0.0,0,0,0,有,無,12000000,1889,,0.0,0,此買賣係以土地抵償債務，受讓債權之移轉，屬特殊交易。買賣總價已含社區內共同通行之道路，雙方約定道路標的於日後再行過戶。,RPXNMLQJQHNFFDK37CA
造橋鄉,土地,西赤崎段121~150地號,10435.33,,山坡地保育區,農牧用地,1070706,土地5建物0車位0,,,其他,,,,0.0,0,0,0,有,無,18000000,1725,,0.0,0,此買賣係以土地抵償債務，受讓債權之移轉，屬特殊交易。買賣總價已含社區內共同通行之道路，雙方約定道路標的於日後再行過戶。,RPOOMLQJQHNFFDK56CA
後龍鎮,土地,龍東段661~690地號,43.0,住,,,1070616,土地1建物0車位0,,,其他,,,,0.0,0,0,0,有,無,800000,18605,,0.0,0,,RPUNMLLMPHNFFDK76CA
後龍鎮,土地,龍東段661~690地號,43.0,住,,,1070616,土地1建物0車位0,,,其他,,,,0.0,0,0,0,有,無,800000,18605,,0.0,0,,RPVNMLLMPHNFFDK86CA
後龍鎮,土地,龍東段661~690地號,43.0,住,,,1070616,土地1建物0車位0,,,其他,,,,0.0,0,0,0,有,無,800000,18605,,0.0,0,,RPWNMLLMPHNFFDK96CA
竹南鎮,房地(土地+建物),苗栗縣竹南鎮正南里15鄰福德路1~30號,20.76,住,,,1050814,土地1建物1車位0,六層,十二層,住宅大樓(11層含以上有電梯),住家用,鋼筋混凝土造,1070321,90.1,2,2,2,有,有,4500000,49945,,0.0,0,,RPOPMLOKQHNFFDK56CA
竹南鎮,房地(土地+建物),苗栗縣竹南鎮正南里15鄰福德路1~30號,22.43,住,,,1050827,土地1建物1車位0,四層,十二層,住宅大樓(11層含以上有電梯),住家用,鋼筋混凝土造,1070321,97.33000000000001,2,2,2,有,有,4700000,48289,,0.0,0,,RPPPMLOKQHNFFDK66CA
竹南鎮,房地(土地+建物)+車位,苗栗縣竹南鎮正南里15鄰福德路1~30號,25.46,住,,,1050906,土地1建物1車位1,七層,十二層,住宅大樓(11層含以上有電梯),住家用,鋼筋混凝土造,1070321,130.33,2,2,2,有,有,5600000,47776,坡道平面,33.0,950000,,RPQPMLOKQHNFFDK76CA
竹南鎮,房地(土地+建物)+車位,苗栗縣竹南鎮正南里15鄰福德路1~30號,25.74,住,,,1070614,土地1建物1車位1,十一層,十二層,住宅大樓(11層含以上有電梯),住家用,鋼筋混凝土造,1070321,133.23000000000002,2,2,2,有,有,5720000,42933,坡道平面,36.0,0,,RPRPMLOKQHNFFDK86CA
竹南鎮,房地(土地+建物),苗栗縣竹南鎮正南里15鄰福德路1~30號,22.43,住,,,1070123,土地1建物1車位0,十二層,十二層,住宅大樓(11層含以上有電梯),住家用,鋼筋混凝土造,1070321,97.33000000000001,2,2,2,有,有,4950000,50858,,0.0,0,,RPSPMLOKQHNFFDK96CA
竹南鎮,房地(土地+建物),苗栗縣竹南鎮正南里15鄰福德路1~30號,21.57,住,,,1060104,土地1建物1車位0,二層,十二層,住宅大樓(11層含以上有電梯),住家用,鋼筋混凝土造,1070321,93.67999999999999,2,2,2,有,有,4520000,48249,,0.0,0,,RPTPMLOKQHNFFDK07CA
竹南鎮,房地(土地+建物),苗栗縣竹南鎮正南里15鄰福德路1~30號,20.76,住,,,1060910,土地1建物1車位0,五層,十二層,住宅大樓(11層含以上有電梯),住家用,鋼筋混凝土造,1070321,90.1,2,2,2,有,有,4500000,49945,,0.0,0,,RPUPMLOKQHNFFDK17CA
竹南鎮,房地(土地+建物)+車位,苗栗縣竹南鎮大業街91~120號,36.78,住,,,1070613,土地1建物1車位1,十一層,十四層,住宅大樓(11層含以上有電梯),見其他登記事項,鋼筋混凝土造,1050812,182.64,3,2,2,有,有,10800000,64443,坡道平面,32.12,1100000,,RPPNMLRJQHNFFDK66CA
竹南鎮,房地(土地+建物)+車位,苗栗縣竹南鎮正南里15鄰福德路1~30號,25.46,住,,,1060211,土地1建物1車位1,二層,十二層,住宅大樓(11層含以上有電梯),住家用,鋼筋混凝土造,1070321,130.33,2,2,2,有,有,5600000,48289,坡道平面,33.0,900000,,RPSOMLOKQHNFFDK86CA
竹南鎮,房地(土地+建物)+車位,苗栗縣竹南鎮正南里15鄰福德路1~30號,25.46,住,,,1070305,土地1建物1車位1,九層,十二層,住宅大樓(11層含以上有電梯),住家用,鋼筋混凝土造,1070321,130.33,2,2,2,有,有,5820000,44656,坡道平面,0.0,950000,戶外車位沒有編號,RPVOMLOKQHNFFDK17CA
竹南鎮,房地(土地+建物)+車位,苗栗縣竹南鎮正南里15鄰福德路1~30號,23.79,住,,,1050731,土地1建物1車位1,四層,十二層,住宅大樓(11層含以上有電梯),住家用,鋼筋混凝土造,1070321,123.1,2,2,2,有,有,5110000,46615,坡道平面,33.0,910000,,RPSNMLPKQHNFFDK86CA
竹南鎮,房地(土地+建物)+車位,苗栗縣竹南鎮正南里15鄰福德路1~30號,37.39,住,,,1051126,土地1建物1車位1,六層,七層,華廈(10層含以下有電梯),住家用,鋼筋混凝土造,1070321,182.09,3,2,2,有,有,8500000,50641,坡道平面,33.0,950000,,RPTNMLPKQHNFFDK96CA
竹南鎮,房地(土地+建物)+車位,苗栗縣竹南鎮正南里15鄰福德路1~30號,38.99,住,,,1070126,土地1建物1車位1,七層,七層,華廈(10層含以下有電梯),住家用,鋼筋混凝土造,1070321,199.48000000000002,3,2,2,有,有,8600000,50309,坡道平面,50.4,1100000,,RPUNMLPKQHNFFDK07CA
竹南鎮,房地(土地+建物)+車位,苗栗縣竹南鎮中英里13鄰復興路139巷21弄1~30號,46.65,住,,,1070517,土地1建物1車位1,三層,五層,華廈(10層含以下有電梯),見其他登記事項,鋼筋混凝土造,1060725,141.59,3,2,2,有,有,6660000,47037,一樓平面,0.0,0,,RPSNMLLMPHNFFDK56CA
竹南鎮,房地(土地+建物)+車位,苗栗縣竹南鎮正南里15鄰福德路1~30號,37.39,住,,,1041222,土地1建物1車位1,三層,七層,華廈(10層含以下有電梯),住家用,鋼筋混凝土造,1070321,182.09,3,2,2,有,有,8200000,48964,坡道平面,33.0,900000,,RPXOMLOKQHNFFDK37CA
竹南鎮,房地(土地+建物),苗栗縣竹南鎮正南里15鄰福德路1~30號,20.76,住,,,1041219,土地1建物1車位0,七層,十二層,住宅大樓(11層含以上有電梯),住家用,鋼筋混凝土造,1070321,90.1,2,2,2,有,有,4500000,49945,,0.0,0,,RPXPMLOKQHNFFDK47CA
竹南鎮,房地(土地+建物),苗栗縣竹南鎮正南里15鄰福德路1~30號,20.76,住,,,1041218,土地1建物1車位0,三層,十二層,住宅大樓(11層含以上有電梯),住家用,鋼筋混凝土造,1070321,90.1,2,2,2,有,有,4430000,49168,,0.0,0,,RPOQMLOKQHNFFDK66CA
竹南鎮,房地(土地+建物),苗栗縣竹南鎮正南里15鄰福德路1~30號,20.76,住,,,1060527,土地1建物1車位0,九層,十二層,住宅大樓(11層含以上有電梯),住家用,鋼筋混凝土造,1070321,90.1,2,2,2,有,有,4550000,50499,,0.0,0,,RPPQMLOKQHNFFDK76CA
竹南鎮,房地(土地+建物),苗栗縣竹南鎮正南里15鄰福德路1~30號,20.74,住,,,1060418,土地1建物1車位0,十二層,十二層,住宅大樓(11層含以上有電梯),住家用,鋼筋混凝土造,1070321,90.1,2,2,2,有,有,4480000,49723,,0.0,0,,RPQQMLOKQHNFFDK86CA
竹南鎮,房地(土地+建物),苗栗縣竹南鎮大埔里2鄰科專八路1~30號,140.39,住,,,1070707,土地1建物1車位0,全,三層,透天厝,見其他登記事項,鋼筋混凝土造,1040825,257.25,6,2,5,有,無,17380000,67561,,0.0,0,,RPVNMLKMPHNFFDK76CA
頭份巿,房地(土地+建物),苗栗縣頭份鎮蟠桃里15鄰信三街121~150號,15.43,住,,,1070629,土地1建物1車位0,一層,六層,華廈(10層含以下有電梯),見其他登記事項,見其他登記事項,0980825,39.05,3,1,1,有,無,3550000,90909,,0.0,0,,RPRNMLRLPHNFFFK17CA
竹南鎮,房地(土地+建物)+車位,苗栗縣竹南鎮正南里15鄰福德路1~30號,37.39,住,,,1050806,土地1建物1車位1,五層,七層,華廈(10層含以下有電梯),住家用,鋼筋混凝土造,1070321,182.09,3,2,2,有,有,8300000,49299,坡道平面,33.0,950000,,RPSQMLOKQHNFFDK07CA
後龍鎮,土地,龍富段481~510地號,222.82,住,,,1070718,土地1建物0車位0,,,其他,,,,0.0,0,0,0,有,無,11458000,51423,,0.0,0,,RPVNMLNLQHNFFDK07CA
三義鄉,房地(土地+建物),苗栗縣三義鄉?,163.25,住,,,1070621,土地1建物1車位0,全,二層,透天厝,住家用,加強磚造,,206.52,4,3,2,有,無,5000000,24211,,0.0,0,含未保存登記之建物,RPQNMLKMPHNFFEK98CA
頭份巿,房地(土地+建物),苗栗縣頭份鎮文化里16鄰八德二路233巷31~60號,35.14,住,,,1070513,土地2建物1車位0,九層,十三層,住宅大樓(11層含以上有電梯),見其他登記事項,鋼筋混凝土造,1060411,105.91,3,2,1,有,有,4380000,41360,,0.0,0,交易內含機車位1個,RPTNMLQLPHNFFFK27CA
竹南鎮,房地(土地+建物),苗栗縣竹南鎮天文里19鄰龍富街23巷8弄1~30號,110.99,住,,,1070630,土地3建物1車位0,全,四層,透天厝,住家用,鋼筋混凝土造,0980319,210.27,5,2,4,有,無,9260000,44039,,0.0,0,,RPRNMLRLPHNFFDK96CA
苑裡鎮,房地(土地+建物),苗栗縣苑裡鎮客庄里14鄰初中路31~60號,119.65,住,,,1070521,土地1建物1車位0,全,三層,透天厝,見其他登記事項,鋼筋混凝土造,1070213,237.25,4,2,5,有,無,9200000,38778,,0.0,0,,RPQNMLTLPHNFFCK96CA
苑裡鎮,房地(土地+建物),苗栗縣苑裡鎮西勢里5鄰31~60號,135.6,住,,,1070627,土地1建物1車位0,全,三層,透天厝,住商用,鋼筋混凝土造,0700810,174.88,4,1,3,有,無,3959000,22638,,0.0,0,,RPRNMLKKQHNFFCK78CA
通霄鎮,房地(土地+建物)+車位,苗栗縣通霄鎮平安里2鄰平新一路211~240號,15.19,住,,,1070106,土地1建物2車位1,六層,十一層,住宅大樓(11層含以上有電梯),見其他登記事項,鋼筋混凝土造,0830630,140.32,3,2,2,有,有,3050000,21734,升降機械,0.0,0,,RPSNMLQKQHNFFCK86CA
通霄鎮,房地(土地+建物),苗栗縣通霄鎮竹林路68巷1~30號,99.2,,鄉村區,乙種建築用地,1070706,土地1建物1車位0,全,二層,透天厝,住家用,鋼筋混凝土造,,147.93,4,2,2,有,無,2800000,18928,,0.0,0,,RPQNMLQJQHNFFCK56CA
苗栗市,土地,苗栗段961~990地號,112.0,住,,,1070609,土地1建物0車位0,,,其他,,,,0.0,0,0,0,有,無,8000000,71429,,0.0,0,,RPVNMLPKQHNFFBK96CA
苗栗市,土地,聯大段211~240地號,15196.36,,山坡地保育區,農牧用地,1070523,土地10建物0車位0,,,其他,,,,0.0,0,0,0,有,無,23000000,1514,,0.0,0,,RPPNMLLMPHNFFBK68CA
苗栗市,房地(土地+建物),苗栗縣苗栗市玉清里12鄰玉興西街85巷1~30號,144.0,,鄉村區,乙種建築用地,1070423,土地3建物1車位0,全,一層,透天厝,住家用,見其他登記事項,0551015,39.38,3,2,1,有,無,4200000,106653,,0.0,0,,RPQNMLRLPHNFFBK66CA
獅潭鄉,土地,獅潭段十九份小段241~270地號,3788.0,,山坡地保育區,農牧用地,1070625,土地2建物0車位0,,,其他,,,,0.0,0,0,0,有,無,375000,99,,0.0,0,,RPPNMLSJQHNFFAK09CA
南庄鄉,土地,庄西段721~750地號,4.12,住,,,1070704,土地1建物0車位0,,,其他,,,,0.0,0,0,0,有,無,75000,18204,,0.0,0,,RPPNMLKMPHNFFFK98CA
頭份巿,房地(土地+建物),苗栗縣頭份鎮民生里6鄰富貴街14巷1~30號,35.76,住,,,1070630,土地1建物1車位0,七層,七層,華廈(10層含以下有電梯),住家用,鋼筋混凝土造,0820820,150.19,3,2,2,有,有,3250000,21639,,0.0,0,,RPVNMLKMPHNFFFK96CA
頭份巿,房地(土地+建物),苗栗縣頭份鎮東庄里16鄰信義路91~120號,199.01,住,,,1061206,土地2建物1車位0,全,二層,透天厝,住家用,鋼筋混凝土造,0730220,224.48,5,2,3,有,無,21000000,93550,,0.0,0,,RPQNMLTJQHNFFFK17CA
三灣鄉,土地,永和山段331~360地號,563.0,,山坡地保育區,農牧用地,1070627,土地1建物0車位0,,,其他,,,,0.0,0,0,0,有,無,250000,444,,0.0,0,,RPQOMLTJQHNFFFK27CA
頭份巿,房地(土地+建物)+車位,苗栗縣頭份鎮東庄里19鄰昌隆一街1~30號,41.72,住,,,1051219,土地1建物1車位1,一層,十四層,店面(店鋪),商業用,鋼筋混凝土造,1070419,210.8,0,0,0,無,有,20200000,103028,坡道平面,26.87,1250000,,RPSOMLPKQHNFFFK17CA
頭份巿,房地(土地+建物)+車位,苗栗縣頭份鎮東庄里19鄰和平路301~330號,40.03,住,,,1060103,土地1建物1車位1,一層,十四層,住宅大樓(11層含以上有電梯),見其他登記事項,鋼筋混凝土造,1070419,205.79000000000002,4,2,2,有,有,9800000,47787,坡道平面,26.87,1250000,,RPTOMLPKQHNFFFK27CA
頭份巿,房地(土地+建物)+車位,苗栗縣頭份鎮東庄里19鄰和平路271~300號,37.78,住,,,1070417,土地1建物1車位1,十一層,十四層,住宅大樓(11層含以上有電梯),見其他登記事項,鋼筋混凝土造,1070419,197.91,4,2,2,有,有,8800000,45019,坡道平面,26.87,1100000,,RPUOMLPKQHNFFFK37CA
頭份巿,房地(土地+建物)+車位,苗栗縣頭份鎮東庄里19鄰和平路301~330號,31.01,住,,,1061030,土地1建物1車位1,二層,十四層,住宅大樓(11層含以上有電梯),見其他登記事項,鋼筋混凝土造,1070419,164.59,3,2,2,有,有,7600000,47197,坡道平面,26.87,1100000,,RPVOMLPKQHNFFFK47CA
頭份巿,房地(土地+建物)+車位,苗栗縣頭份鎮東庄里19鄰和平路301~330號,37.78,住,,,1070710,土地1建物1車位1,三層,十四層,住宅大樓(11層含以上有電梯),見其他登記事項,鋼筋混凝土造,1070419,196.19,4,2,2,有,有,8450000,42523,坡道平面,26.87,1250000,,RPWOMLPKQHNFFFK57CA
頭份巿,房地(土地+建物)+車位,苗栗縣頭份鎮東庄里19鄰和平路301~330號,38.34,住,,,1070507,土地0建物1車位2,七層,十四層,住宅大樓(11層含以上有電梯),見其他登記事項,鋼筋混凝土造,1070419,223.1,4,2,2,有,有,10500000,48979,坡道平面,52.62,2150000,,RPOPMLPKQHNFFFK86CA
頭份巿,房地(土地+建物)+車位,苗栗縣頭份鎮東庄里19鄰和平路301~330號,27.63,住,,,1070409,土地1建物1車位1,十一層,十四層,住宅大樓(11層含以上有電梯),見其他登記事項,鋼筋混凝土造,1070419,152.95,3,2,2,有,有,6430000,41085,坡道平面,26.87,1250000,,RPQPMLPKQHNFFFK07CA
頭份巿,房地(土地+建物)+車位,苗栗縣頭份鎮東庄里19鄰和平路301~330號,38.34,住,,,1070611,土地1建物1車位2,七層,十四層,住宅大樓(11層含以上有電梯),見其他登記事項,鋼筋混凝土造,1070419,223.1,4,2,2,有,有,9350000,40474,坡道平面,52.62,2450000,,RPVNMLQKQHNFFFK47CA
頭份巿,房地(土地+建物)+車位,苗栗縣頭份鎮東庄里19鄰和平路301~330號,34.39,住,,,1060424,土地1建物1車位1,十三層,十四層,住宅大樓(11層含以上有電梯),見其他登記事項,鋼筋混凝土造,1070419,183.64,4,2,2,有,有,8130000,44843,坡道平面,26.87,1100000,,RPXNMLQKQHNFFFK67CA
頭份巿,房地(土地+建物)+車位,苗栗縣頭份鎮東庄里6鄰富強三街91~120號,48.17,住,,,1070612,土地1建物1車位2,一層，見其他登記事項,十四層,店面(店鋪),商業用,鋼筋混凝土造,1061115,269.25,0,0,1,無,有,21680000,97701,坡道平面,67.82,2000000,,RPSNMLQJQHNFFFK07CA
苗栗市,土地,南勢坑段下南勢坑小段721~750地號,310.0,,山坡地保育區,特定目的事業用地,1070619,土地1建物0車位0,,,其他,,,,0.0,0,0,0,有,無,2500000,8065,,0.0,0,親友、員工或其他特殊關係間之交易。;,RPPNMLLJQHNFFBK58DA
頭份巿,土地,德義段661~690地號,421.81,住,,,1070531,土地1建物0車位0,,,其他,,,,0.0,0,0,0,有,無,25800000,61165,,0.0,0,,RPRNMLLJQHNFFFK09CA
頭份巿,房地(土地+建物),苗栗縣頭份鎮合興里2鄰復興街57巷1~30號,127.7,住,,,1070623,土地1建物1車位0,全,三層,透天厝,住家用,鋼筋混凝土造,0810915,200.62,4,2,3,有,無,7650000,38132,,0.0,0,,RPRNMLLMPHNFFFK66CA
頭份巿,房地(土地+建物),苗栗縣頭份鎮文化里3鄰幼英街40巷8弄1~30號,70.8,住,,,1070703,土地2建物1車位0,全,三層,透天厝,見其他登記事項,鋼筋混凝土造,0910104,140.34,4,2,3,有,無,6700000,47741,,0.0,0,,RPSNMLLMPHNFFFK76CA
南庄鄉,土地,四灣段31~60地號,332.31,,河川區,農牧用地,1070620,土地6建物0車位0,,,其他,,,,0.0,0,0,0,有,無,200000,602,,0.0,0,,RPRNMLKMPHNFFFK56CA
苗栗市,房地(土地+建物),苗栗縣苗栗市玉苗里6鄰博愛街61~90號,99.0,商,,,1070408,土地1建物1車位0,一層，二層，見其他登記事項,二層,店面(店鋪),住家用,磚造,,128.58,3,2,1,有,無,7800000,60663,,0.0,0,,RPSNMLKMPHNFFBK88CA
苗栗市,房地(土地+建物),苗栗縣苗栗市勝利里29鄰新東街大昌31~60號,107.0,農,,,1070630,土地2建物1車位0,全,,透天厝,住家用,鋼筋混凝土造,0820219,180.07,6,2,2,有,無,6250000,34709,,0.0,0,,RPTNMLKMPHNFFBK98CA
苗栗市,房地(土地+建物),苗栗縣苗栗市勝利里15鄰勝利1~30號,109.0,住,,,1070607,土地1建物1車位0,全,一層,透天厝,住家用,加強磚造,,87.39,3,2,1,有,無,3000000,34329,,0.0,0,親友、員工或其他特殊關係間之交易。;,RPVNMLQJQHNFFBK96CA
苗栗市,房地(土地+建物),苗栗縣苗栗市維新里7鄰新庄街332巷10弄1~30號,114.5,,特定農業區,甲種建築用地,1070620,土地2建物1車位0,全,三層,透天厝,住家用,鋼筋混凝土造,0930414,211.98,5,1,3,有,無,6500000,30663,,0.0,0,親友、員工或其他特殊關係間之交易。;,RPXNMLPKQHNFFBK17CA
通霄鎮,土地,北勢窩段481~510地號,1845.0,,山坡地保育區,農牧用地,1070430,土地3建物0車位0,,,其他,,,,0.0,0,0,0,有,無,1500000,813,,0.0,0,,RPSNMLRJQHNFFCK86CA
苗栗市,房地(土地+建物),苗栗縣苗栗市新苗里15鄰天雲街1巷1~30號,46.12,住,,,1070620,土地2建物1車位0,全,一層,透天厝,住家用,鋼造,,41.85,2,1,1,有,無,3000000,71685,,0.0,0,親友、員工或其他特殊關係間之交易。;,RPXOMLPKQHNFFBK27CA
公館鄉,土地,公館段721~750地號,9530.0,,山坡地保育區,農牧用地,1070706,土地1建物0車位0,,,其他,,,,0.0,0,0,0,有,無,3250000,341,,0.0,0,,RPPNMLNLQHNFFBK88CA
竹南鎮,房地(土地+建物),苗栗縣竹南鎮勤富街101巷1~30號,64.0,住,,,1070701,土地1建物1車位0,全,二層,透天厝,住家用,鋼筋混凝土造,0660810,72.92,5,2,3,有,無,4800000,65826,,0.0,0,含增建或未登記建物。;,RPQNMLKMPHNFFDK88CA
頭份巿,房地(土地+建物),苗栗縣頭份鎮中興里2鄰自立街71巷1~30號,77.68,住,,,1070629,土地2建物1車位0,全,四層,透天厝,見其他登記事項,鋼筋混凝土造,0890524,186.21,4,2,3,有,無,8800000,47258,,0.0,0,含增建或未登記建物。;,RPVNMLRLPHNFFFK57CA
頭份巿,房地(土地+建物),苗栗縣頭份鎮頭份里16鄰中正路211~240號,94.7,住,,,1070621,土地2建物1車位0,全,四層,透天厝,住家用,鋼筋混凝土造,1060221,268.3,5,3,3,有,無,20000000,74543,,0.0,0,,RPOOMLRLPHNFFFK96CA
三義鄉,土地,鯉魚段121~150地號,1055.01,,特定農業區,農牧用地,1070612,土地3建物0車位0,,,其他,,,,0.0,0,0,0,有,無,5000000,4739,,0.0,0,,RPQNMLTJQHNFFEK07CA
造橋鄉,房地(土地+建物),苗栗縣造橋鄉談文村5鄰育英街1~30號,15.17,,山坡地保育區,丙種建築用地,1070717,土地1建物1車位0,三層,三層,套房(1房1廳1衛),住家用,鋼筋混凝土造,0930513,21.310000000000002,1,1,1,有,有,280000,13139,,0.0,0,,RPRNMLLMPHNFFDK09CA
竹南鎮,房地(土地+建物)+車位,苗栗縣竹南鎮大埔里1鄰大埔一街91~120號,47.4,住,,,1070502,土地1建物1車位1,二層,九層,華廈(10層含以下有電梯),住家用,鋼筋混凝土造,1051012,155.03,3,2,2,有,有,7550000,48877,坡道平面,21.02,1000000,,RPQNMLLJQHNFFDK78CA
竹南鎮,房地(土地+建物)+車位,苗栗縣竹南鎮營盤里15鄰博愛街340巷31~60號,25.59,住,,,1070702,土地1建物1車位1,五層,六層,華廈(10層含以下有電梯),住家用,鋼筋混凝土造,0830112,125.71000000000001,3,2,2,有,有,3600000,28637,坡道機械,0.0,0,,RPRNMLLJQHNFFDK88CA
造橋鄉,房地(土地+建物),苗栗縣造橋鄉大西村13鄰龍門街86巷1~30號,91.34,,鄉村區,乙種建築用地,1070703,土地2建物1車位0,全,三層,透天厝,住家用,鋼筋混凝土造,0870825,139.93,4,2,3,有,無,3600000,25727,,0.0,0,,RPUNMLLJQHNFFDK56CA
竹南鎮,房地(土地+建物),苗栗縣竹南鎮頂埔里1鄰中華路34巷1~30號,118.87,住,,,1070705,土地1建物1車位0,全,二層,透天厝,住家用,加強磚造,0660527,138.52,2,1,3,有,無,5280000,38117,,0.0,0,,RPPOMLQJQHNFFDK66CA
後龍鎮,土地,龍富段91~120地號,79.74,住,,,1070709,土地1建物0車位0,,,其他,,,,0.0,0,0,0,有,無,1000000,12541,,0.0,0,,RPROMLMJQHNFFDK09CA
竹南鎮,房地(土地+建物),苗栗縣竹南鎮大埔里3鄰科專五路238巷1~30號,100.18,住,,,1070702,土地2建物1車位0,全,四層,透天厝,見其他登記事項,鋼筋混凝土造,1060930,319.54,7,2,7,有,無,16800000,52576,,0.0,0,,RPPNMLNJQHNFFDK88CA
竹南鎮,房地(土地+建物),苗栗縣竹南鎮正南里15鄰福德路1~30號,22.43,住,,,1060215,土地1建物1車位0,三層,十二層,住宅大樓(11層含以上有電梯),住家用,鋼筋混凝土造,1070321,97.33000000000001,2,2,2,有,有,4800000,49317,,0.0,0,,RPRQMLOKQHNFFDK96CA
竹南鎮,房地(土地+建物)+車位,苗栗縣竹南鎮正南里15鄰福德路1~30號,23.79,住,,,1050618,土地1建物1車位1,四層,十二層,住宅大樓(11層含以上有電梯),住家用,鋼筋混凝土造,1070321,123.1,2,2,2,有,有,5150000,47170,坡道平面,33.0,900000,,RPWOMLOKQHNFFDK27CA
三義鄉,房地(土地+建物),苗栗縣三義鄉歐香新城1~30號,122.33,,山坡地保育區,丙種建築用地,1070710,土地1建物1車位0,全,三層,透天厝,住家用,鋼筋混凝土造,0830112,196.36,5,2,3,有,無,4800000,24445,,0.0,0,,RPRNMLSJQHNFFEK07CA
竹南鎮,房地(土地+建物)+車位,苗栗縣竹南鎮正南里15鄰福德路1~30號,25.46,住,,,1041219,土地1建物1車位1,八層,十二層,住宅大樓(11層含以上有電梯),住家用,鋼筋混凝土造,1070321,130.33,2,2,2,有,有,5780000,49625,坡道平面,33.0,950000,,RPWNMLPKQHNFFDK27CA
竹南鎮,房地(土地+建物)+車位,苗栗縣竹南鎮正南里15鄰福德路1~30號,23.79,住,,,1041219,土地1建物1車位1,八層,十二層,住宅大樓(11層含以上有電梯),住家用,鋼筋混凝土造,1070321,123.1,2,2,2,有,有,5420000,49612,坡道平面,33.0,950000,,SPWNMLPKQHNFFDK37CA
竹南鎮,房地(土地+建物)+車位,苗栗縣竹南鎮竹興里7鄰復興路360巷1~30號,32.02,,鄉村區,乙種建築用地,1070712,土地2建物1車位1,五層,五層,公寓(5樓含以下無電梯),見其他登記事項,鋼筋混凝土造,1030820,110.25,3,1,2,有,有,4800000,43537,一樓平面,0.0,0,含機車停車位2個,RPSNMLRKQHNFFDK07CA
通霄鎮,土地,楓樹窩段511~540地號,5331.0,,山坡地保育區,農牧用地,1070612,土地2建物0車位0,,,其他,,,,0.0,0,0,0,有,無,5500000,1032,,0.0,0,,RPRNMLMJQHNFFCK88CA
苑裡鎮,土地,田寮段1021~1050地號,1842.0,農,,,1070704,土地1建物0車位0,,,其他,,,,0.0,0,0,0,有,無,4728888,2567,,0.0,0,,RPQNMLNJQHNFFCK88CA
苗栗市,房地(土地+建物),苗栗縣苗栗市文山里20鄰廣興街25巷1~30號,127.58,住,,,1070627,土地6建物1車位0,全,四層,透天厝,住家用,鋼筋混凝土造,0990503,222.96,0,0,0,無,無,8080000,36240,,0.0,0,,RPSNMLKKQHNFFBK78CA
苗栗市,房地(土地+建物),苗栗縣苗栗市建功里23鄰忠孝路1~30號,26.01,住,,,1070612,土地1建物1車位0,四層,,公寓(5樓含以下無電梯),住家用,鋼筋混凝土造,0701215,69.25,2,2,1,有,無,3200000,46209,,0.0,0,,RPRNMLNKQHNFFBK98CA
公館鄉,土地,福基段391~420地號,2705.25,,山坡地保育區,農牧用地,1070629,土地3建物0車位0,,,其他,,,,0.0,0,0,0,有,無,2000000,739,,0.0,0,,RPSNMLLJQHNFFBK78CA
苗栗市,房地(土地+建物),苗栗縣苗栗市文聖里1鄰橫車路332巷31~60號,101.8,住,,,1070617,土地1建物1車位0,全,,透天厝,住家用,鋼筋混凝土造,0820823,183.57,4,3,3,有,無,7250000,39494,,0.0,0,,RPRNMLLMPHNFFBK88CA
大湖鄉,土地,南湖段1141~1170地號,3707.0,,山坡地保育區,林業用地,1070703,土地1建物0車位0,,,其他,,,,0.0,0,0,0,有,無,1000000,270,,0.0,0,,RPTNMLSJQHNFFAK86CA
頭份巿,房地(土地+建物)+車位,苗栗縣頭份鎮文化里16鄰八德二路233巷31~60號,34.56,住,,,1070610,土地1建物1車位1,十層,十二層,住宅大樓(11層含以上有電梯),見其他登記事項,鋼筋混凝土造,1060518,179.06,3,2,2,有,有,7550000,42165,坡道平面,29.0,0,交易內含機車位1個,RPUNMLKMPHNFFFK86CA
頭份巿,房地(土地+建物)+車位,苗栗縣頭份鎮上埔里4鄰中正一路121~150號,27.01,商,,,1070629,土地1建物1車位1,十層,十二層,住宅大樓(11層含以上有電梯),見其他登記事項,鋼筋混凝土造,1041124,161.1,3,2,2,有,有,6850000,44185,坡道平面,26.44,900000,,RPRNMLQJQHNFFFK96CA
頭份巿,房地(土地+建物),苗栗縣頭份鎮自強里16鄰長樂街1~30號,30.93,住,,,1070713,土地1建物1車位0,四層,五層,公寓(5樓含以下無電梯),住家用,鋼筋混凝土造,0701130,83.2,3,2,2,有,無,2800000,33654,,0.0,0,二等親買賣,RPRNMLMJQHNFFFK66DA
大湖鄉,土地,新湖段691~720地號,53.35,商,,,1070629,土地1建物0車位0,,,其他,,,,0.0,0,0,0,有,無,4980000,93346,,0.0,0,,RPRNMLSLQHNFFAK96DA
頭份巿,房地(土地+建物),苗栗縣頭份鎮後庄里21鄰公北二路61~90號,22.32,住,,,1070703,土地1建物1車位0,六層,十四層,住宅大樓(11層含以上有電梯),見其他登記事項,鋼筋混凝土造,1050613,224.97,3,2,2,有,無,11200000,49784,,0.0,0,,RPSNMLRJQHNFFFK17CA
造橋鄉,土地,大西段601~630地號,223.01,,山坡地保育區,丙種建築用地,1070703,土地1建物0車位0,,,其他,,,,0.0,0,0,0,有,無,2450000,10986,,0.0,0,含增建或未登記建物。;,RPOOMLTLQHNFFDK17DA
大湖鄉,土地,大湖段781~810地號,2000.0,,山坡地保育區,林業用地,1070725,土地1建物0車位0,,,其他,,,,0.0,0,0,0,有,無,325000,163,,0.0,0,農保地,RPPNMLLJQHNFFAK48DA
大湖鄉,土地,大湖段781~810地號,2000.0,,山坡地保育區,林業用地,1070725,土地1建物0車位0,,,其他,,,,0.0,0,0,0,有,無,325000,163,,0.0,0,農保地,RPQNMLLJQHNFFAK58DA
三灣鄉,土地,永和山段571~600地號,1979.0,,山坡地保育區,林業用地,1070716,土地2建物0車位0,,,其他,,,,0.0,0,0,0,有,無,350000,177,,0.0,0,地勢陡峭，土地無法全部利用。,RPUNMLLJQHNFFFK76CA
南庄鄉,土地,蓬萊段31~60地號,5216.0,,山坡地保育區,農牧用地,1070427,土地3建物0車位0,,,其他,,,,0.0,0,0,0,有,無,11830000,2268,,0.0,0,,RPWNMLLJQHNFFFK96CA
卓蘭鎮,土地,食水坑段91~120地號,1010.01,,山坡地保育區,農牧用地,1070719,土地1建物0車位0,,,其他,,,,0.0,0,0,0,有,無,250000,248,,0.0,0,農保地,RPRNMLPJQHNFFAK98CA
大湖鄉,土地,興榮段151~180地號,4003.0,,山坡地保育區,農牧用地,1070716,土地1建物0車位0,,,其他,,,,0.0,0,0,0,有,無,2000000,500,,0.0,0,,RPRNMLQJQHNFFAK09CA
大湖鄉,土地,南湖段1321~1350地號,2657.0,,山坡地保育區,林業用地,1070708,土地1建物0車位0,,,其他,,,,0.0,0,0,0,有,無,250000,94,,0.0,0,,RPPNMLRJQHNFFAK98CA
苗栗市,房地(土地+建物),苗栗縣苗栗市水源里22鄰金鳳街31~60號,19.9,住,,,1070622,土地1建物1車位0,四層,,華廈(10層含以下有電梯),住家用,鋼筋混凝土造,0830121,126.21000000000001,3,1,2,有,有,3750000,29712,,0.0,0,,RPQNMLLJQHNFFBK58CA
苗栗市,土地,建功段661~690地號,46.7,其他,,,1070705,土地1建物0車位0,,,其他,,,,0.0,0,0,0,有,無,2550000,54604,,0.0,0,親友、員工或其他特殊關係間之交易。;畸零地或有合併使用之交易。;,RPRNMLLJQHNFFBK68CA
苗栗市,房地(土地+建物),苗栗縣苗栗市高苗里1鄰中正路781~810號,116.0,商,,,1070524,土地2建物1車位0,一層，二層，三層，四層，五層，六層，屋頂突出物，騎樓，地下一層,六層,店面(店鋪),見其他登記事項,鋼筋混凝土造,0710227,680.61,9,2,6,有,無,24000000,35262,,0.0,0,,RPUNMLLJQHNFFBK98CA
公館鄉,土地,北河段31~60地號,555.0,,山坡地保育區,丙種建築用地,1070427,土地2建物0車位0,,,其他,,,,0.0,0,0,0,有,無,3220000,5802,,0.0,0,,RPVNMLLJQHNFFBK09CA
頭屋鄉,土地,頭屋段一小段1171~1200地號,28.78,其他,,,1070725,土地5建物0車位0,,,其他,,,,0.0,0,0,0,有,無,100000,3475,,0.0,0,,RPRNMLMJQHNFFBK78CA
公館鄉,土地,福基段571~600地號,2253.0,,山坡地保育區,農牧用地,1070603,土地1建物0車位0,,,其他,,,,0.0,0,0,0,有,無,1380000,613,,0.0,0,,RPSNMLMJQHNFFBK88CA
公館鄉,土地,鶴子岡段511~540地號,320.0,農,,,1070717,土地1建物0車位0,,,其他,,,,0.0,0,0,0,有,無,1410000,4406,,0.0,0,,RPPNMLQJQHNFFBK98CA
苗栗市,土地,北苗段391~420地號,49.0,住,,,1070723,土地1建物0車位0,,,其他,,,,0.0,0,0,0,有,無,2100000,42857,,0.0,0,,RPRNMLQJQHNFFBK56CA
苗栗市,房地(土地+建物)+車位,苗栗縣苗栗市中苗里1鄰中正路433巷1~30號,44.0,住,,,1070709,土地4建物1車位1,三層,五層,華廈(10層含以下有電梯),住家用,鋼筋混凝土造,1070402,130.57,3,2,2,有,有,7380000,56521,一樓平面,0.0,0,,RPPOMLPKQHNFFBK09CA
苗栗市,房地(土地+建物),苗栗縣苗栗市23鄰鳳形31~60號,100.0,,鄉村區,乙種建築用地,1070720,土地1建物1車位0,全,,透天厝,住家用,加強磚造,,139.53,4,2,2,有,無,2500000,17917,,0.0,0,,RPQNMLQLQHNFFBK66CA
公館鄉,土地,館陽段721~750地號,136.67,住,,,1070606,土地2建物0車位0,,,其他,,,,0.0,0,0,0,有,無,2200000,16097,,0.0,0,,RPVNMLQKQHNFFBK07CA
後龍鎮,土地,龍頂段211~240地號,360.0,住,,,1070709,土地1建物0車位0,,,其他,,,,0.0,0,0,0,有,無,17000000,47222,,0.0,0,,RPROMLLJQHNFFDK98CA
竹南鎮,房地(土地+建物),苗栗縣竹南鎮營盤里10鄰建興街31~60號,47.37,住,,,1070326,土地1建物1車位0,四層,四層,公寓(5樓含以下無電梯),住家用,鋼筋混凝土造,0690306,119.88000000000001,3,2,2,有,無,1800000,15015,,0.0,0,,RPOOMLMJQHNFFDK78CA
後龍鎮,土地,龍富段61~90地號,94.3,住,,,1070709,土地4建物0車位0,,,其他,,,,0.0,0,0,0,有,無,1400000,14846,,0.0,0,,RPQOMLMJQHNFFDK98CA
竹南鎮,房地(土地+建物),苗栗縣竹南鎮大埔里1鄰大埔街121~150號,97.7,住,,,1070710,土地3建物1車位0,全,四層,透天厝,見其他登記事項,鋼筋混凝土造,1061229,240.18,4,2,5,有,無,15000000,62453,,0.0,0,,RPSOMLLMPHNFFDK66CA
