﻿編號,屋齡,建物移轉面積(平方公尺),主要用途,主要建材,建築完成日期,總層數,建物分層
The serial number,room age,building shifting area (square meter),the main use,main building materials,construction completes the date,total layer,building lamination
RPPNMLPLPHNFFBM56CA,,194.43,見其他登記事項,鋼筋混凝土造,106年12月29日,三層,一層 二層 三層 見其他登記事項
RPWNMLPKQHNFFAM17CA,22,32.46,住家用,鋼筋混凝土造,85年4月10日,七層,六層
RPWNMLPKQHNFFAM17CA,22,19.17,見其他登記事項,鋼筋混凝土造,85年4月10日,七層,
RPUNMLPLPHNFFDM27CA,38,132.76,住商用,鋼筋混凝土加強磚造,69年12月1日,二層,一層 二層 騎樓
RPPNMLQKQHNFFDM86CA,12,270.45,住家用,鋼筋混凝土造,95年3月14日,三層,一層 二層 三層
RPSNMLTJQHNFFAM07CA,11,289.69,住家用,鋼筋混凝土造,96年8月27日,四層,一層 二層 三層 四層
RPSNMLQKQHNFFDM17CA,28,202.73,住家用,加強磚造,79年7月27日,三層,一層 二層 三層
RPXNMLLJQHNFFCM96CA,17,214.05,住家用,鋼筋混凝土造,90年2月1日,三層,一層 二層 三層 屋頂突出物
RPRNMLKMPHNFFBM98CA,35,79.20,住家用,鋼筋混凝土造,72年4月12日,四層,四層
RPRNMLKMPHNFFBM98CA,35,5.40,國民住宅,鋼筋混凝土造,72年4月12日,四層,
RPRNMLKMPHNFFBM98CA,35,1.68,國民住宅,鋼筋混凝土造,72年4月12日,四層,
RPRNMLKMPHNFFBM98CA,35,.84,國民住宅,鋼筋混凝土造,72年4月12日,四層,
RPQNMLKMPHNFFBM88CA,39,128.70,住家用,加強磚造,69年1月1日,二層,一層 二層 騎樓
RPPNMLLJQHNFFAM58CA,30,133.44,住家用,鋼筋混凝土造,77年10月14日,二層,一層 二層
RPPNMLKMPHNFFAM68CA,3,240.72,見其他登記事項,鋼筋混凝土造,104年11月20日,三層,一層 二層 三層 見其他登記事項
RPPNMLKMPHNFFAM68CA,3,.32,見其他登記事項,鋼筋混凝土造,104年11月20日,一層,
RPPNMLLJQHNFFBM68CA,19,207.72,住家用,鋼筋混凝土造,88年2月5日,四層,一層 二層 三層 四層 電梯樓梯間
RPQNMLPJQHNFFBM56CA,,80.08,見其他登記事項,鋼筋混凝土造,107年5月2日,十一層,二層
RPQNMLPJQHNFFBM56CA,,70.28,見其他登記事項,鋼筋混凝土造,107年5月2日,十一層,
RPPNMLOJQHNFFBM98CA,,86.19,見其他登記事項,鋼筋混凝土造,107年5月2日,十一層,四層
RPPNMLOJQHNFFBM98CA,,73.58,見其他登記事項,鋼筋混凝土造,107年5月2日,十一層,
RPVNMLRJQHNFFCM37CA,15,99.58,見其他登記事項,見其他登記事項,92年9月8日,二層,一層 二層
RPPNMLKMPHNFFCM88CA,3,171.81,住家用,鋼筋混凝土造,104年12月3日,三層,一層 二層 三層
RPPNMLKMPHNFFCM88CA,3,171.81,住家用,鋼筋混凝土造,104年12月3日,三層,一層 二層 三層
RPPNMLKMPHNFFCM88CA,3,171.81,住家用,鋼筋混凝土造,104年12月3日,三層,一層 二層 三層
RPPNMLKLQHNFFBM78CA,1,205.64,見其他登記事項,鋼筋混凝土造,106年3月27日,三層,一層 二層 三層 見其他登記事項
RPTNMLKMPHNFFCM76DA,13,149.96,住家用,鋼骨鋼筋混凝土造,94年1月7日,三層,一層 二層 三層
RPRNMLPJQHNFFCM76CA,43,50.98,住商用,鋼筋混凝土造,64年2月1日,二層,一層 二層
RPPNMLKLQHNFFEM09CA,11,190.78,住家用,見其他登記事項,96年2月15日,三層,一層 二層 三層
RPTNMLNJQHNFFCM76CA,26,148.00,住家用,加強磚造,81年10月15日,二層,一層 二層
RPSNMLOKQHNFFDM96CA,37,105.00,住商用,鋼筋混凝土加強磚造,70年2月16日,二層,一層 二層 騎樓
RPVNMLMLQHNFFCM07CA,18,106.22,住家用,見其他登記事項,88年12月9日,二層,一層 二層
RPTNMLKLQHNFFBM56CA,5,252.53,住家用,鋼筋混凝土造,102年5月28日,四層,一層 二層 三層 四層
RPQNMLTJQHNFFDM27DA,14,151.11,住家用,鋼筋混凝土造,93年2月5日,三層,一層 二層 三層 屋頂突出物
RPPNMLRLPHNFFCM86CA,1,237.39,住家用,鋼筋混凝土造,106年3月6日,三層,一層 二層 三層
RPSNMLPKQHNFFAM76CA,28,119.43,住家用,加強磚造,79年5月29日,二層,一層 二層
RPSNMLPKQHNFFAM76CA,28,119.43,住家用,加強磚造,79年5月29日,二層,一層 二層
RPQPMLNJQHNFFBM56CA,,89.84,見其他登記事項,鋼筋混凝土造,107年5月2日,十一層,三層
RPQPMLNJQHNFFBM56CA,,61.93,見其他登記事項,鋼筋混凝土造,107年5月2日,十一層,
RPWNMLLJQHNFFBM76CA,7,61.68,農舍,鋼筋混凝土造,100年4月7日,三層,一層 二層 三層
RPWNMLLJQHNFFBM76CA,7,61.68,農舍,鋼筋混凝土造,100年4月7日,三層,一層 二層 三層
RPPNMLPJQHNFFBM09CA,,90.02,見其他登記事項,鋼筋混凝土造,107年5月2日,十一層,八層
RPPNMLPJQHNFFBM09CA,,75.63,見其他登記事項,鋼筋混凝土造,107年5月2日,十一層,
RPSNMLQLPHNFFAM86CA,4,175.76,住家用,鋼筋混凝土造,103年1月22日,三層,一層 二層 三層
RPPNMLLMPHNFFBM88CA,5,266.01,住家用,鋼筋混凝土造,101年12月19日,四層,一層 二層 三層 四層
RPRNMLLMPHNFFBM09CA,7,129.47,住家用,鋼筋混凝土造,100年10月12日,三層,一層 二層 三層
RPQNMLQKQHNFFCM86CA,25,139.37,住家用,鋼筋混凝土造,82年9月15日,三層,一層 二層 三層 騎樓
RPPNMLNLQHNFFCM56CA,13,139.53,見其他登記事項,鋼筋混凝土造,94年11月29日,四層,一層 二層 三層 四層
RPPNMLNLQHNFFCM56CA,13,28.18,見其他登記事項,鋼筋混凝土造,94年11月29日,一層,
RPQNMLMJQHNFFCM09DA,38,119.39,住家用,鋼筋混凝土加強磚造,69年4月8日,二層,一層 二層 騎樓
RPWNMLLMPHNFFCM17DA,37,147.48,住家用,鋼筋混凝土造,70年3月10日,三層,一層 二層 三層
RPSNMLLMPHNFFCM66CA,24,81.78,見其他登記事項,鋼筋混凝土造,83年1月14日,十一層,七層
RPSNMLLMPHNFFCM66CA,24,19.60,見其他登記事項,鋼筋混凝土造,83年1月14日,十一層,
RPSNMLMLQHNFFCM76CA,39,123.90,住家用,加強磚造,68年10月23日,二層,一層 二層
RPQNMLQJQHNFFDM86CA,36,233.75,農舍,見其他登記事項,71年5月31日,一層,一層
RPTNMLPJQHNFFCM96CA,43,51.46,住商用,鋼筋混凝土造,64年2月1日,二層,一層 二層
RPUNMLKKQHNFFCM66CA,14,117.07,見其他登記事項,鋼筋混凝土造,93年11月16日,九層,八層
RPUNMLKKQHNFFCM66CA,14,44.08,見其他登記事項,鋼筋混凝土造,93年11月16日,九層,
RPRNMLTJQHNFFCM17CA,14,92.15,見其他登記事項,鋼筋混凝土造,93年11月12日,十層,八層
RPRNMLTJQHNFFCM17CA,14,37.13,見其他登記事項,鋼筋混凝土造,93年11月12日,十層,
RPPNMLLJQHNFFEM98CA,38,137.52,住家用,鋼筋混凝土加強磚造,69年3月4日,二層,一層 二層
RPPOMLLMPHNFFAM88CA,1,324.61,住家用,鋼筋混凝土造,106年6月21日,四層,一層 二層 三層 四層
RPTNMLLMPHNFFAM56CA,24,30.41,見其他登記事項,鋼筋混凝土造,83年6月8日,八層,
RPTNMLLMPHNFFAM56CA,24,91.65,住家用,鋼筋混凝土造,83年6月8日,八層,三層
RPTNMLLJQHNFFBM09CA,10,15.00,農舍,見其他登記事項,96年12月6日,一層,一層
RPUNMLLMPHNFFAM66CA,17,168.60,住家用,鋼筋混凝土造,90年5月3日,三層,一層 二層 三層
RPSNMLLJQHNFFAM88CA,39,111.18,住家用,鋼筋混凝土加強磚造,68年3月5日,二層,一層 二層
RPTNMLQJQHNFFAM86CA,38,70.72,住商用,鋼筋混凝土加強磚造,69年7月1日,二層,一層 二層 騎樓
RPVNMLQJQHNFFAM07CA,30,293.25,住家用,鋼筋混凝土造,77年3月19日,三層,一層 二層 三層 騎樓
RPUOMLRJQHNFFBM27CA,11,216.51,見其他登記事項,鋼筋混凝土造,96年9月21日,四層,一層 二層 三層 四層
RPXNMLQJQHNFFAM27CA,,172.62,見其他登記事項,鋼筋混凝土造,106年8月29日,三層,一層 二層 三層 屋頂突出物
RPWNMLRJQHNFFBM37CA,1,267.62,住家用,鋼筋混凝土造,106年4月7日,四層,一層 二層 三層 四層
RPWNMLQJQHNFFAM17CA,1,170.36,見其他登記事項,鋼筋混凝土造,106年8月29日,三層,一層 二層 三層 屋頂突出物
RPPOMLQJQHNFFAM56CA,1,170.36,見其他登記事項,鋼筋混凝土造,106年8月29日,三層,一層 二層 三層 屋頂突出物
RPTNMLTJQHNFFCM37CA,6,271.52,住家用,鋼筋混凝土造,101年6月12日,四層,一層 二層 三層 四層
RPOOMLQJQHNFFAM09CA,1,172.50,見其他登記事項,鋼筋混凝土造,106年8月29日,三層,一層 二層 三層 屋頂突出物
RPQNMLNKQHNFFAM98CA,2,183.63,見其他登記事項,鋼筋混凝土造,105年1月28日,三層,一層 二層 三層 屋頂突出物
RPPNMLLLQHNFFAM78CA,1,407.59,見其他登記事項,鋼筋混凝土造,106年1月25日,五層,一層 二層 三層 四層 五層 屋頂突出物 地下一層 見其他登記事項
RPPNMLLLQHNFFAM78CA,1,61.98,見其他登記事項,鋼筋混凝土造,106年1月25日,六層,
RPPNMLQJQHNFFEM86CA,25,56.10,住家用,鋼筋混凝土造,82年5月14日,二層,一層 二層
RPQNMLSJQHNFFDM07CA,19,175.30,住商用,鋼筋混凝土造,88年1月21日,三層,一層 二層 三層 電梯樓梯間
RPQNMLLJQHNFFEM09CA,24,183.69,見其他登記事項,見其他登記事項,83年8月1日,三層,一層 二層 三層 騎樓 見其他登記事項
RPVNMLRKQHNFFAM27CA,2,163.17,住家用,鋼筋混凝土造,105年10月6日,四層,一層 二層 三層 四層
RPRNMLTJQHNFFDM37DA,14,151.11,住家用,鋼筋混凝土造,93年2月5日,三層,一層 二層 三層 屋頂突出物
RPSNMLLLQHNFFEM86CA,36,142.83,住商用,鋼筋混凝土加強磚造,70年12月30日,三層,一層 二層 三層 騎樓
RPPNMLMLQHNFFEM66CA,36,143.09,住商用,鋼筋混凝土加強磚造,70年12月30日,三層,一層 二層 三層 騎樓
RPPNMLMLQHNFFEM66CA,36,143.09,住商用,鋼筋混凝土加強磚造,70年12月30日,三層,一層 二層 三層 騎樓
RPPNMLTLQHNFFBM07CA,5,251.93,住家用,鋼筋混凝土造,102年5月28日,四層,一層 二層 三層 四層
