﻿編號,土地區段位置,土地移轉面積(平方公尺),使用分區或編定
The serial number,land sector position,land shifting area (square meter),the use zoning or compiles and checks
RPUOMLNJQHNFFAN86CA,馬鳴段,150.00,都市：住
RPVNMLKMPHNFFAN76CA,南郭段坑子內小段,5.08,都市：住
RPVNMLKMPHNFFAN76CA,南郭段坑子內小段,.15,都市：住
RPXNMLKMPHNFFAN96CA,南郭段南郭小段,228.00,都市：住
RPSNMLKMPHNFFBN56CA,大嘉段,2387.00,非都市：特定農業區 ; 非都市編定：農牧用地
RPTNMLOLPHNFFBN96CA,福馬段,786.91,非都市：特定專用區 ; 非都市編定：農牧用地
RPTNMLOLPHNFFBN96CA,福馬段,643.84,非都市：特定專用區 ; 非都市編定：農牧用地
RPTNMLOLPHNFFBN96CA,福馬段,506.59,非都市：特定農業區 ; 非都市編定：農牧用地
RPTNMLOLPHNFFBN96CA,福馬段,414.48,非都市：特定農業區 ; 非都市編定：農牧用地
RPTNMLKMPHNFFBN66CA,大嘉段,2387.00,非都市：特定農業區 ; 非都市編定：農牧用地
RPRNMLLJQHNFFBN98CA,永慶段,1937.92,非都市：特定農業區 ; 非都市編定：農牧用地
RPOOMLKMPHNFFAN78CA,三民段,6.72,都市：商
RPQNMLQLPHNFFAN76CA,福安段,32.21,都市：住
RPQNMLQLPHNFFAN76CA,福安段,8.13,都市：住
RPQNMLQLPHNFFAN76CA,福安段,84.98,都市：住
RPUNMLMJQHNFFBN76CA,仁愛段,30.00,都市：住
RPPNMLOLPHNFFBN56CA,和東段,79.00,都市：住
RPQNMLLMPHNFFBN09CA,伸同段,16.94,都市：住
RPQNMLLMPHNFFBN09CA,伸同段,117.78,都市：住
RPXNMLLJQHNFFBN96CA,柑竹段,2.91,非都市：特定農業區 ; 非都市編定：農牧用地
RPXNMLLJQHNFFBN96CA,柑竹段,13.08,非都市：鄉村區 ; 非都市編定：乙種建築用地
RPXNMLLJQHNFFBN96CA,柑竹段,62.80,非都市：鄉村區 ; 非都市編定：乙種建築用地
RPSOMLLJQHNFFBN56CA,柑竹段,2.91,非都市：特定農業區 ; 非都市編定：農牧用地
RPSOMLLJQHNFFBN56CA,柑竹段,13.08,非都市：鄉村區 ; 非都市編定：乙種建築用地
RPSOMLLJQHNFFBN56CA,柑竹段,54.78,非都市：鄉村區 ; 非都市編定：乙種建築用地
RPSOMLLJQHNFFBN56CA,柑竹段,6.53,非都市：鄉村區 ; 非都市編定：乙種建築用地
RPWNMLLJQHNFFBN86CA,柑竹段,2.91,非都市：特定農業區 ; 非都市編定：農牧用地
RPWNMLLJQHNFFBN86CA,柑竹段,13.08,非都市：鄉村區 ; 非都市編定：乙種建築用地
RPWNMLLJQHNFFBN86CA,柑竹段,58.15,非都市：鄉村區 ; 非都市編定：乙種建築用地
RPOOMLLJQHNFFBN78CA,柑竹段,2.91,非都市：特定農業區 ; 非都市編定：農牧用地
RPOOMLLJQHNFFBN78CA,柑竹段,13.08,非都市：鄉村區 ; 非都市編定：乙種建築用地
RPOOMLLJQHNFFBN78CA,柑竹段,67.36,非都市：鄉村區 ; 非都市編定：乙種建築用地
RPQNMLQJQHNFFAN66CA,明德段,23.64,都市：住
RPQNMLQJQHNFFAN66CA,明德段,94.09,都市：住
RPOOMLPKQHNFFBN66CA,頂庄段,3.30,都市：其他
RPOOMLPKQHNFFBN66CA,頂庄段,58.00,都市：住
RPPNMLQKQHNFFBN76CA,大霞段,81.00,非都市：特定農業區 ; 非都市編定：甲種建築用地
RPUNMLSKQHNFFBN47CA,伸光段,1.28,都市：住
RPUNMLSKQHNFFBN47CA,伸光段,55.00,都市：住
RPUNMLSKQHNFFBN47CA,伸光段,1.38,都市：住
RPUNMLSKQHNFFBN47CA,伸光段,13.00,都市：住
RPUNMLSKQHNFFBN47CA,伸光段,4.67,都市：商
RPUNMLSKQHNFFBN47CA,伸光段,.53,都市：住
RPTNMLSKQHNFFBN37CA,伸光段,1.28,都市：住
RPTNMLSKQHNFFBN37CA,伸光段,63.00,都市：住
RPTNMLSKQHNFFBN37CA,伸光段,1.38,都市：住
RPTNMLSKQHNFFBN37CA,伸光段,13.00,都市：住
RPTNMLSKQHNFFBN37CA,伸光段,4.67,都市：商
RPTNMLSKQHNFFBN37CA,伸光段,.53,都市：住
RPPOMLPKQHNFFBN76CA,頂庄段,3.30,都市：其他
RPPOMLPKQHNFFBN76CA,頂庄段,59.41,都市：住
RPQOMLPKQHNFFBN86CA,頂庄段,3.30,都市：其他
RPQOMLPKQHNFFBN86CA,頂庄段,74.46,都市：住
RPVNMLQLPHNFFDN57CA,江夏段,54.52,非都市：特定農業區 ; 非都市編定：農牧用地
RPVNMLQLPHNFFDN57CA,江夏段,728.52,非都市：特定農業區 ; 非都市編定：農牧用地
RPQNMLKMPHNFFCN09CA,鹿和段,2026.57,都市：住
RPQNMLKMPHNFFCN09CA,鹿和段,126.59,都市：其他
RPQNMLKMPHNFFCN09CA,鹿和段,143.96,都市：住
RPQNMLKMPHNFFCN09CA,鹿和段,34.48,都市：住
RPQNMLKMPHNFFCN09CA,鹿和段,2.52,都市：其他
RPQNMLKMPHNFFCN09CA,鹿德段,79.58,都市：其他
RPQNMLKMPHNFFCN09CA,鹿德段,7.27,都市：住
RPPNMLOLPHNFFCN66CA,上林段,699.99,非都市：工業區 ; 非都市編定：丁種建築用地
RPRNMLQLPHNFFCN07CA,福園段,171.34,非都市：鄉村區 ; 非都市編定：乙種建築用地
RPPNMLOLPHNFFCN66CA,上林段,700.03,非都市：工業區 ; 非都市編定：丁種建築用地
RPPNMLOLPHNFFCN66CA,上林段,868.85,非都市：工業區 ; 非都市編定：丁種建築用地
RPPNMLOLPHNFFCN66CA,上林段,2920.83,非都市：工業區 ; 非都市編定：丁種建築用地
SPQNMLKMPHNFFCN56CA,鹿和段,67.46,都市：住
SPQNMLKMPHNFFCN56CA,鹿和段,92.92,都市：住
RPPNMLRLPHNFFDN07CA,江夏段,109.05,非都市：特定農業區 ; 非都市編定：農牧用地
RPPNMLRLPHNFFDN07CA,江夏段,1457.04,非都市：特定農業區 ; 非都市編定：農牧用地
RPXNMLMJQHNFFDN27CA,三條圳段十七份小段,23.52,都市：住
RPSNMLLJQHNFFCN56CA,大興段,77.00,非都市：鄉村區 ; 非都市編定：乙種建築用地
RPSNMLLJQHNFFCN56CA,大興段,5.00,非都市：鄉村區 ; 非都市編定：乙種建築用地
RPSNMLLJQHNFFCN56CA,大興段,29.50,非都市：鄉村區 ; 非都市編定：乙種建築用地
RPSNMLLJQHNFFCN56CA,大興段,8.60,非都市：鄉村區 ; 非都市編定：乙種建築用地
RPSNMLLJQHNFFCN56CA,大興段,3.90,非都市：鄉村區 ; 非都市編定：乙種建築用地
RPPNMLQLPHNFFEN07CA,崁頂段,11.63,非都市：鄉村區 ; 非都市編定：乙種建築用地
RPUNMLQLPHNFFEN57CA,崁頂段,3.07,非都市：鄉村區 ; 非都市編定：乙種建築用地
RPQNMLQLPHNFFEN17CA,崁頂段,7.30,非都市：鄉村區 ; 非都市編定：乙種建築用地
RPTNMLQLPHNFFEN47CA,崁頂段,3.87,非都市：鄉村區 ; 非都市編定：乙種建築用地
RPSNMLQLPHNFFEN37CA,崁頂段,4.88,非都市：鄉村區 ; 非都市編定：乙種建築用地
RPRNMLQLPHNFFEN27CA,崁頂段,3.00,非都市：鄉村區 ; 非都市編定：乙種建築用地
RPRNMLQLPHNFFEN27CA,崁頂段,3.00,非都市：鄉村區 ; 非都市編定：乙種建築用地
RPPOMLOLPHNFFDN86CA,中山段,52.42,都市：住
RPPOMLOLPHNFFDN86CA,中山段,1.42,都市：住
RPPOMLOLPHNFFDN86CA,中山段,20.53,都市：住
RPPOMLOLPHNFFDN86CA,中山段,.01,都市：住
RPPNMLQJQHNFFDN86CA,黎明段,41.00,都市：住
RPSNMLNJQHNFFDN86CA,惠安段,56.67,都市：住
RPWOMLOLPHNFFAN37DA,西門口段,77.00,都市：住
RPSNMLPLPHNFFHN57CA,永興段,1820.00,非都市：特定農業區 ; 非都市編定：農牧用地
RPQNMLTJQHNFFEN37CA,中央段,353.86,都市：住
RPUNMLKMPHNFFAN76DA,中山段,5.00,都市：住
RPUNMLKMPHNFFAN76DA,中山段,11.00,都市：住
RPUNMLKMPHNFFAN76DA,中山段,15.00,都市：住
RPUNMLKMPHNFFAN76DA,中山段,1.00,都市：住
RPUNMLKMPHNFFAN76DA,中山段,1.50,都市：住
RPUNMLKMPHNFFAN76DA,中山段,2.00,都市：住
RPSNMLMJQHNFFFN96CA,東和段,1301.00,非都市：特定農業區 ; 非都市編定：農牧用地
RPPOMLNJQHNFFFN86CA,山寮段,32.29,非都市： ; 非都市編定：
RPOOMLNJQHNFFFN76CA,山寮段,20.31,非都市： ; 非都市編定：
RPWNMLNLPHNFFFN67DA,三豐段,1299.33,非都市：特定農業區 ; 非都市編定：農牧用地
RPSOMLMJQHNFFAN66DA,西門口段,64.00,都市：住
RPSOMLMJQHNFFAN66DA,西門口段,19.70,都市：住
RPSOMLMJQHNFFAN66DA,西門口段,10.10,都市：住
RPPNMLQLPHNFFFN17CA,成功段,11.80,非都市：鄉村區 ; 非都市編定：交通用地
RPPNMLQLPHNFFFN17CA,成功段,14.45,非都市：鄉村區 ; 非都市編定：交通用地
RPPNMLQLPHNFFFN17CA,成功段,309.52,非都市：鄉村區 ; 非都市編定：乙種建築用地
RPRNMLLLQHNFFEN86CA,中山段,95.15,都市：住
RPQNMLQLPHNFFHN47CA,霖鳳段,2.62,都市：其他
RPQNMLPLPHNFFHN37CA,霖鳳段,7.65,都市：其他
RPTOMLQLPHNFFEN57CA,山腳段,218.88,非都市：鄉村區 ; 非都市編定：乙種建築用地
RPTOMLQLPHNFFEN57CA,山腳段,4.90,非都市：鄉村區 ; 非都市編定：乙種建築用地
RPTOMLQLPHNFFEN57CA,山腳段,22.89,非都市：鄉村區 ; 非都市編定：乙種建築用地
RPTNMLOKQHNFFFN37CA,復興段,29.56,都市：住
RPTNMLOKQHNFFFN37CA,復興段,27.29,都市：住
RPTNMLOKQHNFFFN37CA,復興段,44.81,都市：住
RPPNMLRLPHNFFEN27DA,裕民段,35.30,都市：住
RPSNMLQKQHNFFEN47DA,高鐵段,211.98,都市：住
RPSNMLMJQHNFFHN17CA,光明段,111.00,都市：工
RPSNMLMJQHNFFHN17CA,光明段,77.00,都市：工
RPSNMLMJQHNFFHN17CA,光明段,38.00,都市：工
RPSNMLMJQHNFFHN17CA,光明段,299.00,都市：工
RPSNMLMJQHNFFHN17CA,光明段,68.00,都市：工
RPSNMLMJQHNFFHN17CA,光明段,63.00,都市：工
RPSNMLMJQHNFFHN17CA,光明段,23.00,都市：工
RPSNMLMJQHNFFHN17CA,光明段,26.00,都市：工
RPSNMLMJQHNFFHN17CA,光明段,71.00,都市：工
RPSNMLMJQHNFFHN17CA,光明段,127.00,都市：工
RPSNMLMJQHNFFHN17CA,光明段,137.00,都市：工
RPQNMLSJQHNFFHN57CA,瓦窯中段,133.05,都市：住
RPXNMLKMPHNFFDN27CA,惠農段,19.95,都市：住
RPUOMLLJQHNFFDN96CA,慶安段,71.80,非都市：特定農業區 ; 非都市編定：甲種建築用地
RPUOMLLJQHNFFDN96CA,慶安段,18.33,非都市：特定農業區 ; 非都市編定：甲種建築用地
RPRNMLQLPHNFFFN37CA,永豐段,108.12,都市：住
RPSNMLNJQHNFFEN96CA,新山清段,136.74,非都市：鄉村區 ; 非都市編定：交通用地
RPSNMLNJQHNFFEN96CA,新山清段,804.01,非都市：鄉村區 ; 非都市編定：乙種建築用地
RPVNMLLJQHNFFCN86CA,永福段,108.00,都市：住
RPQNMLLLQHNFFCN56CA,振興段,72.00,非都市：鄉村區 ; 非都市編定：乙種建築用地
RPRNMLKMPHNFFCN56CA,東昇段,74.94,非都市：特定農業區 ; 非都市編定：甲種建築用地
RPRNMLKMPHNFFCN56CA,東昇段,5.83,非都市：特定農業區 ; 非都市編定：甲種建築用地
RPRNMLKMPHNFFCN56CA,東昇段,9.27,非都市：特定農業區 ; 非都市編定：甲種建築用地
RPRNMLKMPHNFFCN56CA,東昇段,41.72,非都市：特定農業區 ; 非都市編定：甲種建築用地
RPRNMLKMPHNFFCN56CA,東昇段,81.75,非都市：特定農業區 ; 非都市編定：甲種建築用地
RPOOMLMJQHNFFDN09CA,黃厝段,32.35,非都市：鄉村區 ; 非都市編定：乙種建築用地
RPOOMLMJQHNFFDN09CA,黃厝段,11.84,非都市：山坡地保育區 ; 非都市編定：丙種建築用地
RPUNMLQLPHNFFCN37CA,文昌段,446.00,非都市：鄉村區 ; 非都市編定：乙種建築用地
RPPNMLOLPHNFFFN07DA,三民段,132.00,都市：住
RPSNMLOKQHNFFCN96CA,玉順段,59.36,都市：商
RPSNMLPLPHNFFCN07CA,新生段,44.00,都市：住
RPQNMLPLPHNFFCN86CA,鹽埔段,26.06,非都市：一般農業區 ; 非都市編定：養殖用地
RPQNMLPLPHNFFCN86CA,鹽埔段,2033.96,非都市：一般農業區 ; 非都市編定：養殖用地
RPQNMLPLPHNFFCN86CA,鹽埔段,177.06,非都市：一般農業區 ; 非都市編定：甲種建築用地
RPRNMLPLPHNFFCN96CA,鹿昇段,4657.91,非都市：特定農業區 ; 非都市編定：農牧用地
RPUOMLLJQHNFFBN76CA,柑竹段,45.54,非都市：特定農業區 ; 非都市編定：農牧用地
RPWOMLLJQHNFFBN96CA,柑竹段,15.43,非都市：特定農業區 ; 非都市編定：農牧用地
RPSNMLKLQHNFFBN56CA,新興段,36.27,非都市：一般農業區 ; 非都市編定：交通用地
RPSNMLKLQHNFFBN56CA,新興段,66.78,非都市：一般農業區 ; 非都市編定：交通用地
RPPNMLOKQHNFFDN76CA,靜修段,8.21,都市：住
RPPSMLOKQHNFFBN07CA,柑竹段,2.91,非都市：特定農業區 ; 非都市編定：農牧用地
RPPSMLOKQHNFFBN07CA,柑竹段,13.08,非都市：鄉村區 ; 非都市編定：乙種建築用地
RPPSMLOKQHNFFBN07CA,柑竹段,77.88,非都市：鄉村區 ; 非都市編定：乙種建築用地
RPPNMLPLPHNFFBN66CA,柑竹段,657.22,非都市：鄉村區 ; 非都市編定：乙種建築用地
RPPNMLPLPHNFFBN66CA,柑竹段,135.59,非都市：鄉村區 ; 非都市編定：乙種建築用地
RPROMLLJQHNFFBN09CA,柑竹段,2.91,非都市：特定農業區 ; 非都市編定：農牧用地
RPROMLLJQHNFFBN09CA,柑竹段,13.08,非都市：鄉村區 ; 非都市編定：乙種建築用地
RPROMLLJQHNFFBN09CA,柑竹段,60.11,非都市：鄉村區 ; 非都市編定：乙種建築用地
RPROMLLJQHNFFBN09CA,柑竹段,6.65,非都市：鄉村區 ; 非都市編定：乙種建築用地
RPPOMLLJQHNFFBN88CA,柑竹段,2.91,非都市：特定農業區 ; 非都市編定：農牧用地
RPPOMLLJQHNFFBN88CA,柑竹段,13.08,非都市：鄉村區 ; 非都市編定：乙種建築用地
RPPOMLLJQHNFFBN88CA,柑竹段,56.69,非都市：鄉村區 ; 非都市編定：乙種建築用地
RPPOMLLJQHNFFBN88CA,柑竹段,1.87,非都市：鄉村區 ; 非都市編定：乙種建築用地
RPTNMLSJQHNFFBN27CA,中圍段,398.58,非都市：特定農業區 ; 非都市編定：丁種建築用地
RPVOMLLJQHNFFBN86CA,柑竹段,2.91,非都市：特定農業區 ; 非都市編定：農牧用地
RPVOMLLJQHNFFBN86CA,柑竹段,13.08,非都市：鄉村區 ; 非都市編定：乙種建築用地
RPVOMLLJQHNFFBN86CA,柑竹段,58.64,非都市：鄉村區 ; 非都市編定：乙種建築用地
RPQOMLLJQHNFFBN98CA,柑竹段,2.91,非都市：特定農業區 ; 非都市編定：農牧用地
RPQOMLLJQHNFFBN98CA,柑竹段,13.08,非都市：鄉村區 ; 非都市編定：乙種建築用地
RPQOMLLJQHNFFBN98CA,柑竹段,58.50,非都市：鄉村區 ; 非都市編定：乙種建築用地
RPSNMLOKQHNFFAN76CA,延和段,23.19,都市：住
RPPNMLSKPHNFFCN27CD,鹿安段,80.56,非都市：特定農業區 ; 非都市編定：甲種建築用地
RPRNMLNKQHNFFAN56CA,西勢子段西勢子小段,23.93,都市：住
RPSNMLKMPHNFFAN09CA,竹中段,38.62,非都市：鄉村區 ; 非都市編定：乙種建築用地
RPSNMLKMPHNFFAN09CA,竹中段,38.62,非都市：鄉村區 ; 非都市編定：乙種建築用地
RPSNMLKMPHNFFAN09CA,竹中段,7.93,非都市：鄉村區 ; 非都市編定：乙種建築用地
RPPOMLKMPHNFFAN88CA,馬鳴段,300.00,非都市：特定農業區 ; 非都市編定：甲種建築用地
RPQOMLKMPHNFFAN98CA,馬鳴段,233.00,非都市：特定農業區 ; 非都市編定：甲種建築用地
RPPNMLQLPHNFFAN66CA,溪頭段,176.76,非都市：特定農業區 ; 非都市編定：農牧用地
RPROMLKMPHNFFAN09CA,福田段,44.99,非都市：山坡地保育區 ; 非都市編定：農牧用地
RPPNMLKMPHNFFAN78CA,牛稠子段牛稠子小段,56.00,都市：住
RPPOMLOKQHNFFAN56CA,復興段,78.00,非都市：特定農業區 ; 非都市編定：甲種建築用地
RPRNMLQLPHNFFAN86CA,西門口段,22.69,都市：住
RPPOMLPLPHNFFAN66CA,南興段,63.00,都市：住
RPWNMLKMPHNFFAN86CA,福山段,32.02,非都市：山坡地保育區 ; 非都市編定：國土保安用地
RPWNMLKMPHNFFAN86CA,福山段,81.22,非都市：山坡地保育區 ; 非都市編定：丙種建築用地
RPTNMLPKQHNFFAN96CA,學前段,122.67,都市：住
RPQNMLPLPHNFFBN76CA,新興段,1525.54,非都市：一般農業區 ; 非都市編定：農牧用地
RPUNMLOJQHNFFAN86CA,西門口段,38.92,都市：住
RPUNMLOJQHNFFAN86CA,西門口段,5.75,都市：住
RPUNMLOJQHNFFAN86CA,西門口段,75.00,都市：住
RPROMLQJQHNFFAN86CA,南興段,74.00,都市：住
RPRNMLPLPHNFFBN86CA,新興段,452.04,非都市：一般農業區 ; 非都市編定：農牧用地
RPRNMLPLPHNFFBN86CA,新興段,734.90,非都市：一般農業區 ; 非都市編定：農牧用地
RPVNMLNKQHNFFAN96CA,福山段,80.40,非都市：山坡地保育區 ; 非都市編定：丙種建築用地
RPVNMLNKQHNFFAN96CA,福山段,34.56,非都市：山坡地保育區 ; 非都市編定：丙種建築用地
RPPNMLLJQHNFFBN78CA,竹營段,22.09,都市：住
RPPNMLQJQHNFFBN66CA,大榮段,161.00,非都市：鄉村區 ; 非都市編定：乙種建築用地
RPRNMLMJQHNFFBN09CA,大榮段,48.00,非都市：鄉村區 ; 非都市編定：乙種建築用地
RPRNMLMJQHNFFBN09CA,大榮段,3.38,非都市：鄉村區 ; 非都市編定：乙種建築用地
RPRNMLMJQHNFFBN09CA,大榮段,5.07,非都市：鄉村區 ; 非都市編定：乙種建築用地
RPQNMLOJQHNFFBN56CA,定興段,543.01,非都市：鄉村區 ; 非都市編定：丁種建築用地
RPQSMLTJQHNFFBN57CA,嘉寶段,687.42,非都市：一般農業區 ; 非都市編定：農牧用地
RPQSMLTJQHNFFBN57CA,嘉寶段,687.42,非都市：一般農業區 ; 非都市編定：農牧用地
RPQSMLTJQHNFFBN57CA,嘉寶段,34.78,非都市：一般農業區 ; 非都市編定：農牧用地
RPQSMLTJQHNFFBN57CA,嘉寶段,34.78,非都市：一般農業區 ; 非都市編定：農牧用地
RPOOMLSKQHNFFBN96CA,伸股段,1095.20,都市：住
RPWNMLKKQHNFFBN86CA,伸同段,1217.45,都市：住
RPPNMLKLQHNFFBN88CA,伸東段,485.00,都市：住
RPPNMLKLQHNFFBN88CA,伸東段,63.00,都市：住
RPQNMLRLPHNFFCN07CA,鹿鳴段,1136.50,非都市：一般農業區 ; 非都市編定：農牧用地
RPRNMLSKQHNFFBN17CA,頂庄段,3.30,都市：其他
RPRNMLSKQHNFFBN17CA,頂庄段,59.88,都市：住
RPXNMLKKQHNFFBN96CA,福馬段,72.58,非都市：特定農業區 ; 非都市編定：甲種建築用地
RPRNMLLLQHNFFCN66CA,鹿盛段,347.41,都市：住
RPRNMLKLQHNFFBN09CA,柑竹段,4.38,都市：其他
RPRNMLKLQHNFFBN09CA,柑竹段,86.69,都市：住
RPRNMLKLQHNFFBN09CA,柑竹段,4.47,都市：其他
RPPNMLNJQHNFFCN09CA,大興段,62.00,非都市：鄉村區 ; 非都市編定：乙種建築用地
RPPNMLNJQHNFFCN09CA,大興段,18.81,非都市：鄉村區 ; 非都市編定：乙種建築用地
RPUNMLKLQHNFFCN86CA,中興段,23.76,非都市：特定農業區 ; 非都市編定：甲種建築用地
RPUNMLKLQHNFFCN86CA,中興段,74.00,非都市：特定農業區 ; 非都市編定：甲種建築用地
RPTNMLPLPHNFFDN27CA,三和段,166.78,都市：住
RPUNMLPLPHNFFDN37CA,新西東段,297.86,非都市：特定農業區 ; 非都市編定：農牧用地
RPROMLQLPHNFFEN37CA,三民段,234.19,都市：農
RPROMLQLPHNFFEN37CA,三民段,179.45,都市：農
RPQOMLQLPHNFFEN27CA,太平段,30.37,非都市：山坡地保育區 ; 非都市編定：農牧用地
RPPOMLQLPHNFFEN17CA,新民段,1.41,都市：住
RPOOMLQLPHNFFEN07CA,新民段,131.21,都市：住
RPRNMLKMPHNFFEN76CA,廣興段,80.72,都市：住
RPRNMLKMPHNFFEN76CA,廣興段,6.67,都市：其他
RPRNMLLMPHNFFBN56CA,伸榮段,19.74,都市：住
RPSNMLLMPHNFFEN96CA,裕民段,.58,都市：工
RPSNMLLMPHNFFEN96CA,裕民段,.58,都市：工
RPSNMLLMPHNFFEN96CA,裕民段,24.97,都市：工
RPSNMLLMPHNFFEN96CA,裕民段,24.97,都市：工
RPSNMLLMPHNFFEN96CA,裕民段,401.39,都市：工
RPSNMLLMPHNFFEN96CA,裕民段,401.39,都市：工
RPSNMLLMPHNFFEN96CA,裕民段,52.44,都市：工
RPSNMLLMPHNFFEN96CA,裕民段,52.44,都市：工
RPSNMLLMPHNFFEN96CA,裕民段,157.33,都市：工
RPSNMLLMPHNFFEN96CA,裕民段,157.33,都市：工
RPSNMLLMPHNFFEN96CA,裕民段,334.48,都市：工
RPSNMLLMPHNFFEN96CA,裕民段,334.48,都市：工
RPPNMLSKQHNFFDN17CA,豐年段,102.36,都市：住
RPQNMLKMPHNFFFN76CA,大安段,89.00,都市：住
RPUNMLRLPHNFFHN97CA,田中段,11.72,都市：農
RPUNMLRLPHNFFHN97CA,田中段,34.23,都市：農
RPUNMLRLPHNFFHN97CA,田中段,1.50,都市：農
RPUNMLRLPHNFFHN97CA,田中段,118.00,都市：農
RPUNMLRLPHNFFHN97CA,田中段,3.40,都市：農
RPUNMLRLPHNFFHN97CA,田中段,32.65,都市：農
RPTPMLRLPHNFFDN67CA,三和段,153.99,都市：住
RPSNMLRLPHNFFHN77CA,和平段,83.00,非都市：鄉村區 ; 非都市編定：乙種建築用地
RPRNMLQJQHNFFBN96DA,忠明段,339.00,非都市：特定農業區 ; 非都市編定：農牧用地
RPRNMLQJQHNFFBN96DA,忠明段,308.00,非都市：特定農業區 ; 非都市編定：農牧用地
RPPNMLMJQHNFFHN86CA,新永昌段,28.32,都市：住
RPPNMLMJQHNFFHN86CA,新永昌段,177.22,都市：住
RPSNMLKLQHNFFDN76CA,水源段,89.67,都市：住
RPVNMLRLPHNFFHN08CA,北勢段,104.00,非都市：鄉村區 ; 非都市編定：乙種建築用地
RPTNMLKLQHNFFDN86CA,水源段,90.24,都市：住
RPPNMLSJQHNFFHN47CA,大發段,84.00,都市：住
RPWNMLQKQHNFFDN67CA,新生段,3.82,都市：商
RPRNMLRLPHNFFAN07DA,牛稠子段下小段,36.86,非都市：鄉村區 ; 非都市編定：乙種建築用地
RPWNMLRLPHNFFHN18CA,北勢段,115.00,非都市：鄉村區 ; 非都市編定：乙種建築用地
RPTNMLLMPHNFFAN76DA,南郭段南郭小段,23.98,都市：住
RPQNMLLMPHNFFAN09DA,南郭段南郭小段,26.62,都市：住
RPTOMLNLQHNFFAN07DA,彰泰段,78.10,都市：住
RPTOMLNLQHNFFAN07DA,彰泰段,25.54,都市：住
RPRNMLQJQHNFFEN17CA,新十五段,1703.61,非都市：特定農業區 ; 非都市編定：農牧用地
RPQNMLPLQHNFFHN47CA,西寮段,110.00,都市：住
RPRNMLPLQHNFFHN57CA,西寮段,110.00,都市：住
RPTNMLRLPHNFFHN87CA,田中段,11.72,都市：農
RPTNMLRLPHNFFHN87CA,田中段,34.23,都市：農
RPTNMLRLPHNFFHN87CA,田中段,1.50,都市：農
RPTNMLRLPHNFFHN87CA,田中段,118.00,都市：農
RPTNMLRLPHNFFHN87CA,田中段,3.40,都市：農
RPTNMLRLPHNFFHN87CA,田中段,32.65,都市：農
RPPNMLPLQHNFFHN37CA,西寮段,142.00,都市：住
RPPNMLOJQHNFFFN86CA,新埤頭段,98.00,非都市：鄉村區 ; 非都市編定：乙種建築用地
RPOOMLQKQHNFFDN07DA,橋愛段,84.53,都市：住
RPOOMLQKQHNFFDN07DA,橋愛段,18.88,都市：住
RPSNMLQKQHNFFFN47CA,芳平段,408.26,非都市：特定農業區 ; 非都市編定：農牧用地
RPUNMLPLQHNFFHN87CA,西寮段,212.59,都市：住
RPTNMLPLQHNFFHN77CA,西寮段,162.96,都市：住
RPXNMLOKQHNFFFN77CA,湄洲段,24.19,非都市：鄉村區 ; 非都市編定：交通用地
RPXNMLOKQHNFFFN77CA,湄洲段,94.00,非都市：鄉村區 ; 非都市編定：乙種建築用地
RPSNMLPLQHNFFHN67CA,西寮段,158.00,都市：住
RPRNMLRJQHNFFFN37CA,八德段,3019.00,非都市：特定農業區 ; 非都市編定：農牧用地
RPQNMLRLPHNFFFN37CA,和豐段,10.14,非都市：鄉村區 ; 非都市編定：乙種建築用地
RPQNMLRLPHNFFFN37CA,和豐段,122.94,非都市：鄉村區 ; 非都市編定：乙種建築用地
RPQNMLRLPHNFFFN37CA,和豐段,20.10,非都市：鄉村區 ; 非都市編定：乙種建築用地
RPPNMLRLPHNFFFN27CA,仁豐段,1693.00,非都市：特定農業區 ; 非都市編定：農牧用地
RPTNMLQLPHNFFFN57CA,埔尾段,99.70,非都市：鄉村區 ; 非都市編定：乙種建築用地
RPRNMLMKQHNFFEN86CA,廣興段,139.72,都市：住
RPRNMLMKQHNFFEN86CA,廣興段,236.89,都市：其他
RPRNMLMKQHNFFEN86CA,廣興段,786.08,都市：其他
RPPNMLNJQHNFFEN66CA,社張段,300.00,非都市：特定農業區 ; 非都市編定：農牧用地
RPTNMLSLQHNFFHN08CA,東門段,80.00,都市：住
RPQNMLMKQHNFFEN76CA,廣興段,12.31,都市：住
RPQNMLMKQHNFFEN76CA,廣興段,136.03,都市：住
RPPNMLMKQHNFFEN66CA,廣興段,9.82,都市：住
RPPNMLMKQHNFFEN66CA,廣興段,188.23,都市：住
RPSNMLNKQHNFFCN86CA,大興段,932.00,非都市：特定農業區 ; 非都市編定：農牧用地
RPPOMLKMPHNFFDN56CA,五汴段,1.53,非都市：特定農業區 ; 非都市編定：甲種建築用地
RPPOMLKMPHNFFDN56CA,五汴段,.15,非都市：特定農業區 ; 非都市編定：交通用地
RPPOMLKMPHNFFDN56CA,五汴段,12.01,非都市：特定農業區 ; 非都市編定：甲種建築用地
RPPOMLKMPHNFFDN56CA,五汴段,69.82,非都市：特定農業區 ; 非都市編定：甲種建築用地
RPPOMLKMPHNFFDN56CA,五汴段,12.04,非都市：特定農業區 ; 非都市編定：甲種建築用地
RPPOMLKMPHNFFDN56CA,五汴段,3.32,非都市：特定農業區 ; 非都市編定：甲種建築用地
RPUNMLMLQHNFFCN07CA,上林段,994.97,非都市：工業區 ; 非都市編定：丁種建築用地
RPQNMLOKQHNFFDN86CA,惠來段,27.10,都市：住
RPPNMLKLQHNFFCN98CA,鹿鳴段,2625.00,非都市：特定農業區 ; 非都市編定：農牧用地
RPRNMLRLPHNFFBN07CA,德興段,2779.00,非都市：特定農業區 ; 非都市編定：農牧用地
RPVNMLSKQHNFFBN57CA,伸光段,1.28,都市：住
RPVNMLSKQHNFFBN57CA,伸光段,54.00,都市：住
RPVNMLSKQHNFFBN57CA,伸光段,1.38,都市：住
RPVNMLSKQHNFFBN57CA,伸光段,13.00,都市：住
RPVNMLSKQHNFFBN57CA,伸光段,4.67,都市：商
RPVNMLSKQHNFFBN57CA,伸光段,.53,都市：住
RPQNMLLJQHNFFDN09CA,中山段,180.00,都市：住
RPQNMLLJQHNFFDN09CA,中山段,42.48,都市：住
RPQNMLLJQHNFFDN09CA,中山段,3.33,都市：其他
RPQNMLLJQHNFFDN09CA,中山段,3.33,都市：其他
RPSNMLRLPHNFFBN17CA,德興段,2829.00,非都市：特定農業區 ; 非都市編定：農牧用地
RPROMLKMPHNFFHN17CA,大發段,84.00,都市：住
RPWNMLSKQHNFFBN67CA,伸光段,1.28,都市：住
RPWNMLSKQHNFFBN67CA,伸光段,53.00,都市：住
RPWNMLSKQHNFFBN67CA,伸光段,1.38,都市：住
RPWNMLSKQHNFFBN67CA,伸光段,13.00,都市：住
RPWNMLSKQHNFFBN67CA,伸光段,4.67,都市：商
RPWNMLSKQHNFFBN67CA,伸光段,.53,都市：住
RPUNMLNKQHNFFAN86CA,西門口段,94.00,都市：住
RPUNMLTJQHNFFEN77CA,新厝段,81.22,非都市：鄉村區 ; 非都市編定：乙種建築用地
RPUNMLRLPHNFFAN27CA,石牌段,245.60,非都市：山坡地保育區 ; 非都市編定：丁種建築用地
RPSOMLKMPHNFFDN86CA,新員水段,14.40,都市：農
RPSOMLKMPHNFFDN86CA,新員水段,18.00,都市：農
RPSOMLKMPHNFFDN86CA,新員水段,24.29,都市：農
RPSOMLKMPHNFFDN86CA,新員水段,17.29,都市：農
RPSOMLKMPHNFFDN86CA,新員水段,72.70,都市：農
RPSOMLKMPHNFFDN86CA,新員水段,14.54,都市：農
RPRNMLKMPHNFFBN09CA,全興段,3000.93,非都市：工業區 ; 非都市編定：丁種建築用地
RPPOMLRJQHNFFAN76CA,馬鳴段,1200.00,非都市：特定農業區 ; 非都市編定：農牧用地
RPOPMLNKQHNFFAN09CA,民權段,87.00,都市：商
RPVNMLLJQHNFFAN66CA,南郭段南郭小段,27.83,都市：住
RPXNMLNJQHNFFAN07CA,彰泰段,23.91,都市：住
RPXNMLNJQHNFFAN07CA,彰泰段,.03,都市：住
RPWOMLKMPHNFFAN96CA,南興段,66.00,都市：住
RPXNMLMJQHNFFAN96CA,大埔段,.27,都市：住
RPXNMLMJQHNFFAN96CA,大埔段,26.87,都市：住
RPXNMLMJQHNFFAN96CA,大埔段,79.00,都市：住
RPTOMLKMPHNFFAN66CA,溪南段,83.45,非都市：鄉村區 ; 非都市編定：乙種建築用地
RPQNMLMJQHNFFAN88CA,花壇段,86.00,非都市：特定農業區 ; 非都市編定：農牧用地
RPUOMLKMPHNFFAN76CA,福山段,112.40,非都市：山坡地保育區 ; 非都市編定：丙種建築用地
RPTNMLRJQHNFFBN17CA,嘉慶段,101.70,都市：住
RPTNMLRJQHNFFBN17CA,嘉慶段,108.28,都市：住
RPWNMLSJQHNFFAN47CA,西勢子段西勢子小段,24.82,都市：住
RPQNMLPKQHNFFBN76CA,大雅段,86.00,非都市：特定農業區 ; 非都市編定：甲種建築用地
RPQNMLPKQHNFFBN76CA,大雅段,133.00,非都市：特定農業區 ; 非都市編定：甲種建築用地
RPXNMLSKQHNFFBN77CA,伸光段,1.38,都市：住
RPXNMLSKQHNFFBN77CA,伸光段,.53,都市：住
RPXNMLSKQHNFFBN77CA,伸光段,1.28,都市：住
RPXNMLSKQHNFFBN77CA,伸光段,19.65,都市：住
RPXNMLSKQHNFFBN77CA,伸光段,74.00,都市：住
RPXNMLSKQHNFFBN77CA,伸光段,.65,都市：住
RPTNMLMLQHNFFCN96CA,永安段,513.00,非都市：特定農業區 ; 非都市編定：農牧用地
RPWNMLKMPHNFFDN17CA,三條段,56.00,都市：住
RPWNMLKMPHNFFDN17CA,三條段,1.65,都市：住
RPWNMLKMPHNFFDN17CA,三條段,25.94,都市：住
RPWNMLKMPHNFFDN17CA,三條段,4.55,都市：住
RPTNMLLMPHNFFEN07CA,太平段,1364.72,非都市：特定農業區 ; 非都市編定：農牧用地
RPPNMLTJQHNFFDN17CA,惠農段,79.05,都市：住
RPQNMLTJQHNFFDN27CA,惠農段,78.02,都市：住
RPPNMLKMPHNFFFN66CA,田平段,102.55,都市：住
RPPNMLPJQHNFFFN96CA,永豐段,88.34,都市：住
RPRNMLSJQHNFFFN47CA,三豐段,1105.00,非都市：特定農業區 ; 非都市編定：農牧用地
RPTNMLLMPHNFFDN96CA,三條段,80.41,都市：住
RPTNMLLMPHNFFDN96CA,三條段,27.98,都市：住
RPPOMLKLQHNFFDN56CA,慈祥段,740.96,非都市：特定農業區 ; 非都市編定：甲種建築用地
RPPOMLKLQHNFFDN56CA,慈祥段,1915.45,都市：住
RPVNMLNJQHNFFFN37CA,復興段,992.18,都市：住
RPPNMLLMPHNFFHN96CA,義和段,.71,非都市：特定農業區 ; 非都市編定：甲種建築用地
RPQNMLLMPHNFFHN07CA,光華段,17.67,都市：商
RPPNMLLMPHNFFHN96CA,義和段,23.02,非都市：特定農業區 ; 非都市編定：甲種建築用地
RPQNMLLMPHNFFHN07CA,光華段,14.33,都市：商
RPPNMLLMPHNFFHN96CA,義和段,319.00,非都市：特定農業區 ; 非都市編定：甲種建築用地
RPQNMLLMPHNFFHN07CA,光華段,9.94,都市：商
RPPNMLLMPHNFFHN96CA,義和段,1.82,非都市：特定農業區 ; 非都市編定：甲種建築用地
RPVNMLMLQHNFFDN27CA,美港段,14.75,非都市：特定農業區 ; 非都市編定：農牧用地
RPWNMLMLQHNFFDN37CA,美港段,22.13,非都市：特定農業區 ; 非都市編定：農牧用地
RPUNMLMLQHNFFDN17CA,美港段,14.75,非都市：特定農業區 ; 非都市編定：農牧用地
RPTNMLMLQHNFFDN07CA,美港段,22.13,非都市：特定農業區 ; 非都市編定：農牧用地
RPRNMLSJQHNFFHN67CA,二重段,249.25,非都市：特定農業區 ; 非都市編定：甲種建築用地
RPRNMLSJQHNFFHN67CA,二重段,282.32,非都市：特定農業區 ; 非都市編定：甲種建築用地
RPRNMLSJQHNFFHN67CA,二重段,49.66,非都市：特定農業區 ; 非都市編定：甲種建築用地
RPRNMLSJQHNFFHN67CA,二重段,39.75,非都市：特定農業區 ; 非都市編定：甲種建築用地
RPRNMLLMPHNFFHN17CA,河東段,1034.00,非都市：特定農業區 ; 非都市編定：農牧用地
RPWNMLSJQHNFFDN77CA,三條段,96.27,都市：住
RPWNMLSJQHNFFDN77CA,三條段,1.01,都市：住
RPWNMLLJQHNFFHN47CA,光平段,6.21,都市：商
RPVNMLPLQHNFFHN97CA,西寮段,171.00,都市：住
RPRNMLKKQHNFFHN96CA,義民段,26.41,都市：商
RPQNMLLLQHNFFDN66CA,新員水段,52.50,都市：農
RPQNMLMJQHNFFDN56CA,三和段,218.59,都市：住
RPOOMLLJQHNFFDN98CA,永南段,390.80,非都市：鄉村區 ; 非都市編定：乙種建築用地
RPOOMLLJQHNFFDN98CA,永南段,27.48,非都市：特定農業區 ; 非都市編定：甲種建築用地
RPOOMLLJQHNFFDN98CA,永南段,36.09,非都市：鄉村區 ; 非都市編定：乙種建築用地
RPRNMLLJQHNFFDN56CA,復興段,79.86,都市：住
RPSNMLLJQHNFFHN07CA,仁華段,17.15,非都市：特定農業區 ; 非都市編定：甲種建築用地
RPSNMLLJQHNFFHN07CA,仁華段,87.52,非都市：特定農業區 ; 非都市編定：甲種建築用地
RPQNMLPKQHNFFDN96CA,和平段,644.84,都市：住
RPSNMLLMPHNFFDN86CA,新員水段,17.29,都市：農
RPSNMLLMPHNFFDN86CA,新員水段,86.77,都市：農
RPSNMLLMPHNFFDN86CA,新員水段,14.40,都市：農
RPSNMLLMPHNFFDN86CA,新員水段,18.00,都市：農
RPSNMLLMPHNFFDN86CA,新員水段,24.29,都市：農
RPPNMLPKQHNFFDN86CA,和平段,547.16,都市：住
RPRNMLKMPHNFFFN86CA,和平段,1813.00,非都市：特定農業區 ; 非都市編定：農牧用地
RPQNMLMJQHNFFCN56DA,東昇段,89.00,都市：住
RPXNMLMJQHNFFHN67CA,瓦窯中段,24.30,都市：住
RPXNMLMJQHNFFHN67CA,瓦窯中段,109.06,都市：住
RPRNMLPKQHNFFEN17CA,社石段,1589.00,非都市：特定農業區 ; 非都市編定：農牧用地
RPVNMLKLQHNFFDN07CA,豐年段,73.00,都市：住
RPRRMLOKQHNFFBN17CA,糖友段,22.81,非都市：鄉村區 ; 非都市編定：乙種建築用地
RPQRMLOKQHNFFBN07CA,糖友段,20.60,非都市：鄉村區 ; 非都市編定：乙種建築用地
RPURMLOKQHNFFBN47CA,糖友段,23.71,非都市：鄉村區 ; 非都市編定：乙種建築用地
RPXQMLTJQHNFFBN08CA,糖友段,20.58,非都市：鄉村區 ; 非都市編定：乙種建築用地
RPOPMLTJQHNFFBN07CA,糖友段,23.71,非都市：鄉村區 ; 非都市編定：乙種建築用地
RPXOMLOKQHNFFBN47CA,糖友段,20.58,非都市：鄉村區 ; 非都市編定：乙種建築用地
RPVQMLOKQHNFFBN47CA,糖友段,23.71,非都市：鄉村區 ; 非都市編定：乙種建築用地
RPPRMLTJQHNFFBN37CA,糖友段,20.58,非都市：鄉村區 ; 非都市編定：乙種建築用地
RPOPMLLJQHNFFBN88CA,線興段,4340.27,非都市：工業區 ; 非都市編定：丁種建築用地
RPOPMLLJQHNFFBN88CA,線興段,4340.30,非都市：工業區 ; 非都市編定：丁種建築用地
RPOPMLLJQHNFFBN88CA,線興段,282.76,非都市：工業區 ; 非都市編定：丁種建築用地
RPVOMLOKQHNFFBN27CA,糖友段,29.47,非都市：鄉村區 ; 非都市編定：乙種建築用地
RPPNMLRJQHNFFBN76CA,伸榮段,70.00,都市：商
RPTOMLPKQHNFFBN17CA,全興段,418.32,非都市：工業區 ; 非都市編定：丁種建築用地
RPRPMLNLQHNFFAN86CA,牛稠子段下小段,280.00,都市：住
RPXOMLLJQHNFFBN07CA,嘉安段,179.84,都市：工
RPQNMLNJQHNFFCN56CA,福安段,2961.07,非都市：一般農業區 ; 非都市編定：農牧用地
RPSNMLLMPHNFFCN76CA,永安段,87.00,都市：住
RPROMLNKQHNFFAN66CA,中山段,28.24,都市：住
RPPNMLPKQHNFFAN56CA,大德段,87.29,非都市：山坡地保育區 ; 非都市編定：農牧用地
RPPNMLKKQHNFFAN68CA,溪頭段,75.40,非都市：特定農業區 ; 非都市編定：甲種建築用地
RPPNMLKKQHNFFAN68CA,溪頭段,18.01,非都市：特定農業區 ; 非都市編定：甲種建築用地
RPPNMLLLQHNFFBN98CA,大雅段,55.50,非都市：特定農業區 ; 非都市編定：甲種建築用地
RPPNMLLLQHNFFBN98CA,大雅段,55.50,非都市：特定農業區 ; 非都市編定：甲種建築用地
RPRNMLNLQHNFFBN76CA,大霞段,1767.00,非都市：特定農業區 ; 非都市編定：農牧用地
RPXOMLNKQHNFFAN27CA,西門口段,22.80,都市：住
RPTNMLNKQHNFFAN76CA,平和段,92.37,都市：住
RPTNMLNKQHNFFAN76CA,平和段,21.85,都市：住
RPVNMLPKQHNFFAN17CA,南口段,83.24,都市：農
RPVNMLPKQHNFFAN17CA,南口段,22.29,都市：農
RPVNMLPKQHNFFAN17CA,南口段,.85,都市：農
RPQNMLRKQHNFFAN86CA,牛稠子段牛稠子小段,3.41,都市：住
RPQNMLRKQHNFFAN86CA,牛稠子段牛稠子小段,28.57,都市：住
RPPOMLNJQHNFFAN98CA,大埔段,58.80,都市：其他
RPPOMLLJQHNFFAN78CA,新縣庄段,3.43,非都市：特定農業區 ; 非都市編定：農牧用地
RPPOMLLJQHNFFAN78CA,新縣庄段,14.93,非都市：鄉村區 ; 非都市編定：乙種建築用地
RPPOMLLJQHNFFAN78CA,新縣庄段,22.20,非都市：特定農業區 ; 非都市編定：農牧用地
RPPOMLLJQHNFFAN78CA,新縣庄段,20.46,非都市：特定農業區 ; 非都市編定：農牧用地
RPXNMLLMPHNFFAN07CA,莿桐段,74.00,都市：住
RPSOMLKMPHNFFAN56CA,福田段,44.99,非都市：山坡地保育區 ; 非都市編定：農牧用地
RPTNMLLJQHNFFAN09CA,南興段,24.00,都市：住
RPPOMLSKQHNFFBN07CA,伸光段,48.00,都市：住
RPPOMLSKQHNFFBN07CA,伸光段,1.28,都市：住
RPPOMLSKQHNFFBN07CA,伸光段,6.00,都市：住
RPPOMLSKQHNFFBN07CA,伸光段,1.38,都市：住
RPPOMLSKQHNFFBN07CA,伸光段,13.00,都市：住
RPPOMLSKQHNFFBN07CA,伸光段,4.67,都市：商
RPPOMLSKQHNFFBN07CA,伸光段,.53,都市：住
RPXOMLKMPHNFFAN07CA,西勢子段西勢子小段,24.74,都市：住
RPXOMLKMPHNFFAN07CA,西勢子段西勢子小段,.87,都市：住
RPXOMLKMPHNFFAN07CA,西勢子段西勢子小段,.98,都市：住
RPTOMLKKQHNFFAN56CA,大埔段,84.00,都市：住
RPWOMLMJQHNFFAN96CA,西興段,2189.00,非都市：特定農業區 ; 非都市編定：農牧用地
RPTNMLMJQHNFFAN56CA,延和段,35.25,非都市：特定農業區 ; 非都市編定：甲種建築用地
RPTNMLMJQHNFFAN56CA,延和段,6.75,非都市：特定農業區 ; 非都市編定：甲種建築用地
RPTNMLMJQHNFFAN56CA,延和段,686.00,非都市：特定農業區 ; 非都市編定：甲種建築用地
RPROMLMJQHNFFAN09CA,新東興段,13351.75,都市：工
RPROMLMJQHNFFAN09CA,新東興段,4450.58,都市：工
RPROMLMJQHNFFAN09CA,新東興段,4450.58,都市：工
RPTNMLNJQHNFFAN66CA,西勢子段西勢子小段,13.71,都市：住
RPSNMLLJQHNFFAN98CA,中華段,41.00,都市：商
RPXNMLKLQHNFFAN96CA,竹中段,7.48,非都市：鄉村區 ; 非都市編定：乙種建築用地
RPWNMLQKQHNFFAN37CA,金興段,77.50,非都市：特定農業區 ; 非都市編定：農牧用地
RPOOMLLJQHNFFAN68CA,新中庄段,14.82,非都市：特定農業區 ; 非都市編定：交通用地
RPOOMLLJQHNFFAN68CA,新中庄段,19.69,非都市：鄉村區 ; 非都市編定：乙種建築用地
RPOOMLLJQHNFFAN68CA,新金墩段,6.47,非都市：特定農業區 ; 非都市編定：農牧用地
RPPOMLKLQHNFFAN88CA,竹中段,67.28,非都市：鄉村區 ; 非都市編定：乙種建築用地
RPPOMLKLQHNFFAN88CA,竹中段,301.14,非都市：鄉村區 ; 非都市編定：乙種建築用地
RPOOMLKLQHNFFAN78CA,竹中段,1.41,非都市：鄉村區 ; 非都市編定：乙種建築用地
RPWNMLLJQHNFFAN76CA,中華段,1.47,都市：商
RPWNMLLJQHNFFAN76CA,中華段,1.50,都市：商
RPWNMLLJQHNFFAN76CA,中華段,2.12,都市：商
RPWNMLPKQHNFFDN57CA,橋愛段,207.76,都市：住
RPXNMLLJQHNFFAN86CA,中華段,1.72,都市：商
RPXNMLLJQHNFFAN86CA,中華段,1.19,都市：商
RPXNMLLJQHNFFAN86CA,中華段,1.22,都市：商
RPQOMLLJQHNFFAN88CA,福竹段,96.64,非都市：鄉村區 ; 非都市編定：乙種建築用地
RPQOMLLJQHNFFAN88CA,福竹段,81.14,非都市：鄉村區 ; 非都市編定：乙種建築用地
RPRNMLMJQHNFFEN76CA,崁頂段,117.66,非都市：鄉村區 ; 非都市編定：乙種建築用地
RPWNMLSLQHNFFAN67CA,延和段,17.25,都市：住
RPSNMLMJQHNFFDN76CA,江夏段,81.59,非都市：鄉村區 ; 非都市編定：乙種建築用地
RPRNMLQKQHNFFEN27CA,新過圳段,22.57,非都市：鄉村區 ; 非都市編定：乙種建築用地
RPTNMLLJQHNFFEN86CA,新卓乃潭段,2846.75,非都市：特定農業區 ; 非都市編定：農牧用地
RPSNMLRJQHNFFFN47CA,饒平厝段,2405.00,非都市：特定農業區 ; 非都市編定：農牧用地
RPWNMLNJQHNFFFN47CA,崙南段,223.84,都市：其他
RPXNMLNJQHNFFFN57CA,稻香段,183.76,非都市：鄉村區 ; 非都市編定：乙種建築用地
RPPNMLNJQHNFFHN96CA,東榮段,1679.00,非都市：特定農業區 ; 非都市編定：農牧用地
RPQNMLMJQHNFFEN66CA,文武段,159.49,非都市：鄉村區 ; 非都市編定：乙種建築用地
RPQNMLMJQHNFFEN66CA,文武段,92.46,非都市：山坡地保育區 ; 非都市編定：丙種建築用地
RPQNMLMJQHNFFEN66CA,文武段,22.90,非都市：鄉村區 ; 非都市編定：乙種建築用地
RPQNMLMJQHNFFEN66CA,文武段,10.24,非都市：鄉村區 ; 非都市編定：乙種建築用地
RPSNMLSJQHNFFAN17DA,大埔段,1.25,都市：住
RPSNMLLJQHNFFFN96DA,新豐段,28.80,非都市：鄉村區 ; 非都市編定：乙種建築用地
RPSNMLLJQHNFFFN96DA,新豐段,37.60,非都市：鄉村區 ; 非都市編定：乙種建築用地
RPSNMLMLQHNFFDN96CA,美港段,131.83,非都市：特定農業區 ; 非都市編定：農牧用地
RPSNMLMLQHNFFDN96CA,美港段,131.83,非都市：特定農業區 ; 非都市編定：農牧用地
RPSNMLMLQHNFFDN96CA,美港段,131.75,非都市：特定農業區 ; 非都市編定：農牧用地
RPSNMLMLQHNFFDN96CA,美港段,658.76,非都市：特定農業區 ; 非都市編定：農牧用地
RPSNMLMLQHNFFDN96CA,美港段,131.75,非都市：特定農業區 ; 非都市編定：農牧用地
RPSNMLMLQHNFFDN96CA,美港段,131.75,非都市：特定農業區 ; 非都市編定：農牧用地
RPSNMLMLQHNFFDN96CA,美港段,131.75,非都市：特定農業區 ; 非都市編定：農牧用地
RPSNMLMLQHNFFDN96CA,美港段,131.75,非都市：特定農業區 ; 非都市編定：農牧用地
RPSNMLMLQHNFFDN96CA,美港段,131.83,非都市：特定農業區 ; 非都市編定：農牧用地
RPSNMLMLQHNFFDN96CA,美港段,659.15,非都市：特定農業區 ; 非都市編定：農牧用地
RPSNMLMLQHNFFDN96CA,美港段,131.83,非都市：特定農業區 ; 非都市編定：農牧用地
RPSNMLMLQHNFFDN96CA,美港段,131.83,非都市：特定農業區 ; 非都市編定：農牧用地
RPSNMLMLQHNFFDN96CA,美港段,72.24,非都市：特定農業區 ; 非都市編定：農牧用地
RPSNMLMLQHNFFDN96CA,美港段,361.19,非都市：特定農業區 ; 非都市編定：農牧用地
RPSNMLMLQHNFFDN96CA,美港段,72.24,非都市：特定農業區 ; 非都市編定：農牧用地
RPSNMLMLQHNFFDN96CA,美港段,72.24,非都市：特定農業區 ; 非都市編定：農牧用地
RPSNMLMLQHNFFDN96CA,美港段,72.24,非都市：特定農業區 ; 非都市編定：農牧用地
RPSNMLMLQHNFFDN96CA,美港段,72.24,非都市：特定農業區 ; 非都市編定：農牧用地
RPSNMLMLQHNFFDN96CA,美港段,165.17,非都市：特定農業區 ; 非都市編定：農牧用地
RPSNMLMLQHNFFDN96CA,美港段,825.83,非都市：特定農業區 ; 非都市編定：農牧用地
RPSNMLMLQHNFFDN96CA,美港段,165.17,非都市：特定農業區 ; 非都市編定：農牧用地
RPSNMLMLQHNFFDN96CA,美港段,165.17,非都市：特定農業區 ; 非都市編定：農牧用地
RPSNMLMLQHNFFDN96CA,美港段,165.17,非都市：特定農業區 ; 非都市編定：農牧用地
RPSNMLMLQHNFFDN96CA,美港段,165.17,非都市：特定農業區 ; 非都市編定：農牧用地
RPSNMLMLQHNFFDN96CA,美港段,136.49,非都市：特定農業區 ; 非都市編定：農牧用地
RPSNMLMLQHNFFDN96CA,美港段,682.47,非都市：特定農業區 ; 非都市編定：農牧用地
RPSNMLMLQHNFFDN96CA,美港段,136.49,非都市：特定農業區 ; 非都市編定：農牧用地
RPSNMLMLQHNFFDN96CA,美港段,136.49,非都市：特定農業區 ; 非都市編定：農牧用地
RPSNMLMLQHNFFDN96CA,美港段,136.49,非都市：特定農業區 ; 非都市編定：農牧用地
RPSNMLMLQHNFFDN96CA,美港段,136.49,非都市：特定農業區 ; 非都市編定：農牧用地
RPQNMLTLQHNFFBN27CA,仁和段,121.00,都市：住
RPSNMLOJQHNFFBN76CA,重光段,2493.00,非都市：特定農業區 ; 非都市編定：農牧用地
RPPNMLLJQHNFFHN96EA,田中段,6.32,都市：農
RPUNMLLJQHNFFHN47EA,和平段,1194.00,非都市：特定農業區 ; 非都市編定：農牧用地
RPPNMLTLQHNFFFN67DA,福新段,17.06,非都市：鄉村區 ; 非都市編定：乙種建築用地
RPUNMLTLQHNFFFN18DA,福新段,17.06,非都市：鄉村區 ; 非都市編定：乙種建築用地
RPVNMLTLQHNFFFN28DA,福新段,17.06,非都市：鄉村區 ; 非都市編定：乙種建築用地
RPSNMLTLQHNFFFN97DA,福新段,17.06,非都市：鄉村區 ; 非都市編定：乙種建築用地
RPRNMLTLQHNFFFN87DA,福新段,17.06,非都市：鄉村區 ; 非都市編定：乙種建築用地
RPQNMLTLQHNFFFN77DA,福新段,17.06,非都市：鄉村區 ; 非都市編定：乙種建築用地
RPQNMLLJQHNFFAN88DA,延平段,84.00,都市：住
RPRNMLPKQHNFFHN47CA,瓦窯南段,328.14,非都市：鄉村區 ; 非都市編定：乙種建築用地
RPRNMLPKQHNFFHN47CA,瓦窯南段,57.60,非都市：鄉村區 ; 非都市編定：乙種建築用地
RPRNMLPKQHNFFHN47CA,瓦窯南段,136.98,非都市：鄉村區 ; 非都市編定：乙種建築用地
RPRNMLPKQHNFFHN47CA,瓦窯南段,403.52,非都市：鄉村區 ; 非都市編定：乙種建築用地
