﻿鄉鎮市區,交易標的,土地區段位置/建物區段門牌,土地移轉總面積(平方公尺),都市土地使用分區,非都市土地使用分區,非都市土地使用編定,交易年月日,交易筆棟數,移轉層次,總樓層數,建物型態,主要用途,主要建材,建築完成年月,建物移轉總面積(平方公尺),建物現況格局-房,建物現況格局-廳,建物現況格局-衛,建物現況格局-隔間,有無管理組織,總價(元),單價(元/平方公尺),車位類別,車位移轉總面積(平方公尺),車位總價(元),備註,編號
The villages and towns urban district,transaction sign,land sector position/building sector house number plate,land shifting total area (square meter),the use zoning or compiles and checks,the non-metropolis land use district,non-metropolis land use,transaction year, month and day,transaction pen number,shifting level,total floor number,building state,main use,main building materials,construction to complete the years,building shifting total area,Building present situation pattern - room,building present situation pattern - hall,building present situation pattern - health,building present situation pattern - compartmented,Whether there is manages the organization,total price (Yuan),the unit price (a Yuan/square meter),the berth category,berth shifting total area (square meter),the berth total price (Yuan),the note,serial number
秀水鄉,房地(土地+建物),彰化縣秀水鄉通鹿巷1~30號,125.32,住,,,1070622,土地3建物1車位0,全,三層,透天厝,住家用,鋼筋混凝土造,0960307,153.51,4,2,3,有,無,7000000,45600,,0.0,0,,RPQNMLQLPHNFFAN76CA
彰化市,房地(土地+建物),彰化縣彰化市公園路二段61~90號,5.24,住,,,1070622,土地2建物1車位0,七層,八層,華廈(10層含以下有電梯),住家用,鋼筋混凝土造,0840318,31.89,1,1,1,有,有,1210000,37943,,0.0,0,,RPVNMLKMPHNFFAN76CA
彰化市,土地,南郭段南郭小段1~30地號,228.0,住,,,1070610,土地1建物0車位0,,,其他,,,,0.0,0,0,0,有,無,17300000,75877,,0.0,0,,RPXNMLKMPHNFFAN96CA
彰化市,房地(土地+建物),彰化縣彰化市三民路91~120號,6.72,商,,,1070607,土地1建物1車位0,十四層,十四層,住宅大樓(11層含以上有電梯),住家用,鋼筋混凝土造,0901109,88.11,3,2,2,有,有,3980000,45171,,0.0,0,,RPOOMLKMPHNFFAN78CA
花壇鄉,房地(土地+建物),彰化縣花壇鄉中北街22巷1~30號,117.73,住,,,1070604,土地2建物1車位0,全,三層,透天厝,見其他登記事項,鋼筋混凝土造,1070430,196.36,3,2,2,有,無,13000000,66205,,0.0,0,,RPQNMLQJQHNFFAN66CA
秀水鄉,房地(土地+建物),彰化縣秀水鄉瓦瑤街138巷1~30號,150.0,住,,,1070629,土地1建物1車位0,全,三層,透天厝,住家用,鋼筋混凝土造,0790416,162.83,4,2,3,有,無,8380000,51465,,0.0,0,,RPUOMLNJQHNFFAN86CA
和美鎮,房地(土地+建物),彰化縣和美鎮忠孝路327巷1~30號,79.0,住,,,1070627,土地1建物1車位0,全,三層,透天厝,住家用,鋼筋混凝土造,0990924,174.91,4,3,3,有,無,12800000,73180,,0.0,0,,RPPNMLOLPHNFFBN56CA
和美鎮,土地,福馬段631~660地號,2351.82,,特定專用區,農牧用地,1070710,土地2建物0車位0,,,其他,,,,0.0,0,0,0,有,無,34148000,14520,,0.0,0,,RPTNMLOLPHNFFBN96CA
和美鎮,土地,大嘉段1561~1590地號,2387.0,,特定農業區,農牧用地,1070625,土地1建物0車位0,,,其他,,,,0.0,0,0,0,有,無,18050000,7562,,0.0,0,,RPSNMLKMPHNFFBN56CA
和美鎮,土地,大嘉段1561~1590地號,2387.0,,特定農業區,農牧用地,1070625,土地1建物0車位0,,,其他,,,,0.0,0,0,0,有,無,18050000,7562,,0.0,0,,RPTNMLKMPHNFFBN66CA
伸港鄉,房地(土地+建物)+車位,彰化縣伸港鄉中興五街181巷1~30號,134.72,住,,,1070612,土地2建物1車位1,全,四層,透天厝,見其他登記事項,鋼筋混凝土造,1040519,228.96,4,3,5,有,有,8800000,38435,一樓平面,0.0,0,親友、員工或其他特殊關係間之交易。;含增建或未登記建物。;,RPQNMLLMPHNFFBN09CA
伸港鄉,房地(土地+建物),彰化縣伸港鄉中華路959巷151~180號,1937.92,,特定農業區,農牧用地,1070704,土地1建物1車位0,一層,一層,其他,見其他登記事項,見其他登記事項,1020627,20.0,0,0,0,無,無,21800000,1090000,,0.0,0,含增建或未登記建物。;,RPRNMLLJQHNFFBN98CA
和美鎮,房地(土地+建物),彰化縣和美鎮柑竹路331巷15弄1~30號,74.14,,鄉村區,乙種建築用地,1070614,土地3建物1車位0,全,三層,透天厝,住家用,鋼筋混凝土造,1070205,162.75,4,2,3,有,無,7600000,46697,,0.0,0,,RPWNMLLJQHNFFBN86CA
和美鎮,房地(土地+建物),彰化縣和美鎮柑竹路331巷15弄1~30號,78.79,,鄉村區,乙種建築用地,1070614,土地3建物1車位0,全,三層,透天厝,住家用,鋼筋混凝土造,1070205,162.75,4,2,3,有,無,7600000,46697,,0.0,0,,RPXNMLLJQHNFFBN96CA
和美鎮,房地(土地+建物),彰化縣和美鎮柑竹路331巷15弄1~30號,83.35,,鄉村區,乙種建築用地,1070614,土地3建物1車位0,全,三層,透天厝,住家用,鋼筋混凝土造,1070205,162.75,4,2,3,有,無,7800000,47926,,0.0,0,,RPOOMLLJQHNFFBN78CA
和美鎮,房地(土地+建物),彰化縣和美鎮柑竹路331巷15弄1~30號,77.3,,鄉村區,乙種建築用地,1070614,土地4建物1車位0,全,三層,透天厝,住家用,鋼筋混凝土造,1070205,162.75,4,2,3,有,無,7700000,47312,,0.0,0,,RPSOMLLJQHNFFBN56CA
和美鎮,房地(土地+建物),彰化縣和美鎮平安路181~210號,30.0,住,,,1070627,土地1建物1車位0,三層,五層,公寓(5樓含以下無電梯),住家用,鋼筋混凝土造,0821117,115.68,3,2,1,有,無,3000000,25934,,0.0,0,,RPUNMLMJQHNFFBN76CA
線西鄉,房地(土地+建物),彰化縣線西鄉沿海路二段285巷15弄1~30號,61.3,住,,,1070601,土地2建物1車位0,全,三層,透天厝,見其他登記事項,鋼筋混凝土造,1070314,126.11,4,2,4,有,無,5580000,44247,,0.0,0,,RPOOMLPKQHNFFBN66CA
線西鄉,房地(土地+建物),彰化縣線西鄉沿海路二段285巷15弄1~30號,62.71,住,,,1070601,土地2建物1車位0,全,三層,透天厝,見其他登記事項,鋼筋混凝土造,1070314,126.11,4,2,4,有,無,5350000,42423,,0.0,0,,RPPOMLPKQHNFFBN76CA
線西鄉,房地(土地+建物),彰化縣線西鄉沿海路二段285巷15弄1~30號,77.76,住,,,1070601,土地2建物1車位0,全,三層,透天厝,見其他登記事項,鋼筋混凝土造,1070314,151.86,4,2,4,有,無,6300000,41486,,0.0,0,,RPQOMLPKQHNFFBN86CA
伸港鄉,房地(土地+建物),彰化縣伸港鄉中華路32巷2弄1~30號,83.85,住,,,1070628,土地6建物1車位0,全,四層,透天厝,見其他登記事項,鋼筋混凝土造,1061229,212.73,4,3,4,有,無,7600000,35726,,0.0,0,,RPTNMLSKQHNFFBN37CA
伸港鄉,房地(土地+建物),彰化縣伸港鄉中華路32巷2弄1~30號,75.85,住,,,1070628,土地6建物1車位0,全,四層,透天厝,見其他登記事項,鋼筋混凝土造,1061229,210.18,4,3,4,有,無,7600000,36159,,0.0,0,,RPUNMLSKQHNFFBN47CA
和美鎮,房地(土地+建物),彰化縣和美鎮源埤里南雷路257巷7弄1~30號,81.0,,特定農業區,甲種建築用地,1070515,土地1建物1車位0,全,二層,透天厝,住家用,鋼筋混凝土加強磚造,0690702,114.66,6,2,3,有,無,2800000,24420,,0.0,0,含增建或未登記建物。;,RPPNMLQKQHNFFBN76CA
鹿港鎮,土地,上林段241~270地號,5189.7,,工業區,丁種建築用地,1070604,土地4建物0車位0,,,其他,,,,0.0,0,0,0,有,無,90000000,17342,,0.0,0,,RPPNMLOLPHNFFCN66CA
福興鄉,土地,福園段1741~1770地號,171.34,,鄉村區,乙種建築用地,1070608,土地1建物0車位0,,,其他,,,,0.0,0,0,0,有,無,1560000,9105,,0.0,0,,RPRNMLQLPHNFFCN07CA
鹿港鎮,土地,鹿德段991~1020地號,2420.97,住,,,1070525,土地7建物0車位0,,,其他,,,,0.0,0,0,0,有,無,160529788,66308,,0.0,0,局部臨三民路。部分道路用地。,RPQNMLKMPHNFFCN09CA
鹿港鎮,土地,鹿和段1051~1080地號,160.38,住,,,1070525,土地2建物0車位0,,,其他,,,,0.0,0,0,0,有,無,31534717,196625,,0.0,0,1054地號臨三民路。,SPQNMLKMPHNFFCN56CA
福興鄉,房地(土地+建物),彰化縣福興鄉復興路31~60號,124.0,,鄉村區,乙種建築用地,1070120,土地5建物1車位0,全,四層,透天厝,見其他登記事項,鋼筋混凝土造,1070502,205.36,4,3,3,有,無,6500000,31652,,0.0,0,,RPSNMLLJQHNFFCN56CA
員林市,房地(土地+建物),彰化縣員林市日泰街35巷1~30號,74.39,住,,,1070614,土地4建物2車位0,全,四層,透天厝,見其他登記事項,鋼筋混凝土造,1050516,200.55,5,2,3,有,無,12350000,61581,,0.0,0,,RPPOMLOLPHNFFDN86CA
大村鄉,土地,江夏段721~750地號,783.05,,特定農業區,農牧用地,1070623,土地2建物0車位0,,,其他,,,,0.0,0,0,0,有,無,5335000,6813,,0.0,0,,RPVNMLQLPHNFFDN57CA
大村鄉,土地,江夏段721~750地號,1566.1,,特定農業區,農牧用地,1070622,土地2建物0車位0,,,其他,,,,0.0,0,0,0,有,無,10670000,6813,,0.0,0,,RPPNMLRLPHNFFDN07CA
大村鄉,房地(土地+建物),彰化縣大村鄉慶安路181巷1~30號,90.13,,特定農業區,甲種建築用地,1070704,土地2建物1車位0,全,三層,透天厝,見其他登記事項,鋼筋混凝土造,1050824,178.24,4,3,3,有,無,8100000,45444,,0.0,0,,RPUOMLLJQHNFFDN96CA
員林市,房地(土地+建物),彰化縣員林市大同路二段91~120號,23.52,住,,,1070605,土地1建物1車位0,二層,五層,華廈(10層含以下有電梯),住家用,鋼筋混凝土造,0730522,101.72,2,2,1,有,無,3000000,29493,,0.0,0,,RPXNMLMJQHNFFDN27CA
員林市,房地(土地+建物),彰化縣員林市員鹿路103巷61~90號,56.67,住,,,1070705,土地1建物1車位0,全,二層,透天厝,住家用,鋼筋混凝土加強磚造,0640224,80.78,4,3,3,有,無,3700000,45803,,0.0,0,,RPSNMLNJQHNFFDN86CA
員林市,房地(土地+建物),彰化縣員林市中正路213巷1~30號,41.0,住,,,1070609,土地1建物1車位0,全,三層,透天厝,住家用,鋼筋混凝土造,0721214,60.9,4,2,3,有,無,3500000,57471,,0.0,0,,RPPNMLQJQHNFFDN86CA
田中鎮,土地,崁頂段631~660地號,11.63,,鄉村區,乙種建築用地,1070701,土地1建物0車位0,,,其他,,,,0.0,0,0,0,有,無,105542,9075,,0.0,0,畸零地或有合併使用之交易。;,RPPNMLQLPHNFFEN07CA
田中鎮,土地,崁頂段631~660地號,7.3,,鄉村區,乙種建築用地,1070701,土地1建物0車位0,,,其他,,,,0.0,0,0,0,有,無,66240,9074,,0.0,0,畸零地或有合併使用之交易。;,RPQNMLQLPHNFFEN17CA
田中鎮,土地,崁頂段631~660地號,6.01,,鄉村區,乙種建築用地,1070701,土地1建物0車位0,,,其他,,,,0.0,0,0,0,有,無,69084,11495,,0.0,0,畸零地或有合併使用之交易。;,RPRNMLQLPHNFFEN27CA
田中鎮,土地,崁頂段631~660地號,4.88,,鄉村區,乙種建築用地,1070701,土地1建物0車位0,,,其他,,,,0.0,0,0,0,有,無,56088,11493,,0.0,0,畸零地或有合併使用之交易。;,RPSNMLQLPHNFFEN37CA
田中鎮,土地,崁頂段631~660地號,3.87,,鄉村區,乙種建築用地,1070701,土地1建物0車位0,,,其他,,,,0.0,0,0,0,有,無,44485,11495,,0.0,0,畸零地或有合併使用之交易。;,RPTNMLQLPHNFFEN47CA
田中鎮,土地,崁頂段631~660地號,3.07,,鄉村區,乙種建築用地,1070701,土地1建物0車位0,,,其他,,,,0.0,0,0,0,有,無,35289,11495,,0.0,0,畸零地或有合併使用之交易。;,RPUNMLQLPHNFFEN57CA
田中鎮,土地,中央段691~720地號,353.86,住,,,1070626,土地1建物0車位0,,,其他,,,,0.0,0,0,0,有,無,15500000,43803,,0.0,0,,RPQNMLTJQHNFFEN37CA
田中鎮,房地(土地+建物),彰化縣田中鎮斗中路一段111巷1~30號,95.15,住,,,1070702,土地1建物1車位0,全,四層,透天厝,住家用,鋼筋混凝土造,0960327,201.8,5,2,4,有,無,7760000,38454,,0.0,0,含增建或未登記建物。;,RPRNMLLLQHNFFEN86CA
溪州鄉,房地(土地+建物),彰化縣溪州鄉庄南巷1~30號,335.78,,鄉村區,乙種建築用地,1070614,土地3建物1車位0,全,二層,透天厝,住家用,加強磚造,0650516,137.24,6,3,3,有,無,3000000,21860,,0.0,0,,RPPNMLQLPHNFFFN17CA
埤頭鄉,房地(土地+建物),彰化縣埤頭鄉東西路1~30號,108.12,住,,,1070706,土地1建物1車位0,全,四層,透天厝,住宅,鋼筋混凝土造,1060303,213.1,3,2,2,有,無,8220000,38573,,0.0,0,,RPRNMLQLPHNFFFN37CA
埤頭鄉,土地,東和段241~270地號,1301.0,,特定農業區,農牧用地,1070709,土地1建物0車位0,,,其他,,,,0.0,0,0,0,有,無,2660000,2045,,0.0,0,,RPSNMLMJQHNFFFN96CA
埤頭鄉,土地,山寮段211~240地號,20.31,,,,1070702,土地1建物0車位0,,,其他,,,,0.0,0,0,0,有,無,34527,1700,,0.0,0,,RPOOMLNJQHNFFFN76CA
埤頭鄉,土地,山寮段211~240地號,32.29,,,,1070702,土地1建物0車位0,,,其他,,,,0.0,0,0,0,有,無,54893,1700,,0.0,0,,RPPOMLNJQHNFFFN86CA
埔鹽鄉,土地,永興段961~990地號,1820.0,,特定農業區,農牧用地,1070703,土地1建物0車位0,,,其他,,,,0.0,0,0,0,有,無,3931200,2160,,0.0,0,,RPSNMLPLPHNFFHN57CA
彰化市,房地(土地+建物),彰化縣彰化市精誠路151~180號,77.0,住,,,1070512,土地1建物1車位0,全,三層,透天厝,住商用,鋼筋混凝土造,0700909,143.25,3,1,3,有,無,2833667,19781,,0.0,0,親友、員工或其他特殊關係間之交易。;,RPWOMLOLPHNFFAN37DA
彰化市,土地,中山段181~210地號,35.5,住,,,1070601,土地6建物0車位0,,,其他,,,,0.0,0,0,0,有,無,2631750,74134,,0.0,0,,RPUNMLKMPHNFFAN76DA
彰化市,房地(土地+建物),彰化縣彰化市崙平南路248巷31~60號,93.8,住,,,1070621,土地1建物1車位0,全,四層,透天厝,見其他登記事項,鋼筋混凝土造,0840907,257.88,4,1,2,有,無,8900000,34512,,0.0,0,親友、員工或其他特殊關係間之交易。;,RPSOMLMJQHNFFAN66DA
田尾鄉,土地,三豐段961~990地號,1299.33,,特定農業區,農牧用地,1070703,土地1建物0車位0,,,其他,,,,0.0,0,0,0,有,無,4000000,3079,,0.0,0,親友、員工或其他特殊關係間之交易。;,RPWNMLNLPHNFFFN67DA
北斗鎮,土地,三民段31~60地號,132.0,住,,,1070710,土地1建物0車位0,,,其他,,,,0.0,0,0,0,有,無,5476899,41492,,0.0,0,,RPPNMLOLPHNFFFN07DA
二水鄉,土地,裕民段901~930地號,35.3,住,,,1070613,土地1建物0車位0,,,其他,,,,0.0,0,0,0,有,無,661169,18730,,0.0,0,向政府機關承購之案件。;,RPPNMLRLPHNFFEN27DA
田中鎮,土地,高鐵段841~870地號,211.98,住,,,1070709,土地1建物0車位0,,,其他,,,,0.0,0,0,0,有,無,5843865,27568,,0.0,0,向政府機關承購之案件。;,RPSNMLQKQHNFFEN47DA
埔心鄉,房地(土地+建物),彰化縣埔心鄉瓦中街121~150號,133.05,住,,,1070623,土地1建物1車位0,全,三層,透天厝,見其他登記事項,鋼筋混凝土造,1060525,248.29,6,2,3,有,無,15180000,61138,,0.0,0,,RPQNMLSJQHNFFHN57CA
埔心鄉,土地,霖鳳段781~810地號,2.62,其他,,,1070709,土地1建物0車位0,,,其他,,,,0.0,0,0,0,有,無,20213,7715,,0.0,0,(包含)公共設施保留地之交易。;,RPQNMLQLPHNFFHN47CA
溪州鄉,土地,復興段361~390地號,101.66,住,,,1070619,土地3建物0車位0,,,其他,,,,0.0,0,0,0,有,無,2340000,23018,,0.0,0,向政府機關承購之案件。;,RPTNMLOKQHNFFFN37CA
埔心鄉,土地,霖鳳段781~810地號,7.65,其他,,,1070709,土地1建物0車位0,,,其他,,,,0.0,0,0,0,有,無,58886,7698,,0.0,0,(包含)公共設施保留地之交易。;,RPQNMLPLPHNFFHN37CA
埔鹽鄉,土地,光明段961~990地號,1040.0,工,,,1070615,土地11建物0車位0,,,其他,,,,0.0,0,0,0,有,無,28314000,27225,,0.0,0,,RPSNMLMJQHNFFHN17CA
社頭鄉,土地,新山清段241~270地號,940.75,,鄉村區,乙種建築用地,1070511,土地2建物0車位0,,,其他,,,,0.0,0,0,0,有,無,2845800,3025,,0.0,0,親友、員工或其他特殊關係間之交易。;本案買賣土地由買方負擔土地增值稅838252元。,RPSNMLNJQHNFFEN96CA
社頭鄉,土地,山腳段1651~1680地號,246.67,,鄉村區,乙種建築用地,1070629,土地3建物0車位0,,,其他,,,,0.0,0,0,0,有,無,4500000,18243,,0.0,0,,RPTOMLQLPHNFFEN57CA
員林市,房地(土地+建物),彰化縣員林市南平西街86巷1~30號,8.21,住,,,1070703,土地1建物1車位0,六層,六層,套房(1房1廳1衛),住家用,鋼筋混凝土造,0810106,40.56,1,1,1,有,無,1300000,32051,,0.0,0,,RPPNMLOKQHNFFDN76CA
大村鄉,房地(土地+建物),彰化縣大村鄉山腳路31~60號,44.2,,鄉村區,乙種建築用地,1070703,土地2建物2車位0,二層，機械房,七層,華廈(10層含以下有電梯),住家用,鋼筋混凝土造,0970403,199.47,8,0,8,有,無,6300000,31584,,0.0,0,,RPOOMLMJQHNFFDN09CA
員林市,房地(土地+建物)+車位,彰化縣員林市員林大道五段181~210號,19.95,住,,,1070615,土地1建物1車位1,二層,十五層,住宅大樓(11層含以上有電梯),見其他登記事項,鋼筋混凝土造,1070103,148.69,3,2,2,有,有,7500000,49617,坡道平面,15.67,900000,,RPXNMLKMPHNFFDN27CA
鹿港鎮,土地,振興段1291~1320地號,72.0,,鄉村區,乙種建築用地,1070703,土地1建物0車位0,,,其他,,,,0.0,0,0,0,有,無,1524600,21175,,0.0,0,,RPQNMLLLQHNFFCN56CA
鹿港鎮,房地(土地+建物),彰化縣鹿港鎮天祥街1~30號,59.36,商,,,1070629,土地1建物1車位0,全,二層,透天厝,住商用,加強磚造,0680630,89.1,4,3,4,有,無,5120000,57464,,0.0,0,,RPSNMLOKQHNFFCN96CA
鹿港鎮,土地,永福段571~600地號,108.0,住,,,1070610,土地1建物0車位0,,,其他,,,,0.0,0,0,0,有,無,7150000,66204,,0.0,0,,RPVNMLLJQHNFFCN86CA
鹿港鎮,土地,東昇段181~210地號,213.51,,特定農業區,甲種建築用地,1070626,土地5建物0車位0,,,其他,,,,0.0,0,0,0,有,無,4521111,21175,,0.0,0,,RPRNMLKMPHNFFCN56CA
福興鄉,土地,文昌段1771~1800地號,446.0,,鄉村區,乙種建築用地,1070702,土地1建物0車位0,,,其他,,,,0.0,0,0,0,有,無,6543377,14671,,0.0,0,,RPUNMLQLPHNFFCN37CA
鹿港鎮,土地,鹽埔段1~30地號,2237.07,,一般農業區,養殖用地,1070711,土地3建物0車位0,,,其他,,,,0.0,0,0,0,有,無,4812000,2151,,0.0,0,,RPQNMLPLPHNFFCN86CA
鹿港鎮,土地,鹿昇段961~990地號,4657.91,,特定農業區,農牧用地,1070706,土地1建物0車位0,,,其他,,,,0.0,0,0,0,有,無,25618000,5500,,0.0,0,,RPRNMLPLPHNFFCN96CA
福興鄉,土地,新生段1651~1680地號,44.0,住,,,1070707,土地1建物0車位0,,,其他,,,,0.0,0,0,0,有,無,1144660,26015,,0.0,0,,RPSNMLPLPHNFFCN07CA
伸港鄉,土地,新興段181~210地號,103.05,,一般農業區,交通用地,1070613,土地1建物0車位0,,,其他,,,,0.0,0,0,0,有,無,778028,7550,,0.0,0,向政府機關承購之案件。;,RPSNMLKLQHNFFBN56CA
和美鎮,土地,柑竹段121~150地號,45.54,,特定農業區,農牧用地,1070614,土地1建物0車位0,,,其他,,,,0.0,0,0,0,有,無,600000,13175,,0.0,0,,RPUOMLLJQHNFFBN76CA
和美鎮,房地(土地+建物),彰化縣和美鎮柑竹路331巷15弄1~30號,74.63,,鄉村區,乙種建築用地,1070614,土地3建物1車位0,全,三層,透天厝,見其他登記事項,鋼筋混凝土造,1070205,163.58,4,2,3,有,無,7600000,46460,,0.0,0,,RPVOMLLJQHNFFBN86CA
和美鎮,土地,柑竹段121~150地號,15.43,,特定農業區,農牧用地,1070614,土地1建物0車位0,,,其他,,,,0.0,0,0,0,有,無,200000,12962,,0.0,0,,RPWOMLLJQHNFFBN96CA
和美鎮,房地(土地+建物),彰化縣和美鎮柑竹路331巷15弄1~30號,74.55,,鄉村區,乙種建築用地,1070614,土地4建物1車位0,全,三層,透天厝,見其他登記事項,鋼筋混凝土造,1070205,163.58,4,2,3,有,無,7500000,45849,,0.0,0,,RPPOMLLJQHNFFBN88CA
和美鎮,房地(土地+建物),彰化縣和美鎮柑竹路331巷15弄1~30號,74.49,,鄉村區,乙種建築用地,1070614,土地3建物1車位0,全,三層,透天厝,見其他登記事項,鋼筋混凝土造,1070205,163.58,4,2,3,有,無,7880000,48172,,0.0,0,,RPQOMLLJQHNFFBN98CA
和美鎮,房地(土地+建物),彰化縣和美鎮柑竹路331巷15弄1~30號,82.75,,鄉村區,乙種建築用地,1070614,土地4建物1車位0,全,三層,透天厝,住家用,鋼筋混凝土造,1070205,163.54,4,2,3,有,無,7500000,45860,,0.0,0,,RPROMLLJQHNFFBN09CA
和美鎮,房地(土地+建物),彰化縣和美鎮彰新路三段636巷1~30號,398.58,,特定農業區,丁種建築用地,1070622,土地1建物1車位0,一層，二層,二層,工廠,工業用,見其他登記事項,0840502,344.54,1,1,1,有,無,14500000,,,0.0,0,,RPTNMLSJQHNFFBN27CA
和美鎮,房地(土地+建物),彰化縣和美鎮柑竹路331巷15弄1~30號,93.87,,鄉村區,乙種建築用地,1070614,土地3建物1車位0,全,三層,透天厝,住家用,鋼筋混凝土造,1070205,162.58,4,2,3,有,無,8200000,50437,,0.0,0,,RPPSMLOKQHNFFBN07CA
和美鎮,土地,柑竹段601~630地號,792.81,,鄉村區,乙種建築用地,1070620,土地2建物0車位0,,,其他,,,,0.0,0,0,0,有,無,17500000,22073,,0.0,0,增值稅1304650由買方負擔,RPPNMLPLPHNFFBN66CA
彰化市,房地(土地+建物)+車位,彰化縣彰化市金馬路三段646巷31~60號,23.93,住,,,1070623,土地1建物1車位1,六層,十層,華廈(10層含以下有電梯),住家用,鋼筋混凝土造,0820927,129.27,3,2,2,有,有,4100000,31717,坡道機械,0.0,0,,RPRNMLNKQHNFFAN56CA
彰化市,房地(土地+建物),彰化縣彰化市延平路221巷28弄1~30號,23.19,住,,,1070604,土地1建物1車位0,六層,七層,華廈(10層含以下有電梯),住家用,鋼筋混凝土造,0820513,119.91,3,2,2,有,有,4050000,33775,,0.0,0,,RPSNMLOKQHNFFAN76CA
彰化市,房地(土地+建物),彰化縣彰化市安溪路328巷121~150號,113.24,,山坡地保育區,丙種建築用地,1070627,土地2建物1車位0,全,四層,透天厝,見其他登記事項,鋼筋混凝土造,0950728,144.76,3,2,4,有,有,6200000,42830,,0.0,0,,RPWNMLKMPHNFFAN86CA
彰化市,房地(土地+建物),彰化縣彰化市南興街1巷51弄1~30號,63.0,住,,,1070705,土地1建物1車位0,全,二層,透天厝,住家用,加強磚造,0681226,96.72,6,2,2,有,無,5600000,57899,,0.0,0,,RPPOMLPLPHNFFAN66CA
芬園鄉,土地,溪頭段721~750地號,176.76,,特定農業區,農牧用地,1070704,土地1建物0車位0,,,其他,,,,0.0,0,0,0,有,無,350000,1980,,0.0,0,親友、員工或其他特殊關係間之交易。;不動產之共有人數為３人本申報書內容經權利人確認無誤 。,RPPNMLQLPHNFFAN66CA
鹿港鎮,房地(土地+建物),彰化縣鹿港鎮鹿草路二段634巷1~30號,80.56,,特定農業區,甲種建築用地,1070609,土地1建物1車位0,全,二層,透天厝,住商用,鋼筋混凝土加強磚造,0700112,117.68,4,2,2,有,無,3800000,32291,,0.0,0,含增建或未登記建物。;,RPPNMLSKPHNFFCN27CD
彰化市,房地(土地+建物),彰化縣彰化市崙平南路481~510號,22.69,住,,,1070620,土地1建物1車位0,八層,八層,華廈(10層含以下有電梯),住家用,鋼筋混凝土造,0860121,129.86,3,2,2,有,有,4620000,35577,,0.0,0,,RPRNMLQLPHNFFAN86CA
彰化市,房地(土地+建物),彰化縣彰化市實踐路76巷1~30號,56.0,住,,,1070629,土地1建物1車位0,全,一層,透天厝,住家用,鋼筋混凝土加強磚造,0591222,37.2,3,2,3,有,無,6200000,166667,,0.0,0,,RPPNMLKMPHNFFAN78CA
彰化市,土地,竹中段1021~1050地號,85.17,,鄉村區,乙種建築用地,1070709,土地3建物0車位0,,,其他,,,,0.0,0,0,0,有,無,3500000,41094,,0.0,0,,RPSNMLKMPHNFFAN09CA
秀水鄉,土地,馬鳴段781~810地號,300.0,,特定農業區,甲種建築用地,1061231,土地1建物0車位0,,,其他,,,,0.0,0,0,0,有,無,3450000,11500,,0.0,0,親友、員工或其他特殊關係間之交易。;,RPPOMLKMPHNFFAN88CA
秀水鄉,土地,馬鳴段781~810地號,233.0,,特定農業區,甲種建築用地,1070410,土地1建物0車位0,,,其他,,,,0.0,0,0,0,有,無,2679500,11500,,0.0,0,親友、員工或其他特殊關係間之交易。;,RPQOMLKMPHNFFAN98CA
彰化市,土地,福田段391~420地號,44.99,,山坡地保育區,農牧用地,1070712,土地1建物0車位0,,,其他,,,,0.0,0,0,0,有,無,272000,6046,,0.0,0,,RPROMLKMPHNFFAN09CA
秀水鄉,房地(土地+建物),彰化縣秀水鄉馬鳴路121~150號,78.0,,特定農業區,甲種建築用地,1070430,土地1建物1車位0,全,三層,透天厝,住家用,鋼筋混凝土造,0800123,158.4,4,2,2,有,無,5060000,31944,,0.0,0,二親等間買賣,RPPOMLOKQHNFFAN56CA
花壇鄉,土地,學前段721~750地號,122.67,住,,,1070605,土地1建物0車位0,,,其他,,,,0.0,0,0,0,有,無,7250000,59102,,0.0,0,親友、員工或其他特殊關係間之交易。;承買人共2人,RPTNMLPKQHNFFAN96CA
彰化市,房地(土地+建物),彰化縣彰化市安溪路328巷39弄1~30號,114.96,,山坡地保育區,丙種建築用地,1070704,土地2建物1車位0,全,四層,透天厝,見其他登記事項,鋼筋混凝土造,0950508,141.34,3,2,4,有,有,5700000,40328,,0.0,0,,RPVNMLNKQHNFFAN96CA
彰化市,房地(土地+建物),彰化縣彰化市平和十三街61~90號,119.67,住,,,1070716,土地3建物1車位0,全,四層,透天厝,見其他登記事項,鋼筋混凝土造,1061024,218.04,6,2,4,有,無,12600000,57788,,0.0,0,,RPUNMLOJQHNFFAN86CA
彰化市,房地(土地+建物),彰化縣彰化市崙美路240巷73弄1~30號,74.0,住,,,1070622,土地1建物1車位0,全,二層,透天厝,住家用,鋼筋混凝土加強磚造,0660331,86.4,4,3,2,有,無,4500000,52083,,0.0,0,,RPROMLQJQHNFFAN86CA
伸港鄉,土地,新興段691~720地號,1525.54,,一般農業區,農牧用地,1070705,土地1建物0車位0,,,其他,,,,0.0,0,0,0,有,無,4600000,3015,,0.0,0,,RPQNMLPLPHNFFBN76CA
伸港鄉,土地,新興段691~720地號,1186.94,,一般農業區,農牧用地,1070705,土地2建物0車位0,,,其他,,,,0.0,0,0,0,有,無,3600000,3033,,0.0,0,,RPRNMLPLPHNFFBN86CA
伸港鄉,房地(土地+建物)+車位,彰化縣伸港鄉和平路31~60號,19.74,住,,,1070710,土地1建物1車位1,四層,六層,華廈(10層含以下有電梯),住家用,鋼筋混凝土造,0840612,98.68,2,2,1,有,無,1500000,15201,升降機械,0.0,0,親友、員工或其他特殊關係間之交易。;,RPRNMLLMPHNFFBN56CA
和美鎮,房地(土地+建物),彰化縣和美鎮忠善路31~60號,22.09,住,,,1070707,土地1建物1車位0,四層,八層,華廈(10層含以下有電梯),住家用,鋼筋混凝土造,0850119,118.58,3,2,2,有,有,3800000,32046,,0.0,0,,RPPNMLLJQHNFFBN78CA
和美鎮,土地,嘉寶段1021~1050地號,1444.39,,一般農業區,農牧用地,1070710,土地2建物0車位0,,,其他,,,,0.0,0,0,0,有,無,7500000,5193,,0.0,0,,RPQSMLTJQHNFFBN57CA
伸港鄉,土地,伸同段361~390地號,1217.45,住,,,1070615,土地1建物0車位0,,,其他,,,,0.0,0,0,0,有,無,36400000,29899,,0.0,0,,RPWNMLKKQHNFFBN86CA
和美鎮,房地(土地+建物),彰化縣和美鎮菊東路61~90號,72.58,,特定農業區,甲種建築用地,1070622,土地1建物1車位0,全,四層,透天厝,住商用,鋼筋混凝土造,0980204,177.48,4,3,2,有,無,10650000,60007,,0.0,0,,RPXNMLKKQHNFFBN96CA
伸港鄉,房地(土地+建物),彰化縣伸港鄉定興村彰新路七段451~480號,543.01,,鄉村區,丁種建築用地,1070625,土地1建物1車位0,一層,一層,工廠,工業用,加強磚造,0670610,415.42,3,2,3,有,無,12003333,,,0.0,0,親友、員工或其他特殊關係間之交易。;含增建或未登記建物。;,RPQNMLOJQHNFFBN56CA
和美鎮,土地,大榮段1021~1050地號,161.0,,鄉村區,乙種建築用地,1070705,土地1建物0車位0,,,其他,,,,0.0,0,0,0,有,無,2922150,18150,,0.0,0,親友、員工或其他特殊關係間之交易。;增值稅由買方負擔,RPPNMLQJQHNFFBN66CA
和美鎮,土地,大榮段961~990地號,56.44,,鄉村區,乙種建築用地,1070705,土地3建物0車位0,,,其他,,,,0.0,0,0,0,有,無,1024360,18150,,0.0,0,,RPRNMLMJQHNFFBN09CA
線西鄉,房地(土地+建物),彰化縣線西鄉沿海路二段285巷1~30號,63.18,住,,,1070601,土地2建物1車位0,全,三層,透天厝,見其他登記事項,鋼筋混凝土造,1070314,131.0,4,2,3,有,無,5600000,42748,,0.0,0,,RPRNMLSKQHNFFBN17CA
伸港鄉,土地,伸股段151~180地號,1095.2,住,,,1070620,土地1建物0車位0,,,其他,,,,0.0,0,0,0,有,無,24681701,22536,,0.0,0,,RPOOMLSKQHNFFBN96CA
鹿港鎮,房地(土地+建物),彰化縣鹿港鎮南勢巷181~210號,1136.5,,一般農業區,農牧用地,1070711,土地1建物1車位0,全,一層,透天厝,農舍,見其他登記事項,0970428,94.4,2,2,1,有,無,3838450,40662,,0.0,0,親友、員工或其他特殊關係間之交易。;,RPQNMLRLPHNFFCN07CA
伸港鄉,土地,伸東段901~930地號,548.0,住,,,1070705,土地2建物0車位0,,,其他,,,,0.0,0,0,0,有,無,34880000,63650,,0.0,0,受債權債務影響或債務抵償之交易。;,RPPNMLKLQHNFFBN88CA
和美鎮,房地(土地+建物),彰化縣和美鎮孝德路61~90號,95.54,住,,,1070607,土地1建物1車位0,全,三層,透天厝,住家用,鋼筋混凝土造,0830413,150.41,4,2,5,有,無,8200000,54518,,0.0,0,含增建或未登記建物。;,RPRNMLKLQHNFFBN09CA
福興鄉,房地(土地+建物),彰化縣福興鄉復興路1~30號,80.81,,鄉村區,乙種建築用地,1070708,土地2建物1車位0,全,三層,透天厝,住家用,鋼筋混凝土造,0860106,124.33,3,2,3,有,無,2800000,22521,,0.0,0,,RPPNMLNJQHNFFCN09CA
福興鄉,房地(土地+建物),彰化縣福興鄉番婆街31~60號,97.76,,特定農業區,甲種建築用地,1070614,土地2建物1車位0,全,三層,透天厝,住家用,鋼筋混凝土造,0851202,140.45,4,3,3,有,無,5000000,35600,,0.0,0,,RPUNMLKLQHNFFCN86CA
鹿港鎮,土地,鹿盛段421~450地號,347.41,住,,,1070712,土地1建物0車位0,,,其他,,,,0.0,0,0,0,有,無,14187356,40838,,0.0,0,,RPRNMLLLQHNFFCN66CA
員林市,土地,三和段961~990地號,166.78,住,,,1070626,土地1建物0車位0,,,其他,,,,0.0,0,0,0,有,無,10750000,64456,,0.0,0,,RPTNMLPLPHNFFDN27CA
員林市,土地,新西東段481~510地號,297.86,,特定農業區,農牧用地,1070706,土地1建物0車位0,,,其他,,,,0.0,0,0,0,有,無,4950000,16619,,0.0,0,,RPUNMLPLPHNFFDN37CA
員林市,房地(土地+建物),彰化縣員林市條和街271~300號,153.99,住,,,1070626,土地1建物1車位0,全,五層,透天厝,見其他登記事項,鋼筋混凝土造,1040728,370.12,5,3,6,有,無,24200000,65384,,0.0,0,,RPTPMLRLPHNFFDN67CA
社頭鄉,房地(土地+建物),彰化縣社頭鄉仁愛三路89巷1~30號,87.39,住,,,1070630,土地2建物1車位0,全,二層,透天厝,住商用,鋼筋混凝土造,0751106,102.44,2,2,2,有,無,4310000,42073,,0.0,0,,RPRNMLKMPHNFFEN76CA
二水鄉,房地(土地+建物),彰化縣二水鄉員集路三段173巷1~30號,1942.4,工,,,1070629,土地6建物1車位0,一層,一層,工廠,見其他登記事項,鋼造,1000126,187.68,0,0,0,有,無,24000000,,,0.0,0,,RPSNMLLMPHNFFEN96CA
田中鎮,土地,新民段421~450地號,131.21,住,,,1070606,土地1建物0車位0,,,其他,,,,0.0,0,0,0,有,無,3651480,27829,,0.0,0,,RPOOMLQLPHNFFEN07CA
田中鎮,土地,新民段421~450地號,1.41,住,,,1070606,土地1建物0車位0,,,其他,,,,0.0,0,0,0,有,無,39560,28057,,0.0,0,,RPPOMLQLPHNFFEN17CA
田中鎮,土地,太平段31~60地號,30.37,,山坡地保育區,農牧用地,1070607,土地1建物0車位0,,,其他,,,,0.0,0,0,0,有,無,45000,1482,,0.0,0,畸零地或有合併使用之交易。;,RPQOMLQLPHNFFEN27CA
田中鎮,土地,三民段601~630地號,413.64,農,,,1070628,土地2建物0車位0,,,其他,,,,0.0,0,0,0,有,無,655000,1584,,0.0,0,,RPROMLQLPHNFFEN37CA
員林市,房地(土地+建物),彰化縣員林市員鹿路1~30號,3.82,商,,,1070702,土地1建物1車位0,九層,九層,套房(1房1廳1衛),住家用,鋼筋混凝土造,0870312,34.150000000000006,1,1,1,有,有,1700000,49780,,0.0,0,,RPWNMLQKQHNFFDN67CA
員林市,土地,豐年段1021~1050地號,102.36,住,,,1070430,土地1建物0車位0,,,其他,,,,0.0,0,0,0,有,無,6192000,60492,,0.0,0,,RPPNMLSKQHNFFDN17CA
員林市,土地,水源段361~390地號,89.67,住,,,1070616,土地1建物0車位0,,,其他,,,,0.0,0,0,0,有,無,2170400,24204,,0.0,0,,RPSNMLKLQHNFFDN76CA
員林市,土地,水源段361~390地號,90.24,住,,,1070616,土地1建物0車位0,,,其他,,,,0.0,0,0,0,有,無,2184000,24202,,0.0,0,,RPTNMLKLQHNFFDN86CA
二水鄉,土地,新十五段1651~1680地號,1703.61,,特定農業區,農牧用地,1070714,土地1建物0車位0,,,其他,,,,0.0,0,0,0,有,無,2420000,1421,,0.0,0,,RPRNMLQJQHNFFEN17CA
北斗鎮,房地(土地+建物),彰化縣北斗鎮文苑路二段123巷1~30號,89.0,住,,,1070626,土地1建物1車位0,全,二層,透天厝,住家用,鋼筋混凝土造,0741125,116.2,3,2,2,有,無,3800000,32702,,0.0,0,,RPQNMLKMPHNFFFN76CA
埔鹽鄉,土地,新永昌段811~840地號,205.54,住,,,1070706,土地2建物0車位0,,,其他,,,,0.0,0,0,0,有,無,2797000,13608,,0.0,0,,RPPNMLMJQHNFFHN86CA
埔鹽鄉,房地(土地+建物),彰化縣埔鹽鄉大新路2巷61~90號,83.0,,鄉村區,乙種建築用地,1070615,土地1建物1車位0,全,二層,透天厝,住家用,見其他登記事項,0700902,97.66,2,2,2,有,無,1450000,14847,,0.0,0,,RPSNMLRLPHNFFHN77CA
溪湖鎮,土地,田中段91~120地號,201.5,農,,,1070627,土地6建物0車位0,,,其他,,,,0.0,0,0,0,有,無,3050000,15136,,0.0,0,,RPUNMLRLPHNFFHN97CA
溪湖鎮,房地(土地+建物),彰化縣溪湖鎮北聖路61~90號,104.0,,鄉村區,乙種建築用地,1070710,土地1建物1車位0,全,三層,透天厝,見其他登記事項,鋼筋混凝土造,1070504,177.23,4,3,5,有,無,8500000,47960,,0.0,0,,RPVNMLRLPHNFFHN08CA
溪湖鎮,房地(土地+建物),彰化縣溪湖鎮北聖路61~90號,115.0,,鄉村區,乙種建築用地,1070710,土地1建物1車位0,全,四層,透天厝,住家用,鋼筋混凝土造,1070504,194.68,4,3,5,有,無,9000000,46230,,0.0,0,,RPWNMLRLPHNFFHN18CA
溪湖鎮,房地(土地+建物),彰化縣溪湖鎮大同路181~210號,84.0,住,,,1070625,土地1建物1車位0,一層，二層，騎樓,二層,店面(店鋪),住商用,鋼筋混凝土造,0860829,112.43,3,2,2,有,無,4600000,40914,,0.0,0,,RPPNMLSJQHNFFHN47CA
和美鎮,土地,忠明段1621~1650地號,647.0,,特定農業區,農牧用地,1070710,土地2建物0車位0,,,其他,,,,0.0,0,0,0,有,無,8000000,12365,,0.0,0,,RPRNMLQJQHNFFBN96DA
彰化市,房地(土地+建物),彰化縣彰化市建國北路172巷1~30號,103.64,住,,,1070618,土地2建物1車位0,全,四層,透天厝,住家用,鋼筋混凝土造,0821209,335.62,3,2,3,有,無,9600000,28603,,0.0,0,,RPTOMLNLQHNFFAN07DA
員林市,房地(土地+建物),彰化縣員林市三多五街1~30號,103.41,住,,,1070617,土地2建物1車位0,全,五層,透天厝,見其他登記事項,鋼筋混凝土造,1060728,235.55,5,2,4,有,無,18200000,77266,,0.0,0,,RPOOMLQKQHNFFDN07DA
埔心鄉,房地(土地+建物),彰化縣埔心鄉中正路一段31~60號,80.0,住,,,1070522,土地1建物1車位0,一層，二層，三層，四層，五層，騎樓,五層,店面(店鋪),住商用,鋼筋混凝土造,0861218,294.17,3,2,2,有,無,9080000,30867,,0.0,0,,RPTNMLSLQHNFFHN08CA
彰化市,房地(土地+建物),彰化縣彰化市茄苳路一段303巷61~90號,36.86,,鄉村區,乙種建築用地,1070703,土地1建物1車位0,一層,五層,公寓(5樓含以下無電梯),住家用,鋼筋混凝土造,0840612,113.1,3,2,2,有,無,3600000,31830,,0.0,0,,RPRNMLRLPHNFFAN07DA
彰化市,房地(土地+建物)+車位,彰化縣彰化市公園路一段211~240號,26.62,住,,,1070711,土地1建物1車位1,三層,七層,華廈(10層含以下有電梯),住家用,鋼筋混凝土造,0790626,143.34,4,2,2,有,有,5300000,36975,坡道平面,0.0,0,,RPQNMLLMPHNFFAN09DA
彰化市,房地(土地+建物)+車位,彰化縣彰化市華山路273巷32弄1~30號,23.98,住,,,1070510,土地1建物1車位1,五層,九層,華廈(10層含以下有電梯),住家用,鋼筋混凝土造,0871231,169.48000000000002,4,2,2,有,有,7050000,41598,坡道平面,0.0,0,,RPTNMLLMPHNFFAN76DA
溪湖鎮,房地(土地+建物),彰化縣溪湖鎮富貴街121~150號,142.0,住,,,1070528,土地1建物1車位0,全,四層,透天厝,見其他登記事項,鋼筋混凝土造,1070424,316.04,6,3,7,有,無,15000000,47462,,0.0,0,,RPPNMLPLQHNFFHN37CA
溪湖鎮,房地(土地+建物),彰化縣溪湖鎮富貴街121~150號,110.0,住,,,1070528,土地1建物1車位0,全,四層,透天厝,見其他登記事項,鋼筋混凝土造,1070424,282.74,6,3,7,有,無,12500000,44210,,0.0,0,,RPQNMLPLQHNFFHN47CA
溪湖鎮,房地(土地+建物),彰化縣溪湖鎮富貴街121~150號,110.0,住,,,1070528,土地1建物1車位0,全,四層,透天厝,見其他登記事項,鋼筋混凝土造,1070424,292.63,6,3,7,有,無,13000000,44425,,0.0,0,,RPRNMLPLQHNFFHN57CA
溪湖鎮,房地(土地+建物),彰化縣溪湖鎮富貴十三街1~30號,158.0,住,,,1070528,土地1建物1車位0,全,四層,透天厝,見其他登記事項,鋼筋混凝土造,1070424,369.19,6,3,7,有,無,18800000,50922,,0.0,0,,RPSNMLPLQHNFFHN67CA
溪湖鎮,房地(土地+建物),彰化縣溪湖鎮富貴十三街1~30號,162.96,住,,,1070528,土地1建物1車位0,全,四層,透天厝,見其他登記事項,鋼筋混凝土造,1070424,379.98,6,3,7,有,無,16000000,42107,,0.0,0,,RPTNMLPLQHNFFHN77CA
溪湖鎮,房地(土地+建物),彰化縣溪湖鎮富貴十三街1~30號,212.59,住,,,1070528,土地1建物1車位0,全,四層,透天厝,見其他登記事項,鋼筋混凝土造,1070424,383.09,6,3,7,有,無,19800000,51685,,0.0,0,,RPUNMLPLQHNFFHN87CA
溪湖鎮,房地(土地+建物),彰化縣溪湖鎮大道街211~240號,84.0,住,,,1070622,土地1建物1車位0,全,三層,透天厝,見其他登記事項,鋼筋混凝土造,0790705,145.42,2,1,3,有,無,5560000,38234,,0.0,0,,RPROMLKMPHNFFHN17CA
溪湖鎮,土地,田中段91~120地號,201.5,農,,,1070627,土地6建物0車位0,,,其他,,,,0.0,0,0,0,有,無,3050000,15136,,0.0,0,,RPTNMLRLPHNFFHN87CA
溪州鄉,房地(土地+建物),彰化縣溪州鄉中山路四段601~630號,118.19,,鄉村區,乙種建築用地,1070615,土地2建物1車位0,全,二層,透天厝,住商用,加強磚造,0691227,117.96,0,0,0,無,無,3900000,33062,,0.0,0,,RPXNMLOKQHNFFFN77CA
田尾鄉,土地,芳平段811~840地號,408.26,,特定農業區,農牧用地,1070606,土地1建物0車位0,,,其他,,,,0.0,0,0,0,有,無,2000000,4899,,0.0,0,,RPSNMLQKQHNFFFN47CA
埤頭鄉,房地(土地+建物),彰化縣埤頭鄉中南路129巷1~30號,98.0,,鄉村區,乙種建築用地,1070708,土地1建物1車位0,全,三層,透天厝,住家用,鋼筋混凝土造,0800325,136.96,3,2,3,有,無,3200000,23364,,0.0,0,,RPPNMLOJQHNFFFN86CA
溪州鄉,土地,八德段451~480地號,3019.0,,特定農業區,農牧用地,1070718,土地1建物0車位0,,,其他,,,,0.0,0,0,0,有,無,6000000,1987,,0.0,0,受債權債務影響或債務抵償之交易。;,RPRNMLRJQHNFFFN37CA
社頭鄉,土地,社張段661~690地號,300.0,,特定農業區,農牧用地,1070710,土地1建物0車位0,,,其他,,,,0.0,0,0,0,有,無,810000,2700,,0.0,0,親友、員工或其他特殊關係間之交易。;,RPPNMLNJQHNFFEN66CA
埤頭鄉,房地(土地+建物),彰化縣埤頭鄉斗苑東路136巷121~150號,99.7,,鄉村區,乙種建築用地,1070710,土地1建物1車位0,全,四層,透天厝,住宅,鋼筋混凝土加強磚造,1060419,168.13,4,2,3,有,無,6430000,38244,,0.0,0,,RPTNMLQLPHNFFFN57CA
田尾鄉,土地,仁豐段1081~1110地號,1693.0,,特定農業區,農牧用地,1070702,土地1建物0車位0,,,其他,,,,0.0,0,0,0,有,無,5400000,3190,,0.0,0,,RPPNMLRLPHNFFFN27CA
埤頭鄉,土地,和豐段871~900地號,153.18,,鄉村區,乙種建築用地,1070717,土地3建物0車位0,,,其他,,,,0.0,0,0,0,有,無,870700,5684,,0.0,0,親友、員工或其他特殊關係間之交易。;畸零地或有合併使用之交易。;,RPQNMLRLPHNFFFN37CA
社頭鄉,房地(土地+建物),彰化縣社頭鄉新興巷31~60號,81.22,,鄉村區,乙種建築用地,1070619,土地1建物1車位0,全,四層,透天厝,見其他登記事項,鋼筋混凝土造,1030917,183.83,4,2,3,有,無,7700000,41887,,0.0,0,,RPUNMLTJQHNFFEN77CA
社頭鄉,土地,廣興段871~900地號,198.05,住,,,1070422,土地2建物0車位0,,,其他,,,,0.0,0,0,0,有,無,3895000,19667,,0.0,0,,RPPNMLMKQHNFFEN66CA
社頭鄉,土地,廣興段871~900地號,148.34,住,,,1070422,土地2建物0車位0,,,其他,,,,0.0,0,0,0,有,無,2917000,19664,,0.0,0,,RPQNMLMKQHNFFEN76CA
社頭鄉,土地,廣興段871~900地號,1162.69,其他,,,1051221,土地3建物0車位0,,,其他,,,,0.0,0,0,0,有,無,19345000,16638,,0.0,0,,RPRNMLMKQHNFFEN86CA
永靖鄉,房地(土地+建物),彰化縣永靖鄉中山路三段60巷1~30號,98.86,,特定農業區,甲種建築用地,1070711,土地6建物1車位0,全,三層,透天厝,住家用,鋼筋混凝土造,0710226,102.89,5,2,2,有,無,5500000,53455,,0.0,0,,RPPOMLKMPHNFFDN56CA
員林市,房地(土地+建物),彰化縣員林市山腳路二段589巷36弄1~30號,161.22,農,,,1070601,土地6建物1車位0,全,三層,透天厝,見其他登記事項,鋼筋混凝土造,1070124,173.91,4,2,3,有,無,10800000,62101,,0.0,0,,RPSOMLKMPHNFFDN86CA
福興鄉,土地,大興段1351~1380地號,932.0,,特定農業區,農牧用地,1070612,土地1建物0車位0,,,其他,,,,0.0,0,0,0,有,無,3200000,3433,,0.0,0,,RPSNMLNKQHNFFCN86CA
鹿港鎮,房地(土地+建物),彰化縣鹿港鎮南勢巷61~90號,2625.0,,特定農業區,農牧用地,1070626,土地1建物1車位0,一層，二層,二層,農舍,農舍,加強磚造,0870717,295.88,8,3,14,有,無,32000000,,,0.0,0,含增建或未登記建物。;,RPPNMLKLQHNFFCN98CA
鹿港鎮,土地,上林段361~390地號,994.97,,工業區,丁種建築用地,1070630,土地1建物0車位0,,,其他,,,,0.0,0,0,0,有,無,12000000,12061,,0.0,0,,RPUNMLMLQHNFFCN07CA
員林市,土地,中山段181~210地號,229.14,住,,,1070615,土地4建物0車位0,,,其他,,,,0.0,0,0,0,有,無,12667082,55281,,0.0,0,,RPQNMLLJQHNFFDN09CA
員林市,房地(土地+建物),彰化縣員林市惠明街75巷1~30號,27.1,住,,,1070509,土地1建物1車位0,九層,九層,華廈(10層含以下有電梯),住家用,鋼筋混凝土造,0840116,126.14,3,2,2,有,有,4000000,31711,,0.0,0,,RPQNMLOKQHNFFDN86CA
員林市,車位,彰化縣員林市惠明街61~90號,0.0,,,,1070509,土地0建物0車位1,地下層,九層,其他,見其他登記事項,鋼筋混凝土造,0840116,18.4,0,0,0,有,有,500000,,坡道平面,0.0,500000,,SPQNMLOKQHNFFDN96CA
伸港鄉,房地(土地+建物),彰化縣伸港鄉中華路32巷2弄1~30號,74.85,住,,,1070628,土地6建物1車位0,全,四層,透天厝,見其他登記事項,鋼筋混凝土造,1061229,210.18,4,3,4,有,無,7600000,36159,,0.0,0,,RPVNMLSKQHNFFBN57CA
伸港鄉,房地(土地+建物),彰化縣伸港鄉中華路32巷2弄1~30號,73.85,住,,,1070608,土地6建物1車位0,全,四層,透天厝,見其他登記事項,鋼筋混凝土造,1061229,210.18,4,3,4,有,無,7600000,36159,,0.0,0,,RPWNMLSKQHNFFBN67CA
線西鄉,土地,德興段631~660地號,2779.0,,特定農業區,農牧用地,1070704,土地1建物0車位0,,,其他,,,,0.0,0,0,0,有,無,11532850,4150,,0.0,0,,RPRNMLRLPHNFFBN07CA
線西鄉,土地,德興段631~660地號,2829.0,,特定農業區,農牧用地,1070704,土地1建物0車位0,,,其他,,,,0.0,0,0,0,有,無,11740350,4150,,0.0,0,,RPSNMLRLPHNFFBN17CA
伸港鄉,土地,全興段811~840地號,3000.93,,工業區,丁種建築用地,1070716,土地1建物0車位0,,,其他,,,,0.0,0,0,0,有,無,114380280,38115,,0.0,0,,RPRNMLKMPHNFFBN09CA
秀水鄉,土地,馬鳴段1261~1290地號,1200.0,,特定農業區,農牧用地,1070618,土地1建物0車位0,,,其他,,,,0.0,0,0,0,有,無,5600000,4667,,0.0,0,,RPPOMLRJQHNFFAN76CA
彰化市,房地(土地+建物),彰化縣彰化市平安街27巷1~30號,94.0,住,,,1070622,土地1建物1車位0,全,二層,透天厝,住家用,加強磚造,0751115,120.0,3,2,2,有,無,5900000,49167,,0.0,0,含增建或未登記建物。;,RPUNMLNKQHNFFAN86CA
彰化市,土地,民權段421~450地號,87.0,商,,,1070627,土地1建物0車位0,,,其他,,,,0.0,0,0,0,有,無,5000000,57471,,0.0,0,,RPOPMLNKQHNFFAN09CA
花壇鄉,房地(土地+建物),彰化縣花壇鄉溪南街151~180號,83.45,,鄉村區,乙種建築用地,1070702,土地1建物1車位0,全,三層,透天厝,住商用,鋼筋混凝土造,0790820,158.45,5,1,3,有,無,4560000,28779,,0.0,0,,RPTOMLKMPHNFFAN66CA
彰化市,房地(土地+建物),彰化縣彰化市安溪路328巷151~180號,112.4,,山坡地保育區,丙種建築用地,1070616,土地1建物1車位0,全,四層,透天厝,見其他登記事項,鋼筋混凝土造,0950320,171.19,4,2,4,有,有,6500000,37970,,0.0,0,,RPUOMLKMPHNFFAN76CA
彰化市,房地(土地+建物),彰化縣彰化市南興街31~60號,66.0,住,,,1070624,土地1建物1車位0,全,二層,透天厝,住商用,加強磚造,0700122,94.56,4,2,4,有,無,9600000,101523,,0.0,0,含增建或未登記建物。;,RPWOMLKMPHNFFAN96CA
彰化市,土地,石牌段241~270地號,245.6,,山坡地保育區,丁種建築用地,1070720,土地1建物0車位0,,,其他,,,,0.0,0,0,0,有,無,614000,2500,,0.0,0,親友、員工或其他特殊關係間之交易。;,RPUNMLRLPHNFFAN27CA
彰化市,房地(土地+建物),彰化縣彰化市向陽街99巷56弄61~90號,106.14,住,,,1070522,土地3建物1車位0,全,五層,透天厝,見其他登記事項,鋼筋混凝土造,1031017,305.23,5,3,6,有,有,16880000,55303,,0.0,0,含增建或未登記建物。,RPXNMLMJQHNFFAN96CA
彰化市,建物,彰化縣彰化市中正路二段421~450號,0.0,,,,1070626,土地0建物1車位1,十層,十二層,住宅大樓(11層含以上有電梯),見其他登記事項,鋼筋混凝土造,1060711,144.82,2,2,1,有,無,4750000,32799,其他,0.0,0,,RPPNMLNJQHNFFAN88CA
彰化市,房地(土地+建物)+車位,彰化縣彰化市泰和中街31~60號,23.93,住,,,1070630,土地2建物1車位1,十二層,十四層,住宅大樓(11層含以上有電梯),住家用,鋼筋混凝土造,0891020,173.92,3,2,2,有,有,8060000,49488,坡道平面,31.26,1000000,,RPXNMLNJQHNFFAN07CA
彰化市,土地,南郭段南郭小段451~480地號,27.83,住,,,1070626,土地1建物0車位0,,,其他,,,,0.0,0,0,0,有,無,4750000,170679,,0.0,0,,RPVNMLLJQHNFFAN66CA
花壇鄉,土地,花壇段451~480地號,86.0,,特定農業區,農牧用地,1070616,土地1建物0車位0,,,其他,,,,0.0,0,0,0,有,無,3000000,34884,,0.0,0,本案土地上未辦保存登記之建物及一切地上物一併買賣移轉。,RPQNMLMJQHNFFAN88CA
彰化市,房地(土地+建物)+車位,彰化縣彰化市金馬路三段646巷31~60號,24.82,住,,,1070702,土地1建物1車位1,八層,十層,華廈(10層含以下有電梯),住家用,鋼筋混凝土造,0820927,131.43,0,0,0,無,有,4200000,31956,坡道平面,0.0,0,,RPWNMLSJQHNFFAN47CA
伸港鄉,房地(土地+建物),彰化縣伸港鄉中華路32巷6弄1~30號,97.48,住,,,1070628,土地6建物1車位0,全,三層,透天厝,見其他登記事項,鋼筋混凝土造,1060629,160.97,4,3,3,有,無,7320000,45474,,0.0,0,,RPXNMLSKQHNFFBN77CA
和美鎮,土地,嘉慶段121~150地號,209.98,住,,,1070707,土地2建物0車位0,,,其他,,,,0.0,0,0,0,有,無,8000000,38099,,0.0,0,親友、員工或其他特殊關係間之交易。;賣方增值稅413672之一半206836由買方負擔,RPTNMLRJQHNFFBN17CA
和美鎮,房地(土地+建物),彰化縣和美鎮鹿和路五段257巷86弄1~30號,219.0,,特定農業區,甲種建築用地,1070611,土地2建物1車位0,全,二層,透天厝,住家用,鋼筋混凝土造,0830616,99.02,3,2,2,有,無,1862600,18810,,0.0,0,二親等買賣,RPQNMLPKQHNFFBN76CA
員林市,房地(土地+建物),彰化縣員林市成功東路277巷1~30號,97.28,住,,,1070629,土地2建物1車位0,全,三層,透天厝,住家用,鋼筋混凝土造,0840724,174.73,6,2,3,有,無,9000000,51508,,0.0,0,,RPWNMLSJQHNFFDN77CA
員林市,房地(土地+建物),彰化縣員林市新生路488巷19弄1~30號,79.05,住,,,1070709,土地1建物1車位0,全,三層,透天厝,住家用,鋼筋混凝土加強磚造,0690107,122.1,4,2,3,有,無,5300000,43407,,0.0,0,,RPPNMLTJQHNFFDN17CA
員林市,房地(土地+建物),彰化縣員林市新生路488巷19弄1~30號,78.02,住,,,1070709,土地1建物1車位0,全,三層,透天厝,住家用,鋼筋混凝土加強磚造,0690107,120.0,4,2,3,有,無,5300000,44167,,0.0,0,,RPQNMLTJQHNFFDN27CA
員林市,房地(土地+建物),彰化縣員林市忠孝街102巷1~30號,108.39,住,,,1070612,土地1建物1車位0,全,四層,透天厝,見其他登記事項,鋼筋混凝土造,1010712,247.4,4,2,4,有,無,14000000,56589,,0.0,0,,RPTNMLLMPHNFFDN96CA
鹿港鎮,房地(土地+建物),彰化縣鹿港鎮鹿和路一段613巷61~90號,513.0,,特定農業區,農牧用地,1070627,土地1建物1車位0,全,二層,透天厝,農舍,加強磚造,0761109,178.63,5,3,3,有,無,10500000,58781,,0.0,0,,RPTNMLMLQHNFFCN96CA
員林市,房地(土地+建物),彰化縣員林市條和六街28巷1~30號,88.14,住,,,1070629,土地4建物1車位0,全,四層,透天厝,見其他登記事項,鋼筋混凝土造,1051005,224.53,4,3,4,有,無,10480000,46675,,0.0,0,,RPWNMLKMPHNFFDN17CA
田尾鄉,房地(土地+建物),彰化縣田尾鄉三豐路151~180號,102.55,住,,,1070709,土地1建物1車位0,全,四層,透天厝,見其他登記事項,鋼筋混凝土造,1060703,193.84,6,4,5,有,無,11000000,56748,,0.0,0,,RPPNMLKMPHNFFFN66CA
田中鎮,土地,太平段931~960地號,1364.72,,特定農業區,農牧用地,1070711,土地1建物0車位0,,,其他,,,,0.0,0,0,0,有,無,2814000,2062,,0.0,0,,RPTNMLLMPHNFFEN07CA
大村鄉,土地,美港段811~840地號,22.13,,特定農業區,農牧用地,1070528,土地1建物0車位0,,,其他,,,,0.0,0,0,0,有,無,450000,20334,,0.0,0,,RPTNMLMLQHNFFDN07CA
大村鄉,土地,美港段811~840地號,14.75,,特定農業區,農牧用地,1070528,土地1建物0車位0,,,其他,,,,0.0,0,0,0,有,無,300000,20339,,0.0,0,,RPUNMLMLQHNFFDN17CA
大村鄉,土地,美港段811~840地號,14.75,,特定農業區,農牧用地,1070528,土地1建物0車位0,,,其他,,,,0.0,0,0,0,有,無,300000,20339,,0.0,0,,RPVNMLMLQHNFFDN27CA
大村鄉,土地,美港段811~840地號,22.13,,特定農業區,農牧用地,1070528,土地1建物0車位0,,,其他,,,,0.0,0,0,0,有,無,450000,20334,,0.0,0,,RPWNMLMLQHNFFDN37CA
員林市,房地(土地+建物),彰化縣員林市員水路二段421巷86弄1~30號,73.0,住,,,1070703,土地1建物1車位0,全,二層,透天厝,住家用,加強磚造,0741218,112.22,4,2,3,有,無,5580000,49724,,0.0,0,,RPVNMLKLQHNFFDN07CA
大村鄉,土地,慈祥段1261~1290地號,2656.41,住,,,1070213,土地2建物0車位0,,,其他,,,,0.0,0,0,0,有,無,86868900,32702,,0.0,0,,RPPOMLKLQHNFFDN56CA
田尾鄉,土地,三豐段481~510地號,1105.0,,特定農業區,農牧用地,1070608,土地1建物0車位0,,,其他,,,,0.0,0,0,0,有,無,3760000,3403,,0.0,0,,RPRNMLSJQHNFFFN47CA
埤頭鄉,房地(土地+建物),彰化縣埤頭鄉永興街91~120號,88.34,住,,,1070514,土地1建物1車位0,全,二層,透天厝,住商用,加強磚造,0820925,102.97,2,2,3,有,無,3450000,33505,,0.0,0,,RPPNMLPJQHNFFFN96CA
溪州鄉,土地,復興段1141~1170地號,992.18,住,,,1070702,土地1建物0車位0,,,其他,,,,0.0,0,0,0,有,無,18900000,19049,,0.0,0,,RPVNMLNJQHNFFFN37CA
埔心鄉,房地(土地+建物),彰化縣埔心鄉大新路31~60號,104.67,,特定農業區,甲種建築用地,1070614,土地2建物1車位0,全,四層,透天厝,住家用,鋼筋混凝土造,1040909,225.26,5,2,5,有,無,9300000,41286,,0.0,0,本買賣案，包含屋內家具、電器、裝潢等。,RPSNMLLJQHNFFHN07CA
埔鹽鄉,土地,義和段181~210地號,344.55,,特定農業區,甲種建築用地,1070717,土地4建物0車位0,,,其他,,,,0.0,0,0,0,有,無,3800000,11029,,0.0,0,,RPPNMLLMPHNFFHN96CA
溪湖鎮,土地,光華段361~390地號,41.94,商,,,1070710,土地3建物0車位0,,,其他,,,,0.0,0,0,0,有,無,2537400,60501,,0.0,0,,RPQNMLLMPHNFFHN07CA
埔心鄉,土地,二重段661~690地號,620.99,,特定農業區,甲種建築用地,1070504,土地4建物0車位0,,,其他,,,,0.0,0,0,0,有,無,11200000,18036,,0.0,0,,RPRNMLSJQHNFFHN67CA
埔心鄉,房地(土地+建物),彰化縣埔心鄉育英路1~30號,26.41,商,,,1070709,土地1建物1車位0,六層,六層,華廈(10層含以下有電梯),住家用,鋼筋混凝土造,0850326,157.02,3,1,2,有,無,1800000,11464,,0.0,0,親友、員工或其他特殊關係間之交易。;,RPRNMLKKQHNFFHN96CA
溪湖鎮,房地(土地+建物),彰化縣溪湖鎮富貴街121~150號,171.0,住,,,1070528,土地1建物1車位0,全,四層,透天厝,見其他登記事項,鋼筋混凝土造,1070424,403.13,6,3,7,有,無,18800000,46635,,0.0,0,,RPVNMLPLQHNFFHN97CA
鹿港鎮,房地(土地+建物),彰化縣鹿港鎮平和路1~30號,89.0,住,,,1070714,土地1建物1車位0,全,二層,透天厝,住商用,鋼筋混凝土加強磚造,0691016,114.4,3,2,3,有,無,7250000,63374,,0.0,0,親友、員工或其他特殊關係間之交易。;,RPQNMLMJQHNFFCN56DA
溪湖鎮,土地,河東段331~360地號,1034.0,,特定農業區,農牧用地,1070625,土地1建物0車位0,,,其他,,,,0.0,0,0,0,有,無,3300000,3191,,0.0,0,,RPRNMLLMPHNFFHN17CA
溪湖鎮,土地,光平段511~540地號,6.21,商,,,1070626,土地1建物0車位0,,,其他,,,,0.0,0,0,0,有,無,894675,144070,,0.0,0,,RPWNMLLJQHNFFHN47CA
埔心鄉,房地(土地+建物),彰化縣埔心鄉瓦中街59巷1~30號,133.36,住,,,1070619,土地2建物1車位0,全,四層,透天厝,見其他登記事項,鋼筋混凝土造,1060202,238.35,5,2,3,有,無,14300000,59996,,0.0,0,,RPXNMLMJQHNFFHN67CA
田尾鄉,土地,和平段331~360地號,1813.0,,特定農業區,農牧用地,1070601,土地1建物0車位0,,,其他,,,,0.0,0,0,0,有,無,8300000,4578,,0.0,0,,RPRNMLKMPHNFFFN86CA
員林市,土地,新員水段91~120地號,52.5,農,,,1070620,土地1建物0車位0,,,其他,,,,0.0,0,0,0,有,無,238200,4537,,0.0,0,,RPQNMLLLQHNFFDN66CA
社頭鄉,土地,社石段271~300地號,1589.0,,特定農業區,農牧用地,1070629,土地1建物0車位0,,,其他,,,,0.0,0,0,0,有,無,7370000,4638,,0.0,0,,RPRNMLPKQHNFFEN17CA
員林市,房地(土地+建物),彰化縣員林市山腳路二段589巷36弄1~30號,160.75,農,,,1070620,土地5建物1車位0,全,三層,透天厝,見其他登記事項,鋼筋混凝土造,1070124,187.11,4,2,3,有,無,11800000,63065,,0.0,0,,RPSNMLLMPHNFFDN86CA
員林市,房地(土地+建物),彰化縣員林市復興五街31~60號,79.86,住,,,1070425,土地1建物1車位0,全,四層,透天厝,見其他登記事項,鋼筋混凝土造,1061222,186.26,4,1,3,有,無,13465000,72291,,0.0,0,,RPRNMLLJQHNFFDN56CA
永靖鄉,土地,永南段811~840地號,454.38,,鄉村區,乙種建築用地,1070712,土地3建物0車位0,,,其他,,,,0.0,0,0,0,有,無,9620800,21173,,0.0,0,,RPOOMLLJQHNFFDN98CA
員林市,土地,三和段871~900地號,218.59,住,,,1070705,土地1建物0車位0,,,其他,,,,0.0,0,0,0,有,無,10560000,48310,,0.0,0,,RPQNMLMJQHNFFDN56CA
員林市,土地,和平段1201~1230地號,547.16,住,,,1070620,土地1建物0車位0,,,其他,,,,0.0,0,0,0,有,無,44690000,81676,,0.0,0,,RPPNMLPKQHNFFDN86CA
員林市,土地,和平段1201~1230地號,644.84,住,,,1070620,土地1建物0車位0,,,其他,,,,0.0,0,0,0,有,無,44860000,69568,,0.0,0,,RPQNMLPKQHNFFDN96CA
和美鎮,房地(土地+建物),彰化縣和美鎮友東路1~30號,23.71,,鄉村區,乙種建築用地,1050426,土地1建物1車位0,六層,十三層,住宅大樓(11層含以上有電梯),見其他登記事項,鋼筋混凝土造,1070502,95.43,3,2,2,有,有,4600000,48203,,0.0,0,,RPOPMLTJQHNFFBN07CA
和美鎮,房地(土地+建物),彰化縣和美鎮友東路1~30號,20.58,,鄉村區,乙種建築用地,1051227,土地1建物1車位0,九層,十三層,住宅大樓(11層含以上有電梯),見其他登記事項,鋼筋混凝土造,1070502,82.86,2,2,1,有,有,4300000,51895,,0.0,0,,RPXQMLTJQHNFFBN08CA
和美鎮,房地(土地+建物),彰化縣和美鎮友東路1~30號,20.58,,鄉村區,乙種建築用地,1060418,土地1建物1車位0,十層,十三層,住宅大樓(11層含以上有電梯),見其他登記事項,鋼筋混凝土造,1070502,82.86,2,2,1,有,有,4130000,49843,,0.0,0,,RPPRMLTJQHNFFBN37CA
和美鎮,房地(土地+建物)+車位,彰化縣和美鎮友東路1~30號,29.47,,鄉村區,乙種建築用地,1061029,土地1建物1車位1,四層,十三層,住宅大樓(11層含以上有電梯),見其他登記事項,鋼筋混凝土造,1070502,144.24,3,2,2,有,有,5840000,42489,坡道平面,25.62,800000,,RPVOMLOKQHNFFBN27CA
和美鎮,房地(土地+建物)+車位,彰化縣和美鎮友東路1~30號,20.58,,鄉村區,乙種建築用地,1041101,土地1建物1車位1,五層,十三層,住宅大樓(11層含以上有電梯),見其他登記事項,鋼筋混凝土造,1070502,108.47,2,2,1,有,有,5000000,48884,坡道平面,25.62,950000,,RPXOMLOKQHNFFBN47CA
和美鎮,房地(土地+建物)+車位,彰化縣和美鎮友東路1~30號,23.71,,鄉村區,乙種建築用地,1070619,土地1建物1車位1,十一層,十三層,住宅大樓(11層含以上有電梯),見其他登記事項,鋼筋混凝土造,1070502,121.05000000000001,2,2,1,有,有,5820000,51556,坡道平面,25.62,900000,,RPVQMLOKQHNFFBN47CA
和美鎮,房地(土地+建物)+車位,彰化縣和美鎮友東路1~30號,20.6,,鄉村區,乙種建築用地,1050329,土地1建物1車位1,二層,十三層,住宅大樓(11層含以上有電梯),見其他登記事項,鋼筋混凝土造,1070502,108.47,2,2,1,有,有,4700000,47073,坡道平面,25.62,800000,,RPQRMLOKQHNFFBN07CA
和美鎮,房地(土地+建物)+車位,彰化縣和美鎮友東路1~30號,22.81,,鄉村區,乙種建築用地,1070309,土地1建物1車位1,二層,十三層,住宅大樓(11層含以上有電梯),見其他登記事項,鋼筋混凝土造,1070502,117.42,2,2,1,有,有,5100000,46841,坡道平面,25.62,800000,,RPRRMLOKQHNFFBN17CA
和美鎮,房地(土地+建物)+車位,彰化縣和美鎮友東路1~30號,23.71,,鄉村區,乙種建築用地,1070528,土地1建物1車位1,三層,十三層,住宅大樓(11層含以上有電梯),見其他登記事項,鋼筋混凝土造,1070502,121.05000000000001,2,2,1,有,有,5650000,48727,坡道平面,25.62,1000000,,RPURMLOKQHNFFBN47CA
伸港鄉,房地(土地+建物),彰化縣伸港鄉仁愛路1~30號,70.0,商,,,1070629,土地1建物1車位0,全,三層,透天厝,住商用,鋼筋混凝土造,0710114,173.08,3,2,3,有,無,6500000,37555,,0.0,0,,RPPNMLRJQHNFFBN76CA
彰化市,土地,牛稠子段下小段121~150地號,280.0,住,,,1070712,土地1建物0車位0,,,其他,,,,0.0,0,0,0,有,無,26000000,92857,,0.0,0,,RPRPMLNLQHNFFAN86CA
和美鎮,房地(土地+建物),彰化縣和美鎮中興路二段31~60號,179.84,工,,,1070605,土地1建物1車位0,全,三層,透天厝,見其他登記事項,鋼筋混凝土造,0790912,395.0,11,2,9,有,無,12800000,32405,,0.0,0,,RPXOMLLJQHNFFBN07CA
線西鄉,土地,線興段31~60地號,8963.33,,工業區,丁種建築用地,1070705,土地3建物0車位0,,,其他,,,,0.0,0,0,0,有,無,107100695,11949,,0.0,0,,RPOPMLLJQHNFFBN88CA
伸港鄉,土地,全興段211~240地號,418.32,,工業區,丁種建築用地,1070713,土地1建物0車位0,,,其他,,,,0.0,0,0,0,有,無,4605000,11008,,0.0,0,,RPTOMLPKQHNFFBN17CA
伸港鄉,房地(土地+建物),彰化縣伸港鄉中華路32巷2弄1~30號,74.85,住,,,1070628,土地7建物1車位0,全,四層,透天厝,見其他登記事項,鋼筋混凝土造,1061229,206.45,4,3,4,有,無,7600000,36813,,0.0,0,,RPPOMLSKQHNFFBN07CA
和美鎮,土地,大雅段481~510地號,111.0,,特定農業區,甲種建築用地,1070611,土地1建物0車位0,,,其他,,,,0.0,0,0,0,有,無,732600,6600,,0.0,0,二親等買賣,RPPNMLLLQHNFFBN98CA
和美鎮,房地(土地+建物),彰化縣和美鎮彰草路三段172巷168弄91~120號,1767.0,,特定農業區,農牧用地,1070611,土地1建物1車位0,一層,一層,農舍,農舍,鋼造,0760505,211.52,1,1,1,有,無,15019500,,,0.0,0,買方支付部分增值稅276012元,RPRNMLNLQHNFFBN76CA
福興鄉,土地,福安段961~990地號,2961.07,,一般農業區,農牧用地,1070702,土地1建物0車位0,,,其他,,,,0.0,0,0,0,有,無,5329926,1800,,0.0,0,,RPQNMLNJQHNFFCN56CA
鹿港鎮,房地(土地+建物),彰化縣鹿港鎮安祥街107巷1~30號,87.0,住,,,1070629,土地1建物1車位0,全,二層,透天厝,住家用,鋼筋混凝土造,0740316,99.02,3,2,2,有,無,4500000,45445,,0.0,0,親友、員工或其他特殊關係間之交易。;,RPSNMLLMPHNFFCN76CA
芬園鄉,房地(土地+建物),彰化縣芬園鄉彰南路一段335巷32弄1~30號,93.41,,特定農業區,甲種建築用地,1070625,土地1建物1車位0,全,三層,透天厝,住家用,鋼筋混凝土造,0811201,142.05,4,2,3,有,無,4900000,34495,,0.0,0,,RPPNMLKKQHNFFAN68CA
彰化市,房地(土地+建物),彰化縣彰化市向陽街99巷1~30號,84.0,住,,,1070615,土地1建物1車位0,全,五層,透天厝,見其他登記事項,鋼筋混凝土造,1031017,307.08,4,3,2,有,無,17500000,56988,,0.0,0,,RPTOMLKKQHNFFAN56CA
彰化市,房地(土地+建物),彰化縣彰化市彰草路451~480號,114.22,住,,,1070627,土地2建物1車位0,全,四層,透天厝,住家用,鋼筋混凝土造,0920820,188.82,4,3,3,有,無,10250000,54285,,0.0,0,,RPTNMLNKQHNFFAN76CA
彰化市,房地(土地+建物),彰化縣彰化市三福街61~90號,28.24,住,,,1070619,土地1建物1車位0,四層,五層,公寓(5樓含以下無電梯),住家用,鋼筋混凝土造,0690926,83.5,3,2,2,有,無,2720000,32575,,0.0,0,,RPROMLNKQHNFFAN66CA
彰化市,房地(土地+建物)+車位,彰化縣彰化市精誠路181巷9弄1~30號,22.8,住,,,1070624,土地1建物1車位1,二層,十層,華廈(10層含以下有電梯),住家用,鋼筋混凝土造,0801217,139.04,3,2,2,有,有,4980000,35820,坡道平面,0.0,0,,RPXOMLNKQHNFFAN27CA
花壇鄉,房地(土地+建物),彰化縣花壇鄉中山路二段271~300號,106.38,農,,,1070713,土地3建物1車位0,全,三層,透天厝,見其他登記事項,鋼筋混凝土造,1070103,152.2,4,2,3,有,無,7700000,50591,,0.0,0,,RPVNMLPKQHNFFAN17CA
芬園鄉,土地,大德段541~570地號,87.29,,山坡地保育區,農牧用地,1070714,土地1建物0車位0,,,其他,,,,0.0,0,0,0,有,無,212100,2430,,0.0,0,,RPPNMLPKQHNFFAN56CA
彰化市,房地(土地+建物)+車位,彰化縣彰化市中山路二段961~990號,31.99,住,,,1070620,土地2建物1車位1,五層,十八層,住宅大樓(11層含以上有電梯),住家用,鋼筋混凝土造,0790509,198.61,4,2,2,有,有,4930000,24823,坡道平面,0.0,0,,RPQNMLRKQHNFFAN86CA
芬園鄉,土地,新縣庄段1051~1080地號,61.01,,特定農業區,農牧用地,1070712,土地4建物0車位0,,,其他,,,,0.0,0,0,0,有,無,162000,2655,,0.0,0,共有糾紛土地,RPPOMLLJQHNFFAN78CA
彰化市,土地,大埔段451~480地號,58.8,其他,,,1070702,土地1建物0車位0,,,其他,,,,0.0,0,0,0,有,無,880000,14966,,0.0,0,(包含)公共設施保留地之交易。;,RPPOMLNJQHNFFAN98CA
彰化市,房地(土地+建物),彰化縣彰化市自強南路22巷1~30號,26.59,住,,,1070630,土地3建物1車位0,三層,五層,公寓(5樓含以下無電梯),住家用,鋼筋混凝土造,0700914,79.05,3,2,1,有,無,2000000,25300,,0.0,0,,RPXOMLKMPHNFFAN07CA
彰化市,房地(土地+建物),彰化縣彰化市彰馬路160巷31~60號,74.0,住,,,1070630,土地1建物1車位0,全,二層,透天厝,住家用,鋼筋混凝土加強磚造,0651130,83.2,2,2,2,有,無,2500000,30048,,0.0,0,,RPXNMLLMPHNFFAN07CA
彰化市,土地,福田段391~420地號,44.99,,山坡地保育區,農牧用地,1070720,土地1建物0車位0,,,其他,,,,0.0,0,0,0,有,無,272000,6046,,0.0,0,,RPSOMLKMPHNFFAN56CA
彰化市,房地(土地+建物),彰化縣彰化市陳稜路211~240號,41.0,商,,,1070630,土地1建物1車位0,全,四層,透天厝,住家用,鋼筋混凝土造,0620808,91.68,3,1,4,有,無,3400000,37086,,0.0,0,,RPSNMLLJQHNFFAN98CA
彰化市,房地(土地+建物),彰化縣彰化市中山路一段119巷9弄1~30號,24.0,住,,,1070628,土地1建物1車位0,一層,七層,華廈(10層含以下有電梯),住家用,鋼筋混凝土造,0810625,136.16,3,2,2,有,有,3900000,28643,,0.0,0,,RPTNMLLJQHNFFAN09CA
彰化市,房地(土地+建物),彰化縣彰化市金馬路三段95巷31~60號,13.71,住,,,1070708,土地1建物1車位0,十二層,十三層,住宅大樓(11層含以上有電梯),住家用,鋼筋混凝土造,0830623,102.72,3,1,2,有,無,3400000,33100,,0.0,0,,RPTNMLNJQHNFFAN66CA
秀水鄉,土地,新東興段451~480地號,22252.92,工,,,1070716,土地1建物0車位0,,,其他,,,,0.0,0,0,0,有,無,652686240,29330,,0.0,0,,RPROMLMJQHNFFAN09CA
秀水鄉,建物,彰化縣秀水鄉復新街1~30號,0.0,,,,1070628,土地0建物3車位0,一層，二層，三層，地下層,三層,廠辦,工業用,鋼筋混凝土加強磚造,0620901,16004.47,0,0,0,無,無,27195260,1699,,0.0,0,,RPTOMLMJQHNFFAN66CA
秀水鄉,土地,西興段1321~1350地號,2189.0,,特定農業區,農牧用地,1070608,土地1建物0車位0,,,其他,,,,0.0,0,0,0,有,無,5000000,2284,,0.0,0,,RPWOMLMJQHNFFAN96CA
彰化市,房地(土地+建物),彰化縣彰化市彰南路二段61~90號,177.78,,鄉村區,乙種建築用地,1070705,土地2建物1車位0,一層,一層,店面(店鋪),見其他登記事項,加強磚造,0640101,37.73,0,0,0,無,無,18000000,477074,,0.0,0,,RPQOMLLJQHNFFAN88CA
彰化市,土地,延和段511~540地號,728.0,,特定農業區,甲種建築用地,1070515,土地3建物0車位0,,,其他,,,,0.0,0,0,0,有,無,20480460,28133,,0.0,0,,RPTNMLMJQHNFFAN56CA
彰化市,房地(土地+建物),彰化縣彰化市中正路二段151~180號,5.08,商,,,1070719,土地3建物1車位0,八層,十一層,住宅大樓(11層含以上有電梯),見其他登記事項,鋼筋混凝土造,0701231,51.97,1,1,1,有,有,2200000,42332,,0.0,0,,RPWNMLLJQHNFFAN76CA
彰化市,房地(土地+建物),彰化縣彰化市中正路二段151~180號,4.12,商,,,1070719,土地1建物1車位0,六層,十一層,住宅大樓(11層含以上有電梯),見其他登記事項,鋼筋混凝土造,0701231,46.41,1,1,1,有,有,2300000,49558,,0.0,0,,RPXNMLLJQHNFFAN86CA
花壇鄉,土地,新中庄段421~450地號,40.98,,鄉村區,乙種建築用地,1070717,土地3建物0車位0,,,其他,,,,0.0,0,0,0,有,無,165000,4026,,0.0,0,親友、員工或其他特殊關係間之交易。;,RPOOMLLJQHNFFAN68CA
彰化市,土地,竹中段1081~1110地號,7.48,,鄉村區,乙種建築用地,1070712,土地1建物0車位0,,,其他,,,,0.0,0,0,0,有,無,396800,53048,,0.0,0,,RPXNMLKLQHNFFAN96CA
彰化市,土地,竹中段1081~1110地號,1.41,,鄉村區,乙種建築用地,1070712,土地1建物0車位0,,,其他,,,,0.0,0,0,0,有,無,74800,53050,,0.0,0,,RPOOMLKLQHNFFAN78CA
彰化市,房地(土地+建物),彰化縣彰化市彰南路二段61~90號,368.42,,鄉村區,乙種建築用地,1070705,土地2建物1車位0,一層，二層,二層,店面(店鋪),住家用,加強磚造,0660102,110.08,4,2,2,有,無,19528310,177401,,0.0,0,含地上未辦保存建物,RPPOMLKLQHNFFAN88CA
秀水鄉,土地,金興段511~540地號,77.5,,特定農業區,農牧用地,1070717,土地1建物0車位0,,,其他,,,,0.0,0,0,0,有,無,430000,5548,,0.0,0,,RPWNMLQKQHNFFAN37CA
和美鎮,房地(土地+建物),彰化縣和美鎮仁宇路121~150號,121.0,住,,,1070621,土地1建物1車位0,全,四層,透天厝,住家用,鋼筋混凝土造,1030613,223.99,4,3,3,有,無,8800000,39287,,0.0,0,,RPQNMLTLQHNFFBN27CA
彰化市,房地(土地+建物)+車位,彰化縣彰化市延平路511~540號,17.25,住,,,1070717,土地1建物1車位1,三層,九層,華廈(10層含以下有電梯),見其他登記事項,鋼筋混凝土造,0871203,126.88,3,2,2,有,有,4400000,34678,坡道平面,22.53,0,親友、員工或其他特殊關係間之交易。;急買急賣。;有民情風俗因素之交易。;買方自負瑕疵風險物件之交易,RPWNMLSLQHNFFAN67CA
線西鄉,土地,重光段991~1020地號,2493.0,,特定農業區,農牧用地,1070629,土地1建物0車位0,,,其他,,,,0.0,0,0,0,有,無,5733900,2300,,0.0,0,,RPSNMLOJQHNFFBN76CA
伸港鄉,建物,彰化縣伸港鄉全興村全興路91~120號,0.0,,,,1070620,土地0建物1車位0,全,二層,透天厝,住家用,加強磚造,0710316,123.3,4,2,2,有,無,800000,6488,,0.0,0,受債權債務影響或債務抵償之交易。;只移轉建物部分,RPQNMLKKQHNFFBN88CA
員林市,土地,橋愛段1261~1290地號,207.76,住,,,1070709,土地1建物0車位0,,,其他,,,,0.0,0,0,0,有,無,15710000,75616,,0.0,0,,RPWNMLPKQHNFFDN57CA
大村鄉,房地(土地+建物),彰化縣員林市山腳路31~60號,81.59,,鄉村區,乙種建築用地,1070702,土地1建物1車位0,全,四層,透天厝,見其他登記事項,鋼筋混凝土造,1050802,182.14,4,3,4,有,無,9500000,52158,,0.0,0,,RPSNMLMJQHNFFDN76CA
二水鄉,土地,新過圳段121~150地號,22.57,,鄉村區,乙種建築用地,1070709,土地1建物0車位0,,,其他,,,,0.0,0,0,0,有,無,136500,6048,,0.0,0,,RPRNMLQKQHNFFEN27CA
田中鎮,土地,新卓乃潭段181~210地號,2846.75,,特定農業區,農牧用地,1070702,土地1建物0車位0,,,其他,,,,0.0,0,0,0,有,無,10000000,3513,,0.0,0,,RPTNMLLJQHNFFEN86CA
田中鎮,房地(土地+建物),彰化縣田中鎮山?路三段511~540號,285.09,,鄉村區,乙種建築用地,1070619,土地4建物1車位0,全,二層,透天厝,住家用,加強磚造,0700112,119.08,0,0,0,無,無,4700000,39469,,0.0,0,,RPQNMLMJQHNFFEN66CA
田中鎮,土地,崁頂段451~480地號,117.66,,鄉村區,乙種建築用地,1070621,土地1建物0車位0,,,其他,,,,0.0,0,0,0,有,無,1067600,9074,,0.0,0,,RPRNMLMJQHNFFEN76CA
大村鄉,土地,美港段781~810地號,6374.79,,特定農業區,農牧用地,1070524,土地4建物0車位0,,,其他,,,,0.0,0,0,0,有,無,73278000,11495,,0.0,0,,RPSNMLMLQHNFFDN96CA
埤頭鄉,土地,崙南段301~330地號,223.84,其他,,,1070415,土地1建物0車位0,,,其他,,,,0.0,0,0,0,有,無,1339459,5984,,0.0,0,親友、員工或其他特殊關係間之交易。;,RPWNMLNJQHNFFFN47CA
埤頭鄉,土地,稻香段1~30地號,183.76,,鄉村區,乙種建築用地,1070710,土地1建物0車位0,,,其他,,,,0.0,0,0,0,有,無,833700,4537,,0.0,0,,RPXNMLNJQHNFFFN57CA
田尾鄉,土地,饒平厝段571~600地號,2405.0,,特定農業區,農牧用地,1070612,土地1建物0車位0,,,其他,,,,0.0,0,0,0,有,無,5800000,2412,,0.0,0,親友、員工或其他特殊關係間之交易。;,RPSNMLRJQHNFFFN47CA
埔鹽鄉,土地,東榮段181~210地號,1679.0,,特定農業區,農牧用地,1070712,土地1建物0車位0,,,其他,,,,0.0,0,0,0,有,無,2350600,1400,,0.0,0,親友、員工或其他特殊關係間之交易。;,RPPNMLNJQHNFFHN96CA
彰化市,土地,大埔段331~360地號,1.25,住,,,1070605,土地1建物0車位0,,,其他,,,,0.0,0,0,0,有,無,83188,66550,,0.0,0,,RPSNMLSJQHNFFAN17DA
田尾鄉,土地,新豐段751~780地號,66.4,,鄉村區,乙種建築用地,1070716,土地2建物0車位0,,,其他,,,,0.0,0,0,0,有,無,800000,12048,,0.0,0,含增建或未登記建物。;,RPSNMLLJQHNFFFN96DA
田尾鄉,土地,福新段631~660地號,17.06,,鄉村區,乙種建築用地,1070713,土地1建物0車位0,,,其他,,,,0.0,0,0,0,有,無,100000,5862,,0.0,0,親友、員工或其他特殊關係間之交易。;土地增值稅由買方負擔。,RPPNMLTLQHNFFFN67DA
田尾鄉,土地,福新段631~660地號,17.06,,鄉村區,乙種建築用地,1070713,土地1建物0車位0,,,其他,,,,0.0,0,0,0,有,無,100000,5862,,0.0,0,親友、員工或其他特殊關係間之交易。;土地增值稅由買方負擔。,RPQNMLTLQHNFFFN77DA
田尾鄉,土地,福新段631~660地號,17.06,,鄉村區,乙種建築用地,1070713,土地1建物0車位0,,,其他,,,,0.0,0,0,0,有,無,100000,5862,,0.0,0,親友、員工或其他特殊關係間之交易。;土地增值稅由買方負擔。,RPRNMLTLQHNFFFN87DA
田尾鄉,土地,福新段631~660地號,17.06,,鄉村區,乙種建築用地,1070713,土地1建物0車位0,,,其他,,,,0.0,0,0,0,有,無,100000,5862,,0.0,0,親友、員工或其他特殊關係間之交易。;土地增值稅由買方負擔。,RPSNMLTLQHNFFFN97DA
田尾鄉,土地,福新段631~660地號,17.06,,鄉村區,乙種建築用地,1070713,土地1建物0車位0,,,其他,,,,0.0,0,0,0,有,無,100000,5862,,0.0,0,親友、員工或其他特殊關係間之交易。;土地增值稅由買方負擔。,RPUNMLTLQHNFFFN18DA
田尾鄉,土地,福新段631~660地號,17.06,,鄉村區,乙種建築用地,1070713,土地1建物0車位0,,,其他,,,,0.0,0,0,0,有,無,100000,5862,,0.0,0,親友、員工或其他特殊關係間之交易。;土地增值稅由買方負擔。,RPVNMLTLQHNFFFN28DA
溪湖鎮,土地,田中段1~30地號,6.32,農,,,1070710,土地1建物0車位0,,,其他,,,,0.0,0,0,0,有,無,296850,46970,,0.0,0,向政府機關承購之案件。;,RPPNMLLJQHNFFHN96EA
埔鹽鄉,土地,和平段811~840地號,1194.0,,特定農業區,農牧用地,1070718,土地1建物0車位0,,,其他,,,,0.0,0,0,0,有,無,6600000,5528,,0.0,0,,RPUNMLLJQHNFFHN47EA
埔心鄉,房地(土地+建物),彰化縣埔心鄉明聖路二段391~420號,926.24,,鄉村區,乙種建築用地,1070629,土地4建物3車位0,一層，二層，三層，四層，五層,五層,其他,住家用,鋼筋混凝土造,0810530,753.81,5,6,7,有,無,29020000,38498,,0.0,0,,RPRNMLPKQHNFFHN47CA
彰化市,房地(土地+建物),彰化縣彰化市建寶街132巷1~30號,84.0,住,,,1070627,土地1建物1車位0,全,二層,透天厝,住家用,鋼筋混凝土加強磚造,0670714,99.6,3,2,2,有,無,7000000,70281,,0.0,0,,RPQNMLLJQHNFFAN88DA
