﻿編號,車位類別,車位價格,車位面積(平方公尺)
Serial number,berth category,berth price,berth area (square meter)
RPQNMLLMPHNFFBN09CA,一樓平面,0,
RPXNMLKMPHNFFDN27CA,坡道平面,900000,15.67
RPRNMLNKQHNFFAN56CA,坡道機械,0,
RPRNMLLMPHNFFBN56CA,升降機械,0,
RPTNMLLMPHNFFAN76DA,坡道平面,0,
RPQNMLLMPHNFFAN09DA,坡道平面,0,
SPQNMLOKQHNFFDN96CA,坡道平面,0,
RPXNMLNJQHNFFAN07CA,坡道平面,1000000,31.26
RPPNMLNJQHNFFAN88CA,其他,0,
RPWNMLSJQHNFFAN47CA,坡道平面,0,
RPRRMLOKQHNFFBN17CA,坡道平面,800000,25.62
RPQRMLOKQHNFFBN07CA,坡道平面,800000,25.62
RPURMLOKQHNFFBN47CA,坡道平面,1000000,25.62
RPXOMLOKQHNFFBN47CA,坡道平面,950000,25.62
RPVQMLOKQHNFFBN47CA,坡道平面,900000,25.62
RPVOMLOKQHNFFBN27CA,坡道平面,800000,25.62
RPXOMLNKQHNFFAN27CA,坡道平面,0,
RPQNMLRKQHNFFAN86CA,坡道平面,0,
RPWNMLSLQHNFFAN67CA,坡道平面,0,22.53
