﻿編號,屋齡,建物移轉面積(平方公尺),主要用途,主要建材,建築完成日期,總層數,建物分層
The serial number,room age,building shifting area (square meter),the main use,main building materials,construction completes the date,total layer,building lamination
RPVOMLOLPHNFFAO27CA,10,56.64,辦公室,鋼筋混凝土造,97年11月8日,十一層,七層
RPVOMLOLPHNFFAO27CA,10,9.19,見其他登記事項,鋼筋混凝土造,97年11月8日,十一層,
RPVOMLOLPHNFFAO27CA,10,16.15,見其他登記事項,鋼筋混凝土造,97年11月8日,十一層,
RPUNMLOLPHNFFAO07CA,42,109.35,住家用,加強磚造,65年3月19日,二層,一層 二層
RPWPMLOLPHNFFAO47CA,23,118.19,住家用,鋼筋混凝土造,84年7月15日,七層,六層
RPWPMLOLPHNFFAO47CA,23,48.52,共有部分,鋼筋混凝土造,84年7月15日,七層,
RPROMLOLPHNFFAO86CA,15,26.55,住家用,鋼筋混凝土造,92年1月10日,十三層,八層
RPROMLOLPHNFFAO86CA,15,5.07,見其他登記事項,鋼筋混凝土造,92年1月10日,十三層,
RPPQMLOLPHNFFAO86CA,13,24.31,住家用,鋼筋混凝土造,94年11月16日,六層,五層
RPROMLOLPHNFFAO86CA,15,4.46,見其他登記事項,鋼筋混凝土造,92年1月10日,十三層,
RPPQMLOLPHNFFAO86CA,13,5.69,見其他登記事項,鋼筋混凝土造,94年11月16日,六層,
RPROMLOLPHNFFAO86CA,15,1.97,見其他登記事項,鋼筋混凝土造,92年1月10日,十三層,
RPPQMLOLPHNFFAO86CA,13,7.99,見其他登記事項,鋼筋混凝土造,94年11月16日,六層,
RPPOMLPLPHNFFAO76CA,1,215.18,見其他登記事項,鋼筋混凝土造,106年12月13日,四層,一層 二層 三層 四層 見其他登記事項
RPPOMLPLPHNFFAO76CA,1,.49,共有部分,鋼筋混凝土造,106年12月13日,一層,
RPQOMLPLPHNFFAO86CA,1,194.13,見其他登記事項,鋼筋混凝土造,106年12月13日,三層,一層 二層 三層 見其他登記事項
RPQOMLPLPHNFFAO86CA,1,.49,共有部分,鋼筋混凝土造,106年12月13日,一層,
RPROMLPLPHNFFAO96CA,1,184.05,見其他登記事項,鋼筋混凝土造,106年12月13日,三層,一層 二層 三層 見其他登記事項
RPROMLPLPHNFFAO96CA,1,.49,共有部分,鋼筋混凝土造,106年12月13日,一層,
RPSOMLRLPHNFFAO27CA,22,140.19,住家用,鋼筋混凝土造,85年11月14日,二十一層,十四層
RPSOMLRLPHNFFAO27CA,22,22.57,共有部分,鋼筋混凝土造,85年11月14日,二十一層,
RPSOMLRLPHNFFAO27CA,22,.99,共有部分,鋼筋混凝土造,85年11月14日,二十一層,
RPSOMLRLPHNFFAO27CA,22,32.73,共有部分,鋼筋混凝土造,85年11月14日,二十一層,
RPWNMLOLPHNFFAO27CA,3,299.67,見其他登記事項,鋼筋混凝土造,104年4月20日,四層,一層 二層 三層 四層 見其他登記事項
RPQOMLRLPHNFFAO07CA,6,58.85,見其他登記事項,鋼筋混凝土造,101年2月29日,十五層,五層
RPQOMLRLPHNFFAO07CA,6,41.43,共有部分,鋼筋混凝土造,101年2月29日,十五層,
RPQOMLRLPHNFFAO07CA,6,14.92,共有部分,鋼筋混凝土造,101年2月29日,十五層,
RPWNMLRJQHNFFAO47CA,6,152.34,共有部分,鋼筋混凝土造,101年7月10日,二十五層,
RPWNMLRJQHNFFAO47CA,6,174.62,見其他登記事項,鋼筋混凝土造,101年7月10日,二十三層,十三層
RPPPMLPJQHNFFAO76CA,1,87.36,見其他登記事項,鋼筋混凝土造,107年4月3日,十四層,十二層
RPPPMLPJQHNFFAO76CA,1,18.99,共有部分,鋼筋混凝土造,107年4月3日,十四層,
RPPPMLPJQHNFFAO76CA,1,44.88,共有部分,鋼筋混凝土造,107年4月3日,十四層,
RPPRMLNJQHNFFAO76CA,26,35.52,住家用,鋼筋混凝土造,80年12月13日,六層,二層
RPPRMLNJQHNFFAO76CA,26,7.12,共有部分,鋼筋混凝土造,80年12月13日,六層,
RPUOMLLKQHNFFAO86CA,,18.89,共有部分,鋼筋混凝土造,107年4月3日,十四層,
RPUOMLLKQHNFFAO86CA,,44.82,共有部分,鋼筋混凝土造,107年4月3日,十四層,
RPUOMLLKQHNFFAO86CA,,87.19,見其他登記事項,鋼筋混凝土造,107年4月3日,十四層,十二層
RPQOMLRJQHNFFAO96CA,6,187.36,共有部分,鋼筋混凝土造,101年7月10日,二十五層,
RPQOMLRJQHNFFAO96CA,6,191.00,見其他登記事項,鋼筋混凝土造,101年7月10日,二十三層,十四層
RPVUMLOKQHNFFAO87CA,10,23.41,見其他登記事項,鋼筋混凝土造,97年11月8日,十一層,
RPQNMLLJQHNFFAO88CA,11,60.53,見其他登記事項,鋼筋混凝土造,96年12月20日,十三層,八層
RPQNMLLJQHNFFAO88CA,11,11.40,見其他登記事項,鋼筋混凝土造,96年12月20日,十三層,
RPQNMLLJQHNFFAO88CA,11,12.60,見其他登記事項,鋼筋混凝土造,96年12月20日,十三層,
RPQNMLLJQHNFFAO88CA,11,.03,見其他登記事項,鋼筋混凝土造,96年12月20日,十三層,
RPQNMLLJQHNFFAO88CA,11,27.12,見其他登記事項,鋼筋混凝土造,96年12月20日,十三層,
RPUQMLKMPHNFFAO07CA,29,15.24,共有部分,鋼筋混凝土造,78年12月8日,000,
RPUQMLKMPHNFFAO07CA,29,106.20,住家用,鋼筋混凝土造,78年12月8日,五層,五層
RPVNMLLKQHNFFAO86CA,,18.89,共有部分,鋼筋混凝土造,107年4月3日,十四層,
RPVNMLLKQHNFFAO86CA,,44.82,共有部分,鋼筋混凝土造,107年4月3日,十四層,
RPVNMLLKQHNFFAO86CA,,87.19,見其他登記事項,鋼筋混凝土造,107年4月3日,十四層,六層
RPPQMLKMPHNFFAO56CA,37,100.65,住家用,鋼筋混凝土造,70年12月28日,五層,四層
RPPQMLKMPHNFFAO56CA,37,6.98,共有部分,鋼筋混凝土造,70年12月28日,五層,
RPPQMLKMPHNFFAO56CA,37,5.62,共有部分,鋼筋混凝土造,70年12月28日,五層,
RPUNMLLKQHNFFAO76CA,,87.19,見其他登記事項,鋼筋混凝土造,107年4月3日,十四層,三層
RPUNMLLKQHNFFAO76CA,,18.89,共有部分,鋼筋混凝土造,107年4月3日,十四層,
RPUNMLLKQHNFFAO76CA,,44.82,共有部分,鋼筋混凝土造,107年4月3日,十四層,
RPPNMLSKQHNFFAO96CA,13,18.21,見其他登記事項,鋼筋混凝土造,94年6月5日,六層,五層
RPPNMLSKQHNFFAO96CA,13,8.93,見其他登記事項,鋼筋混凝土造,94年6月5日,六層,
RPUOMLQJQHNFFAO27CA,33,88.42,住家用,鋼筋混凝土造,73年12月20日,五層,五層
RPUOMLQJQHNFFAO27CA,33,13.28,共有部分,鋼筋混凝土造,73年12月20日,五層,
RPQPMLKMPHNFFAO56CA,2,90.22,見其他登記事項,鋼筋混凝土造,105年1月25日,二十八層,二十七層
RPQPMLKMPHNFFAO56CA,2,17.07,共有部分,鋼筋混凝土造,105年1月25日,二十八層,
RPQPMLKMPHNFFAO56CA,2,25.39,共有部分,鋼筋混凝土造,105年1月25日,二十八層,
RPQPMLKMPHNFFAO56CA,2,.02,見其他登記事項,鋼筋混凝土造,105年1月25日,二十八層,
RPQPMLKMPHNFFAO56CA,2,29.26,共有部分,鋼筋混凝土造,105年1月25日,二十八層,
RPTNMLMJQHNFFAO66CA,106,14.88,住家用,土造,1年3月10日,一層,一層
RPOPMLKMPHNFFAO98CA,2,148.45,見其他登記事項,鋼筋混凝土造,105年1月25日,二十八層,七層
RPOPMLKMPHNFFAO98CA,2,28.10,共有部分,鋼筋混凝土造,105年1月25日,二十八層,
RPOPMLKMPHNFFAO98CA,2,41.76,共有部分,鋼筋混凝土造,105年1月25日,二十八層,
RPOPMLKMPHNFFAO98CA,2,.04,見其他登記事項,鋼筋混凝土造,105年1月25日,二十八層,
RPOPMLKMPHNFFAO98CA,2,58.53,共有部分,鋼筋混凝土造,105年1月25日,二十八層,
RPOPMLMJQHNFFAO98CA,28,37.80,住家用,鋼筋混凝土造,79年7月2日,十二層,六層
RPOPMLMJQHNFFAO98CA,28,15.84,共有部分,鋼筋混凝土造,79年7月2日,十二層,
RPSQMLRLPHNFFAO47CA,20,89.66,住家用,鋼筋混凝土造,87年5月30日,八層,一層
RPSQMLRLPHNFFAO47CA,20,21.98,共有部分,鋼筋混凝土造,87年5月30日,八層,
RPSQMLRLPHNFFAO47CA,20,4.27,共有部分,鋼筋混凝土造,87年5月30日,八層,
RPPQMLRLPHNFFAO17CA,10,95.20,見其他登記事項,鋼筋混凝土造,97年1月31日,十五層,三層
RPPQMLRLPHNFFAO17CA,10,69.68,見其他登記事項,鋼筋混凝土造,97年1月31日,十五層,
RPSNMLMJQHNFFAO56CA,106,14.88,住家用,土造,1年3月10日,一層,一層
RPQQMLNJQHNFFAO76CA,24,86.82,住家用,鋼筋混凝土造,83年7月13日,十二層,九層
RPQQMLNJQHNFFAO76CA,24,10.35,共有部分,鋼筋混凝土造,83年8月13日,十二層,
RPQQMLNJQHNFFAO76CA,,9.97,共有部分,鋼筋混凝土造,,十二層,
RPPNMLSLPHNFFAO96CA,25,79.71,住家用,鋼筋混凝土造,82年11月10日,五層,二層
RPPNMLSLPHNFFAO96CA,25,9.06,共有部分,鋼筋混凝土造,82年11月10日,五層,
RPPNMLSLPHNFFAO96CA,25,38.29,共有部分,鋼筋混凝土造,82年11月10日,五層,
RPQPMLPLPHNFFAO96CA,11,.12,見其他登記事項,鋼筋混凝土造,96年3月31日,六層,
RPQPMLPLPHNFFAO96CA,11,.17,見其他登記事項,鋼筋混凝土造,96年3月31日,六層,
RPQPMLPLPHNFFAO96CA,11,.12,見其他登記事項,鋼筋混凝土造,96年3月31日,六層,
RPQPMLPLPHNFFAO96CA,11,.17,見其他登記事項,鋼筋混凝土造,96年3月31日,六層,
RPQPMLPLPHNFFAO96CA,11,8.37,見其他登記事項,鋼筋混凝土造,96年3月31日,六層,
RPQPMLPLPHNFFAO96CA,11,25.77,辦公室,鋼筋混凝土造,96年3月31日,六層,三層
RPQPMLPLPHNFFAO96CA,11,37.42,見其他登記事項,鋼筋混凝土造,96年3月31日,六層,
RPVQMLQLPHNFFAO67CA,35,90.60,住家用,鋼筋混凝土造,72年11月11日,五層,三層
RPVQMLQLPHNFFAO67CA,35,6.48,共有部分,鋼筋混凝土造,72年11月11日,五層,
RPVQMLQLPHNFFAO67CA,35,5.32,共有部分,鋼筋混凝土造,72年11月11日,五層,
RPWPMLPLPHNFFAO57CA,,119.52,住商用,鋼筋混凝土造,,三層,一層 二層 三層
RPWQMLQLPHNFFAO77CA,5,234.81,見其他登記事項,鋼筋混凝土造,102年7月10日,二十六層,十三層
RPWQMLQLPHNFFAO77CA,5,59.37,共有部分,鋼筋混凝土造,102年7月10日,二十六層,
RPWQMLQLPHNFFAO77CA,5,44.46,共有部分,鋼筋混凝土造,102年7月10日,二十六層,
RPWQMLQLPHNFFAO77CA,5,.04,辦公室,鋼筋混凝土造,102年7月10日,二十六層,
RPWQMLQLPHNFFAO77CA,5,82.71,共有部分,鋼筋混凝土造,102年7月10日,二十六層,
RPUPMLKMPHNFFAO96CA,2,68.95,見其他登記事項,鋼筋混凝土造,105年9月30日,十三層,五層
RPUPMLKMPHNFFAO96CA,2,13.57,共有部分,鋼筋混凝土造,105年9月30日,十三層,
RPUPMLKMPHNFFAO96CA,2,46.97,共有部分,鋼筋混凝土造,105年9月30日,十四層,
RPTPMLKMPHNFFAO86CA,2,69.10,見其他登記事項,鋼筋混凝土造,105年9月30日,十四層,七層
RPTPMLKMPHNFFAO86CA,2,13.18,共有部分,鋼筋混凝土造,105年9月30日,十四層,
RPTPMLKMPHNFFAO86CA,2,47.44,共有部分,鋼筋混凝土造,105年9月30日,十四層,
RPVPMLKMPHNFFAO07CA,2,69.16,見其他登記事項,鋼筋混凝土造,105年9月30日,十三層,十層
RPVPMLKMPHNFFAO07CA,2,13.61,共有部分,鋼筋混凝土造,105年9月30日,十三層,
RPVPMLKMPHNFFAO07CA,2,47.03,共有部分,鋼筋混凝土造,105年9月30日,十四層,
RPRQMLQLPHNFFAO27CA,,197.94,住家用,加強磚造,,三層,一層 二層 三層
RPUQMLQLPHNFFAO57CA,,47.62,住家用,鋼筋混凝土造,,四層,二層
RPQQMLQLPHNFFAO17CA,,31.28,住家用,鋼筋混凝土造,,八層,四層
RPQQMLQLPHNFFAO17CA,,9.58,共有部分,鋼筋混凝土造,,八層,
RPWNMLRLPHNFFAO57CA,11,18.23,見其他登記事項,鋼筋混凝土造,96年6月30日,六層,四層
RPWNMLRLPHNFFAO57CA,11,10.05,見其他登記事項,鋼筋混凝土造,96年6月30日,六層,
RPWNMLRLPHNFFAO57CA,11,.04,見其他登記事項,鋼筋混凝土造,96年6月30日,六層,
RPXOMLQLPHNFFAO67CA,10,25.61,辦公室,鋼筋混凝土造,97年11月1日,七層,六層
RPXOMLQLPHNFFAO67CA,10,5.47,見其他登記事項,鋼筋混凝土造,97年11月1日,七層,
RPXOMLQLPHNFFAO67CA,10,8.74,見其他登記事項,鋼筋混凝土造,97年11月1日,七層,
RPVNMLQLPHNFFAO37CA,29,128.19,見使用執照,鋼筋混凝土造,78年4月26日,二層,一層 二層
RPWNMLQLPHNFFAO47CA,10,104.05,見其他登記事項,鋼筋混凝土造,97年10月22日,十四層,三層
RPWNMLQLPHNFFAO47CA,10,49.71,見其他登記事項,鋼筋混凝土造,97年10月22日,十四層,
RPWNMLQLPHNFFAO47CA,10,.05,見其他登記事項,鋼筋混凝土造,97年10月22日,十四層,
RPWNMLQLPHNFFAO47CA,10,.01,見其他登記事項,鋼筋混凝土造,97年10月22日,十四層,
RPWNMLQLPHNFFAO47CA,10,24.40,見其他登記事項,鋼筋混凝土造,97年10月22日,十四層,
RPWNMLQLPHNFFAO47CA,10,20.08,見其他登記事項,鋼筋混凝土造,97年10月22日,十四層,
RPOOMLQLPHNFFAO76CA,24,49.66,住家用,鋼筋混凝土造,83年11月14日,五層,三層
RPOOMLQLPHNFFAO76CA,24,13.84,共有部分,鋼筋混凝土造,83年11月14日,五層,
RPOOMLQLPHNFFAO76CA,24,29.21,共有部分,鋼筋混凝土造,83年11月14日,五層,
RPTQMLRLPHNFFAO57CA,,15.65,住家用,鋼筋混凝土造,,七層,二層
RPTQMLRLPHNFFAO57CA,,5.94,共有部分,鋼筋混凝土造,,七層,
RPROMLRLPHNFFAO17CA,39,117.30,住家用,加強磚造,68年1月15日,二層,一層 二層 騎樓
RPXPMLKMPHNFFAO27CA,2,69.10,見其他登記事項,鋼筋混凝土造,105年9月30日,十四層,五層
RPXPMLKMPHNFFAO27CA,2,13.18,共有部分,鋼筋混凝土造,105年9月30日,十四層,
RPXPMLKMPHNFFAO27CA,2,47.44,共有部分,鋼筋混凝土造,105年9月30日,十四層,
RPWPMLKMPHNFFAO17CA,2,87.76,見其他登記事項,鋼筋混凝土造,105年9月30日,十四層,十四層
RPWPMLKMPHNFFAO17CA,2,16.73,共有部分,鋼筋混凝土造,105年9月30日,十四層,
RPWPMLKMPHNFFAO17CA,2,52.67,共有部分,鋼筋混凝土造,105年9月30日,十四層,
RPSNMLQLPHNFFAO07CA,4,183.16,見其他登記事項,鋼筋混凝土造,103年8月15日,十五層,十五層
RPSNMLQLPHNFFAO07CA,4,44.81,共有部分,鋼筋混凝土造,103年8月15日,十五層,
RPSNMLQLPHNFFAO07CA,4,107.33,共有部分,鋼筋混凝土造,103年8月15日,十五層,
RPTNMLQLPHNFFAO17CA,4,167.78,見其他登記事項,鋼筋混凝土造,103年8月15日,十五層,八層
RPTNMLQLPHNFFAO17CA,4,38.97,共有部分,鋼筋混凝土造,103年8月15日,十五層,
RPTNMLQLPHNFFAO17CA,4,98.09,共有部分,鋼筋混凝土造,103年8月15日,十五層,
RPUNMLQLPHNFFAO27CA,10,24.75,見其他登記事項,鋼筋混凝土造,97年7月1日,九層,四層
RPUNMLQLPHNFFAO27CA,10,32.47,見其他登記事項,鋼筋混凝土造,97年7月1日,九層,
RPUNMLQLPHNFFAO27CA,10,.03,見其他登記事項,鋼筋混凝土造,97年7月1日,九層,
RPVQMLKMPHNFFAO17CA,2,126.38,見其他登記事項,鋼筋混凝土造,105年7月18日,十三層,十二層
RPVQMLKMPHNFFAO17CA,2,56.78,共有部分,鋼筋混凝土造,105年7月18日,十三層,
RPVQMLKMPHNFFAO17CA,2,41.19,共有部分,鋼筋混凝土造,105年7月18日,十三層,
RPQRMLNJQHNFFAO86CA,10,88.37,見其他登記事項,鋼筋混凝土造,97年1月31日,十五層,六層
RPQRMLNJQHNFFAO86CA,10,68.94,見其他登記事項,鋼筋混凝土造,97年1月31日,十五層,
RPRRMLNJQHNFFAO96CA,37,67.14,住家用,鋼筋混凝土造,70年12月11日,五層,一層 騎樓
RPRRMLNJQHNFFAO96CA,37,4.68,見使用執照,鋼筋混凝土造,70年12月11日,000,
RPPNMLLJQHNFFAO78CA,10,.99,見其他登記事項,鋼筋混凝土造,97年5月22日,七層,
RPPNMLLJQHNFFAO78CA,10,15.15,見其他登記事項,鋼筋混凝土造,97年5月22日,七層,
RPPNMLLJQHNFFAO78CA,10,27.95,見其他登記事項,鋼筋混凝土造,97年5月22日,七層,三層
RPPNMLLJQHNFFAO78CA,10,12.24,見其他登記事項,鋼筋混凝土造,97年5月22日,七層,
RPPNMLLJQHNFFAO78CA,10,7.41,見其他登記事項,鋼筋混凝土造,97年5月22日,七層,
RPRNMLKMPHNFFAO09CA,20,103.76,住家用,鋼筋混凝土造,87年12月20日,十層,五層
RPRNMLKMPHNFFAO09CA,20,16.71,共有部分,鋼筋混凝土造,87年12月20日,十層,
RPRNMLKMPHNFFAO09CA,20,3.97,共有部分,鋼筋混凝土造,87年12月20日,十層,
RPRNMLKMPHNFFAO09CA,20,32.96,共有部分,鋼筋混凝土造,87年12月20日,十層,
RPPOMLKMPHNFFAO98CA,20,35.87,見其他登記事項,鋼筋混凝土造,87年1月8日,九層,五層
RPPOMLKMPHNFFAO98CA,20,8.13,共有部分,鋼筋混凝土造,87年1月8日,九層,
RPPOMLKMPHNFFAO98CA,20,4.41,共有部分,鋼筋混凝土造,87年1月8日,九層,
RPPOMLKMPHNFFAO98CA,20,4.49,見使用執照,鋼筋混凝土造,87年1月8日,九層,
RPRPMLMJQHNFFAO66CA,38,78.90,住家用,加強磚造,69年5月8日,四層,四層
RPPSMLNJQHNFFAO86CA,7,89.77,見其他登記事項,鋼筋混凝土造,100年5月1日,十二層,四層
RPPSMLNJQHNFFAO86CA,7,17.57,共有部分,鋼筋混凝土造,100年5月1日,十二層,
RPPSMLNJQHNFFAO86CA,7,18.60,共有部分,鋼筋混凝土造,100年5月1日,十四層,
RPPSMLNJQHNFFAO86CA,7,.02,見其他登記事項,鋼筋混凝土造,100年5月1日,十四層,
RPPSMLNJQHNFFAO86CA,7,.00,共有部分,鋼筋混凝土造,100年5月1日,十二層,
RPPSMLNJQHNFFAO86CA,7,19.92,共有部分,鋼筋混凝土造,100年5月1日,十四層,
RPRNMLNJQHNFFAO56CA,10,41.77,辦公室,鋼筋混凝土造,97年7月30日,十層,八層
RPRNMLNJQHNFFAO56CA,10,25.75,見其他登記事項,鋼筋混凝土造,97年7月30日,十層,
RPRNMLNJQHNFFAO56CA,10,.15,見其他登記事項,鋼筋混凝土造,97年7月30日,十層,
RPRNMLNJQHNFFAO56CA,10,24.27,見其他登記事項,鋼筋混凝土造,97年7月30日,十層,
RPQPMLLJQHNFFAO09CA,7,.02,見其他登記事項,鋼筋混凝土造,100年5月1日,十四層,
RPQPMLLJQHNFFAO09CA,7,.00,共有部分,鋼筋混凝土造,100年5月1日,十二層,
RPQPMLLJQHNFFAO09CA,7,19.92,共有部分,鋼筋混凝土造,100年5月1日,十四層,
RPQPMLLJQHNFFAO09CA,7,83.75,見其他登記事項,鋼筋混凝土造,100年5月1日,十二層,三層
RPQPMLLJQHNFFAO09CA,7,16.23,共有部分,鋼筋混凝土造,100年5月1日,十二層,
RPQPMLLJQHNFFAO09CA,7,17.54,共有部分,鋼筋混凝土造,100年5月1日,十四層,
RPQSMLRJQHNFFAO37CA,,48.81,住家用,鋼筋混凝土造,,七層,三層
RPQSMLRJQHNFFAO37CA,27,25.46,共有部分,鋼筋混凝土造,80年12月6日,七層,
RPROMLLMPHNFFAO66CA,2,112.73,見其他登記事項,鋼筋混凝土造,105年4月12日,十四層,四層
RPROMLLMPHNFFAO66CA,2,59.86,共有部分,鋼筋混凝土造,105年4月12日,十四層,
RPROMLLMPHNFFAO66CA,2,17.86,共有部分,鋼筋混凝土造,105年4月12日,十四層,
RPOOMLLMPHNFFAO98CA,5,128.31,見其他登記事項,鋼筋混凝土造,102年9月10日,二十二層,二十一層
RPOOMLLMPHNFFAO98CA,5,105.18,共有部分,鋼筋混凝土造,102年9月10日,二十二層,
RPOSMLNJQHNFFAO76CA,19,201.49,住家用,鋼筋混凝土造,87年12月22日,三層,一層 二層 三層 騎樓
RPPNMLKLPHNFFAO09CD,,92.94,見使用執照,鋼筋混凝土造,,五層,四層
RPPNMLKLPHNFFAO09CD,,14.68,共有部分,鋼筋混凝土造,,五層,
RPRPMLRJQHNFFAO17CA,19,274.08,見其他登記事項,鋼筋混凝土造,88年11月23日,三層,一層 二層 三層 地下層
RPVSMLRJQHNFFAO87CA,20,48.92,住家用,鋼筋混凝土造,87年4月30日,十層,六層
RPVSMLRJQHNFFAO87CA,20,19.15,共有部分,鋼筋混凝土造,87年4月30日,十層,
RPTNMLQJQHNFFAO07CA,,56.61,住家用,鋼筋混凝土造,,八層,六層
RPTNMLQJQHNFFAO07CA,,18.88,共有部分,鋼筋混凝土造,,八層,
RPWNMLTKQHNFFAO77CA,27,87.10,住家用,鋼筋混凝土造,80年12月7日,五層,一層
RPWNMLTKQHNFFAO77CA,27,10.62,共有部分,鋼筋混凝土造,80年12月7日,五層,
RPQNMLNJQHNFFAO09CA,7,114.67,見其他登記事項,見其他登記事項,100年7月13日,十四層,十一層
RPQNMLNJQHNFFAO09CA,7,77.81,共有部分,見其他登記事項,100年7月13日,十四層,
RPTRMLNJQHNFFAO17CA,5,56.99,見其他登記事項,鋼筋混凝土造,102年5月13日,十四層,十層
RPTRMLNJQHNFFAO17CA,5,14.60,共有部分,鋼筋混凝土造,102年5月13日,十四層,
RPTRMLNJQHNFFAO17CA,5,32.82,共有部分,鋼筋混凝土造,102年5月13日,十四層,
RPUNMLQJQHNFFAO17CA,22,70.04,住家用,鋼筋混凝土造,85年1月31日,十五層,五層
RPUNMLQJQHNFFAO17CA,22,15.65,共有部分,鋼筋混凝土造,85年1月31日,十五層,
RPXQMLRKQHNFFAO97CA,14,126.34,見其他登記事項,鋼筋混凝土造,93年9月15日,十四層,六層
RPXQMLRKQHNFFAO97CA,14,62.75,見其他登記事項,鋼筋混凝土造,93年9月15日,十四層,
RPPRMLRKQHNFFAO27CA,15,41.65,住家用,鋼筋混凝土造,92年1月10日,十三層,七層
RPPRMLRKQHNFFAO27CA,15,10.15,見其他登記事項,鋼筋混凝土造,92年1月10日,十三層,
RPPRMLRKQHNFFAO27CA,15,7.19,見其他登記事項,鋼筋混凝土造,92年1月10日,十三層,
RPPRMLRKQHNFFAO27CA,15,3.09,見其他登記事項,鋼筋混凝土造,92年1月10日,十三層,
RPWOMLKMPHNFFAO07CA,,9.43,農舍,加強磚造,,二層,
RPOOMLQJQHNFFAO66CA,21,100.11,住家用,鋼筋混凝土造,86年10月30日,七層,二層
RPOOMLQJQHNFFAO66CA,21,41.38,共有部分,鋼筋混凝土造,86年10月30日,七層,
RPOOMLQJQHNFFAO66CA,21,20.24,共有部分,鋼筋混凝土造,86年10月30日,七層,
RPPOMLLKQHNFFAO98CA,,175.15,見其他登記事項,鋼筋混凝土造,107年2月9日,四層,一層 二層 三層 四層 見其他登記事項
RPWNMLLKQHNFFAO96CA,,171.74,見其他登記事項,鋼筋混凝土造,107年2月9日,四層,一層 二層 三層 四層 見其他登記事項
RPTOMLPKQHNFFAO17CA,7,77.28,共有部分,見其他登記事項,100年7月13日,十四層,
RPTOMLPKQHNFFAO17CA,7,114.02,見其他登記事項,見其他登記事項,100年7月13日,十三層,十三層
RPQNMLSKQHNFFAO07CA,3,214.89,見其他登記事項,鋼筋混凝土造,104年7月30日,四層,一層 二層 三層 四層 見其他登記事項
RPSNMLLJQHNFFAO09CA,23,11.14,共有部分,鋼筋混凝土造,84年10月2日,八層,
RPSNMLLJQHNFFAO09CA,23,100.46,住家用,鋼筋混凝土造,84年10月2日,八層,六層
RPORMLKMPHNFFAO56CA,3,129.16,見其他登記事項,鋼筋混凝土造,104年8月10日,二十一層,四層
RPSNMLLJQHNFFAO09CA,23,23.75,共有部分,鋼筋混凝土造,84年10月2日,八層,
RPORMLKMPHNFFAO56CA,3,47.14,共有部分,鋼筋混凝土造,104年8月10日,二十一層,
RPORMLKMPHNFFAO56CA,3,77.45,共有部分,鋼筋混凝土造,104年8月10日,二十一層,
RPQNMLSLPHNFFAO07CA,21,88.22,住家用,鋼筋混凝土造,86年2月4日,八層,三層
RPQNMLSLPHNFFAO07CA,21,27.93,共有部分,鋼筋混凝土造,86年2月4日,八層,
RPQNMLSLPHNFFAO07CA,21,6.95,共有部分,鋼筋混凝土造,86年2月4日,八層,
RPOOMLLKQHNFFAO88CA,,177.93,見其他登記事項,鋼筋混凝土造,107年2月9日,四層,一層 二層 三層 四層 見其他登記事項
RPOOMLRLPHNFFAO86CA,4,.02,見其他登記事項,鋼筋混凝土造,103年11月17日,二十五層,一層
RPOOMLRLPHNFFAO86CA,4,.01,共有部分,鋼筋混凝土造,103年11月17日,二十五層,
RPOOMLRLPHNFFAO86CA,4,16.94,共有部分,鋼筋混凝土造,103年11月17日,二十七層,
RPOQMLQJQHNFFAO86CA,8,95.77,見其他登記事項,鋼筋混凝土造,99年8月24日,十二層,八層
RPOQMLQJQHNFFAO86CA,8,.07,見其他登記事項,鋼筋混凝土造,99年8月24日,十二層,
RPOQMLQJQHNFFAO86CA,8,31.03,共有部分,鋼筋混凝土造,99年8月24日,十四層,
RPOQMLQJQHNFFAO86CA,8,25.34,共有部分,鋼筋混凝土造,99年8月24日,十四層,
RPOQMLQJQHNFFAO86CA,8,17.99,共有部分,鋼筋混凝土造,99年8月24日,十二層,
RPXNMLRLPHNFFAO67CA,4,.02,見其他登記事項,鋼筋混凝土造,103年11月17日,二十五層,一層
RPXNMLRLPHNFFAO67CA,4,.01,共有部分,鋼筋混凝土造,103年11月17日,二十五層,
RPXNMLRLPHNFFAO67CA,4,16.94,共有部分,鋼筋混凝土造,103年11月17日,二十七層,
RPSNMLSLPHNFFAO27CA,,56.40,住家用,加強磚造,,二層,一層 二層
RPPOMLRLPHNFFAO96CA,4,.02,見其他登記事項,鋼筋混凝土造,103年11月17日,二十五層,一層
RPPOMLRLPHNFFAO96CA,4,.01,共有部分,鋼筋混凝土造,103年11月17日,二十五層,
RPPOMLRLPHNFFAO96CA,4,16.94,共有部分,鋼筋混凝土造,103年11月17日,二十七層,
RPTNMLSLPHNFFAO37CA,13,1.53,見其他登記事項,鋼筋混凝土造,94年2月20日,四層,
RPTNMLSLPHNFFAO37CA,13,.48,共有部分,鋼筋混凝土造,94年2月20日,四層,
RPTNMLSLPHNFFAO37CA,13,40.55,共有部分,鋼筋混凝土造,94年2月20日,四層,
RPTNMLSLPHNFFAO37CA,13,30.98,見其他登記事項,鋼筋混凝土造,94年2月20日,四層,二層
RPTNMLSLPHNFFAO37CA,13,10.36,共有部分,鋼筋混凝土造,94年2月20日,四層,
RPXPMLRLPHNFFAO87CA,,125.26,住家用,加強磚造,,二層,一層 二層
RPQPMLLMPHNFFAO66CA,5,.01,見其他登記事項,鋼筋混凝土造,102年9月16日,十四層,
RPQPMLLMPHNFFAO66CA,5,.00,共有部分,鋼筋混凝土造,102年9月16日,十四層,
RPQPMLLMPHNFFAO66CA,5,19.01,共有部分,鋼筋混凝土造,102年9月16日,十四層,
RPQPMLLMPHNFFAO66CA,5,83.88,見其他登記事項,鋼筋混凝土造,102年9月16日,十四層,五層
RPQPMLLMPHNFFAO66CA,5,15.14,共有部分,鋼筋混凝土造,102年9月16日,十四層,
RPQPMLLMPHNFFAO66CA,5,22.51,共有部分,鋼筋混凝土造,102年9月16日,十四層,
RPSPMLQLPHNFFAO27CA,,53.48,見其他登記事項,鋼筋混凝土造,107年2月1日,五層,三層
RPSPMLQLPHNFFAO27CA,,21.51,共有部分,鋼筋混凝土造,107年2月1日,五層,
RPWOMLLMPHNFFAO17CA,26,48.56,住家用,鋼筋混凝土造,81年7月21日,五層,一層
RPWOMLLMPHNFFAO17CA,26,6.93,共有部分,鋼筋混凝土造,81年7月21日,五層,
RPOQMLQLPHNFFAO96CA,20,94.37,住家用,鋼筋混凝土造,87年5月30日,八層,四層
RPOQMLQLPHNFFAO96CA,20,22.73,共有部分,鋼筋混凝土造,87年5月30日,八層,
RPOQMLQLPHNFFAO96CA,20,13.98,共有部分,鋼筋混凝土造,87年5月30日,八層,
RPWPMLNJQHNFFAO27CA,19,25.23,住家用,鋼筋混凝土造,88年8月10日,六層,六層
RPWPMLNJQHNFFAO27CA,19,7.16,共有部分,鋼筋混凝土造,88年8月10日,六層,
RPWPMLNJQHNFFAO27CA,19,6.14,共有部分,鋼筋混凝土造,88年8月10日,六層,
RPWPMLNJQHNFFAO27CA,19,.13,見其他登記事項,鋼筋混凝土造,88年8月10日,六層,
RPWPMLNJQHNFFAO27CA,19,13.62,共有部分,鋼筋混凝土造,88年8月10日,六層,
RPUOMLRLPHNFFAO47CA,3,105.85,見其他登記事項,鋼筋混凝土造,103年12月8日,二十八層,二十八層
RPUOMLRLPHNFFAO47CA,3,23.58,共有部分,鋼筋混凝土造,103年12月8日,二十八層,
RPUOMLRLPHNFFAO47CA,3,27.01,共有部分,鋼筋混凝土造,103年12月8日,二十八層,
RPUOMLRLPHNFFAO47CA,3,29.75,共有部分,鋼筋混凝土造,103年12月8日,二十八層,
RPUOMLRLPHNFFAO47CA,3,.01,辦公室,鋼筋混凝土造,103年12月8日,二十八層,
RPUOMLRLPHNFFAO47CA,3,.11,共有部分,鋼筋混凝土造,103年12月8日,二十八層,
RPUOMLRLPHNFFAO47CA,3,.02,辦公室,鋼筋混凝土造,103年12月8日,二十八層,
RPTOMLRLPHNFFAO37CA,3,137.55,見其他登記事項,鋼筋混凝土造,103年12月8日,二十八層,十一層
RPTOMLRLPHNFFAO37CA,3,34.85,共有部分,鋼筋混凝土造,103年12月8日,二十八層,
RPTOMLRLPHNFFAO37CA,3,30.90,共有部分,鋼筋混凝土造,103年12月8日,二十八層,
RPTOMLRLPHNFFAO37CA,3,.01,辦公室,鋼筋混凝土造,103年12月8日,二十八層,
RPTOMLRLPHNFFAO37CA,3,29.75,共有部分,鋼筋混凝土造,103年12月8日,二十八層,
RPTOMLRLPHNFFAO37CA,3,.02,辦公室,鋼筋混凝土造,103年12月8日,二十八層,
RPTOMLRLPHNFFAO37CA,3,.11,共有部分,鋼筋混凝土造,103年12月8日,二十八層,
RPOQMLNJQHNFFAO56CA,3,105.77,見其他登記事項,鋼筋混凝土造,104年2月6日,十一層,七層
RPOQMLNJQHNFFAO56CA,3,27.33,共有部分,鋼筋混凝土造,104年2月6日,十一層,
RPOQMLNJQHNFFAO56CA,3,23.83,共有部分,鋼筋混凝土造,104年2月6日,十一層,
RPOQMLNJQHNFFAO56CA,3,8.77,共有部分,鋼筋混凝土造,104年2月6日,十一層,
RPSPMLMJQHNFFAO76CA,23,159.56,住家用,鋼筋混凝土造,84年8月23日,七層,三層
RPSPMLMJQHNFFAO76CA,23,58.60,見使用執照,鋼筋混凝土造,84年8月23日,七層,
RPROMLMJQHNFFAO56CA,22,129.79,住家用,鋼筋混凝土造,85年11月14日,二十一層,十二層
RPROMLMJQHNFFAO56CA,22,21.19,共有部分,鋼筋混凝土造,85年11月14日,二十一層,
RPROMLMJQHNFFAO56CA,22,.93,共有部分,鋼筋混凝土造,85年11月14日,二十一層,
RPROMLMJQHNFFAO56CA,22,31.47,共有部分,鋼筋混凝土造,85年11月14日,二十一層,
RPXOMLLMPHNFFAO27CA,4,195.53,見其他登記事項,鋼筋混凝土造,103年8月11日,四層,一層 二層 三層 四層 見其他登記事項
RPSRMLNJQHNFFAO07CA,22,187.79,住家用,鋼筋混凝土造,85年3月21日,三層,一層 二層 三層 地下一層
RPSRMLNJQHNFFAO07CA,22,14.24,共有部分,鋼筋混凝土造,85年3月21日,三層,
RPUOMLPKQHNFFAO27CA,7,107.72,見其他登記事項,見其他登記事項,100年7月13日,十三層,十層
RPUOMLPKQHNFFAO27CA,7,73.11,共有部分,見其他登記事項,100年7月13日,十四層,
RPVOMLLKQHNFFAO96CA,1,69.37,見其他登記事項,鋼筋混凝土造,106年12月15日,八層,三層
RPVOMLLKQHNFFAO96CA,1,34.92,共有部分,鋼筋混凝土造,106年12月15日,八層,
RPVOMLLKQHNFFAO96CA,1,19.73,共有部分,鋼筋混凝土造,106年12月15日,八層,
RPSNMLLMPHNFFAO66CA,3,220.81,見其他登記事項,鋼筋混凝土造,104年6月10日,四層,一層 二層 三層 四層 見其他登記事項
RPRNMLSKQHNFFAO17CA,6,82.60,見其他登記事項,鋼筋混凝土造,101年10月10日,十層,六層
RPRNMLSKQHNFFAO17CA,6,12.30,共有部分,鋼筋混凝土造,101年10月10日,十層,
RPRNMLSKQHNFFAO17CA,6,12.37,共有部分,鋼筋混凝土造,101年10月10日,十四層,
RPRNMLSKQHNFFAO17CA,6,45.64,共有部分,鋼筋混凝土造,101年10月10日,十四層,
RPPPMLNKQHNFFAO66CA,20,87.81,住家用,鋼筋混凝土造,87年6月23日,二十一層,二層
RPPPMLNKQHNFFAO66CA,20,29.41,共有部分,鋼筋混凝土造,87年6月23日,二十二層,
RPPPMLNKQHNFFAO66CA,20,39.38,停車空間,鋼筋混凝土造,87年6月23日,二十二層,
RPPPMLNKQHNFFAO66CA,20,1.45,見其他登記事項,鋼筋混凝土造,87年6月23日,二十一層,
RPPPMLNKQHNFFAO66CA,20,.29,見其他登記事項,鋼筋混凝土造,87年6月23日,二十一層,
RPUNMLNKQHNFFAO96CA,18,30.60,住家用,鋼筋混凝土造,89年4月17日,十四層,十層
RPUNMLNKQHNFFAO96CA,18,8.73,共有部分,鋼筋混凝土造,89年4月17日,十四層,
RPOPMLNKQHNFFAO56CA,24,49.66,住家用,鋼筋混凝土造,83年11月14日,五層,二層
RPOPMLNKQHNFFAO56CA,24,13.68,共有部分,鋼筋混凝土造,83年11月14日,五層,
RPOPMLNKQHNFFAO56CA,24,29.21,共有部分,鋼筋混凝土造,83年11月14日,五層,
RPOPMLRLPHNFFAO17EA,26,46.48,住家用,鋼筋混凝土造,81年1月29日,十二層,一層
RPOPMLRLPHNFFAO17EA,26,5.26,共有部分,鋼筋混凝土造,81年1月29日,000,
RPOPMLRLPHNFFAO17EA,26,11.12,共有部分,鋼筋混凝土造,81年1月29日,十二層,
RPPNMLPJQHNFFAO56CA,26,132.76,見使用執照,鋼造,81年7月18日,十六層,五層
RPPNMLPJQHNFFAO56CA,26,189.87,見使用執照,鋼造,81年7月18日,十六層,五層
RPPNMLPJQHNFFAO56CA,26,142.39,見使用執照,鋼造,81年7月18日,十六層,五層
RPPNMLPJQHNFFAO56CA,26,126.25,見使用執照,鋼造,81年7月18日,十六層,五層
RPPNMLPJQHNFFAO56CA,26,35.60,見使用執照,鋼造,81年7月18日,十六層,
RPPNMLPJQHNFFAO56CA,26,25.68,共有部分,見其他登記事項,81年7月18日,十六層,
RPPNMLPJQHNFFAO56CA,26,47.91,共有部分,鋼造,81年7月18日,十六層,
RPPNMLPJQHNFFAO56CA,26,25.68,共有部分,見其他登記事項,81年7月18日,十六層,
RPPNMLPJQHNFFAO56CA,26,51.76,共有部分,鋼造,81年7月18日,十六層,
RPPNMLPJQHNFFAO56CA,26,25.68,共有部分,見其他登記事項,81年7月18日,十六層,
RPPNMLPJQHNFFAO56CA,26,44.41,共有部分,鋼造,81年7月18日,十六層,
RPPNMLPJQHNFFAO56CA,26,25.68,共有部分,見其他登記事項,81年7月18日,十六層,
RPPNMLPJQHNFFAO56CA,26,39.87,共有部分,鋼造,81年7月18日,十六層,
RPPNMLPJQHNFFAO56CA,26,29.73,共有部分,鋼造,81年7月18日,十六層,
RPSNMLSKQHNFFAO27CA,7,217.64,見其他登記事項,鋼筋混凝土造,100年11月30日,四層,一層 二層 三層 四層 見其他登記事項
RPWNMLNKQHNFFAO17CA,26,98.78,住家用,鋼筋混凝土造,81年8月12日,六層,四層
RPWNMLNKQHNFFAO17CA,26,30.00,共有部分,鋼筋混凝土造,81年8月12日,六層,
RPWNMLNKQHNFFAO17CA,26,12.73,共有部分,鋼筋混凝土造,81年8月12日,六層,
RPWNMLNKQHNFFAO17CA,26,.33,,鋼筋混凝土造,81年8月12日,六層,
RPOPMLKLQHNFFAO98CA,6,81.54,見其他登記事項,鋼筋混凝土造,101年10月10日,十層,五層
RPOPMLKLQHNFFAO98CA,6,12.30,共有部分,鋼筋混凝土造,101年10月10日,十層,
RPOPMLKLQHNFFAO98CA,6,12.21,共有部分,鋼筋混凝土造,101年10月10日,十四層,
RPOPMLKLQHNFFAO98CA,6,48.96,共有部分,鋼筋混凝土造,101年10月10日,十四層,
RPXSMLRJQHNFFAO08CA,22,30.14,住家用,鋼筋混凝土造,85年8月30日,十二層,六層
RPXSMLRJQHNFFAO08CA,22,34.60,共有部分,鋼筋混凝土造,85年8月30日,十二層,
RPPNMLLMPHNFFAO56EA,45,97.16,住家用,加強磚造,62年9月25日,二層,一層 二層
RPPNMLLMPHNFFAO56EA,45,97.16,住家用,加強磚造,62年9月25日,二層,一層 二層
RPQNMLPJQHNFFAO66CA,18,307.05,辦公室,鋼筋混凝土造,89年5月1日,十一層,三層
RPQNMLPJQHNFFAO66CA,18,110.53,見其他登記事項,鋼筋混凝土造,89年5月1日,十一層,
RPQNMLPJQHNFFAO66CA,18,51.22,見其他登記事項,鋼筋混凝土造,89年5月1日,十一層,
RPSSMLRJQHNFFAO57CA,34,75.64,住家用,鋼筋混凝土造,73年6月30日,五層,二層
RPSSMLRJQHNFFAO57CA,34,16.60,共有部分,鋼筋混凝土造,73年6月30日,000,
RPQSMLNJQHNFFAO96CA,24,33.46,住家用,鋼筋混凝土造,82年11月4日,九層,七層
RPQSMLNJQHNFFAO96CA,24,.56,住家用,鋼筋混凝土造,82年11月4日,九層,
RPQSMLNJQHNFFAO96CA,24,.04,共有部分,鋼筋混凝土造,82年11月4日,九層,
RPQSMLNJQHNFFAO96CA,24,15.47,共有部分,鋼筋混凝土造,82年11月4日,九層,
RPVQMLOKQHNFFAO47CA,33,93.48,住家用,鋼筋混凝土造,74年12月12日,二層,一層 二層
RPQNMLLMPHNFFAO09CA,27,55.65,見其他登記事項,鋼筋混凝土造,80年9月9日,七層,三層
RPQNMLLMPHNFFAO09CA,27,18.05,共有部分,鋼筋混凝土造,80年9月9日,七層,
RPQNMLLMPHNFFAO09CA,27,3.90,共有部分,鋼筋混凝土造,80年9月9日,七層,
RPVOMLOLQHNFFAO37CA,3,87.58,見其他登記事項,鋼筋混凝土造,104年6月20日,十一層,七層
RPVOMLOLQHNFFAO37CA,3,11.38,共有部分,鋼筋混凝土造,104年6月20日,十一層,
RPVOMLOLQHNFFAO37CA,3,50.64,共有部分,鋼筋混凝土造,104年6月20日,十一層,
RPUNMLLMPHNFFAO86CA,1,108.16,見其他登記事項,鋼筋混凝土造,106年12月8日,十五層,二層
RPUNMLLMPHNFFAO86CA,1,26.09,共有部分,鋼筋混凝土造,106年12月8日,十五層,
RPUNMLLMPHNFFAO86CA,1,13.63,共有部分,鋼筋混凝土造,106年12月8日,十五層,
RPUNMLLMPHNFFAO86CA,1,.09,見其他登記事項,鋼筋混凝土造,106年12月8日,十五層,
RPUNMLLMPHNFFAO86CA,1,3.74,共有部分,鋼筋混凝土造,106年12月8日,十五層,
RPUNMLLMPHNFFAO86CA,1,48.20,共有部分,鋼筋混凝土造,106年12月8日,十五層,
RPSPMLLMPHNFFAO86CA,12,19.56,住家用,鋼筋混凝土造,95年2月15日,六層,四層
RPSPMLLMPHNFFAO86CA,12,9.89,見其他登記事項,鋼筋混凝土造,95年2月15日,六層,
RPUNMLMJQHNFFAO76CA,5,.12,見其他登記事項,鋼筋混凝土造,102年8月26日,二十層,一層
RPUNMLMJQHNFFAO76CA,5,72.58,共有部分,鋼筋混凝土造,102年8月26日,二十層,
RPUPMLLMPHNFFAO07CA,2,118.85,見其他登記事項,鋼筋混凝土造,105年5月7日,九層,八層
RPUPMLLMPHNFFAO07CA,2,51.95,共有部分,鋼筋混凝土造,105年5月7日,九層,
RPUPMLLMPHNFFAO07CA,2,29.98,共有部分,鋼筋混凝土造,105年5月7日,九層,
RPTOMLQJQHNFFAO17CA,24,87.35,住家用,鋼筋混凝土造,83年7月29日,七層,二層
RPTOMLQJQHNFFAO17CA,24,8.88,共有部分,鋼筋混凝土造,83年7月29日,七層,
RPTOMLQJQHNFFAO17CA,24,30.24,見使用執照,鋼筋混凝土造,83年7月29日,七層,
RPVOMLMJQHNFFAO96CA,11,213.54,見其他登記事項,鋼筋混凝土造,96年3月8日,三層,一層 二層 三層 見其他登記事項
RPXOMLTJQHNFFAO87CA,,100.10,住家用,加強磚造,,二層,一層 二層
RPTPMLLMPHNFFAO96CA,2,118.85,見其他登記事項,鋼筋混凝土造,105年5月7日,九層,五層
RPTPMLLMPHNFFAO96CA,2,40.67,共有部分,鋼筋混凝土造,105年5月7日,九層,
RPTPMLLMPHNFFAO96CA,2,29.98,共有部分,鋼筋混凝土造,105年5月7日,九層,
RPRNMLRJQHNFFAO96CA,2,165.54,見其他登記事項,鋼筋混凝土造,105年5月1日,二十二層,二十一層 二十二層
RPRNMLRJQHNFFAO96CA,2,34.64,共有部分,鋼筋混凝土造,105年5月1日,二十三層,
RPRNMLRJQHNFFAO96CA,2,91.68,共有部分,鋼筋混凝土造,105年5月1日,二十三層,
RPRNMLOJQHNFFAO66CA,20,111.97,見其他登記事項,鋼筋混凝土造,87年4月10日,十二層,四層
RPRNMLOJQHNFFAO66CA,20,20.17,見其他登記事項,鋼筋混凝土造,87年4月10日,十二層,
RPRNMLOJQHNFFAO66CA,20,28.94,見其他登記事項,鋼筋混凝土造,87年4月10日,十二層,
RPRNMLOJQHNFFAO66CA,20,.38,見其他登記事項,鋼筋混凝土造,87年4月10日,十二層,
RPRNMLOJQHNFFAO66CA,20,.08,見其他登記事項,鋼筋混凝土造,87年4月10日,十二層,
RPRNMLOJQHNFFAO66CA,20,.11,見其他登記事項,鋼筋混凝土造,87年4月10日,十二層,
RPRNMLOJQHNFFAO66CA,20,.24,見其他登記事項,鋼筋混凝土造,87年4月10日,十二層,
RPRNMLOJQHNFFAO66CA,20,.05,見其他登記事項,鋼筋混凝土造,87年4月10日,十二層,
RPRNMLOJQHNFFAO66CA,20,.07,見其他登記事項,鋼筋混凝土造,87年4月10日,十二層,
RPUNMLNJQHNFFAO86CA,6,.02,見其他登記事項,鋼筋混凝土造,101年8月21日,十一層,
RPUNMLNJQHNFFAO86CA,6,85.11,見其他登記事項,鋼筋混凝土造,101年8月21日,十一層,六層
RPUNMLNJQHNFFAO86CA,6,14.82,共有部分,鋼筋混凝土造,101年8月21日,十一層,
RPUNMLNJQHNFFAO86CA,6,25.74,共有部分,鋼筋混凝土造,101年8月21日,十一層,
RPUNMLNJQHNFFAO86CA,6,.00,共有部分,鋼筋混凝土造,101年8月21日,十一層,
RPUNMLNJQHNFFAO86CA,6,21.48,共有部分,鋼筋混凝土造,101年8月21日,十一層,
RPXNMLKKQHNFFAO96CA,,382.67,住商用,鋼筋混凝土造,,三層,一層 二層 三層 騎樓 地下一層
RPVQMLNJQHNFFAO27CA,12,356.35,住家用,鋼筋混凝土造,95年12月10日,四層,一層 二層 三層 四層 地下一層 見其他登記事項
RPVQMLNJQHNFFAO27CA,12,46.06,見其他登記事項,鋼筋混凝土造,95年12月10日,四層,
RPVQMLNJQHNFFAO27CA,12,4.41,見其他登記事項,鋼筋混凝土造,95年12月10日,四層,
RPPQMLNJQHNFFAO66CA,8,252.75,見其他登記事項,鋼筋混凝土造,99年6月11日,五層,一層 二層 三層 四層 五層
RPVOMLLMPHNFFAO07CA,,227.34,見其他登記事項,鋼筋混凝土造,107年5月14日,四層,一層 二層 三層 四層 騎樓 見其他登記事項
RPOOMLLJQHNFFAO78CA,2,366.53,見其他登記事項,鋼筋混凝土造,105年8月8日,五層,一層 二層 三層 四層 五層 見其他登記事項
RPPPMLQJQHNFFAO86CA,5,115.77,見其他登記事項,鋼筋混凝土造,102年9月16日,十四層,十層
RPPPMLQJQHNFFAO86CA,5,16.10,共有部分,鋼筋混凝土造,102年9月16日,十四層,
RPPPMLQJQHNFFAO86CA,5,35.88,共有部分,鋼筋混凝土造,102年9月16日,十四層,
RPPPMLQJQHNFFAO86CA,5,.02,見其他登記事項,鋼筋混凝土造,102年9月16日,十四層,
RPPPMLQJQHNFFAO86CA,5,.00,共有部分,鋼筋混凝土造,102年9月16日,十四層,
RPPPMLQJQHNFFAO86CA,5,36.57,共有部分,鋼筋混凝土造,102年9月16日,十四層,
RPQNMLOKQHNFFAO66CA,47,23.52,見其他登記事項,加強磚造,60年12月30日,一層,一層 騎樓
RPSOMLKKQHNFFAO56CA,20,86.73,住家用,鋼筋混凝土造,87年7月18日,二十二層,十二層
RPSOMLKKQHNFFAO56CA,20,28.27,見其他登記事項,鋼筋混凝土造,87年7月18日,二十二層,
RPSOMLKKQHNFFAO56CA,20,1.45,見其他登記事項,鋼筋混凝土造,87年6月23日,二十一層,
RPSOMLKKQHNFFAO56CA,20,.29,見其他登記事項,鋼筋混凝土造,87年6月23日,二十一層,
RPOOMLKKQHNFFAO78CA,2,268.16,見其他登記事項,鋼筋混凝土造,105年8月14日,四層,一層 二層 三層 四層 見其他登記事項
RPQOMLNJQHNFFAO56CA,1,194.13,見其他登記事項,鋼筋混凝土造,106年12月13日,三層,一層 二層 三層 見其他登記事項
RPQOMLNJQHNFFAO56CA,1,.49,共有部分,鋼筋混凝土造,106年12月13日,一層,
RPVNMLTJQHNFFAO57CA,9,109.70,見其他登記事項,鋼筋混凝土造,98年3月31日,十層,四層
RPVNMLTJQHNFFAO57CA,9,66.12,見其他登記事項,鋼筋混凝土造,98年3月31日,十四層,
RPVNMLSJQHNFFAO47CA,25,82.34,住家用,鋼筋混凝土造,82年9月27日,五層,三層
RPVNMLSJQHNFFAO47CA,25,11.33,共有部分,鋼筋混凝土造,82年9月27日,五層,
RPVNMLSJQHNFFAO47CA,25,27.70,共有部分,鋼筋混凝土造,82年9月27日,000,
RPSQMLPKQHNFFAO27CA,4,150.43,見其他登記事項,鋼筋混凝土造,103年1月10日,十四層,十二層
RPSQMLPKQHNFFAO27CA,4,21.59,共有部分,鋼筋混凝土造,103年1月10日,十四層,
RPSQMLPKQHNFFAO27CA,4,46.78,共有部分,鋼筋混凝土造,103年1月10日,十四層,
RPSQMLPKQHNFFAO27CA,4,.34,辦公室,鋼筋混凝土造,103年1月10日,十四層,
RPSQMLPKQHNFFAO27CA,4,89.39,共有部分,鋼筋混凝土造,103年1月10日,十四層,
RPVQMLRKQHNFFAO77CA,39,104.37,住家用,加強磚造,68年9月10日,一層,一層
RPWQMLRKQHNFFAO87CA,17,23.17,住家用,鋼筋混凝土造,90年2月16日,四層,一層
RPWQMLRKQHNFFAO87CA,17,9.86,共有部分,鋼筋混凝土造,90年2月16日,四層,
RPQOMLQKQHNFFAO96CA,47,90.20,住家用,加強磚造,60年8月9日,二層,一層 二層
RPOOMLOKQHNFFAO56CA,,74.73,見其他登記事項,鋼筋混凝土造,107年5月16日,七層,三層
RPOOMLOKQHNFFAO56CA,,75.07,共有部分,鋼筋混凝土造,107年5月16日,七層,
RPXNMLOKQHNFFAO37CA,,68.61,見其他登記事項,鋼筋混凝土造,107年5月16日,七層,二層
RPXNMLOKQHNFFAO37CA,,52.92,共有部分,鋼筋混凝土造,107年5月16日,七層,
RPPOMLOKQHNFFAO66CA,,76.83,見其他登記事項,鋼筋混凝土造,107年5月16日,七層,三層
RPPOMLOKQHNFFAO66CA,,56.97,共有部分,鋼筋混凝土造,107年5月16日,七層,
RPQOMLOKQHNFFAO76CA,,74.73,見其他登記事項,鋼筋混凝土造,107年5月16日,七層,四層
RPQOMLOKQHNFFAO76CA,,75.06,共有部分,鋼筋混凝土造,107年5月16日,七層,
RPROMLOKQHNFFAO86CA,,71.61,見其他登記事項,鋼筋混凝土造,107年5月16日,七層,五層
RPROMLOKQHNFFAO86CA,,35.26,共有部分,鋼筋混凝土造,107年5月16日,七層,
RPSOMLOKQHNFFAO96CA,,68.61,見其他登記事項,鋼筋混凝土造,107年5月16日,七層,六層
RPSOMLOKQHNFFAO96CA,,72.05,共有部分,鋼筋混凝土造,107年5月16日,七層,
RPTOMLOKQHNFFAO07CA,,74.73,見其他登記事項,鋼筋混凝土造,107年5月16日,七層,七層
RPTOMLOKQHNFFAO07CA,,75.06,共有部分,鋼筋混凝土造,107年5月16日,七層,
RPXOMLOKQHNFFAO47CA,34,85.00,住家用,加強磚造,73年9月24日,二層,一層 二層
RPSQMLOKQHNFFAO17CA,22,62.34,商業用,鋼筋混凝土造,85年1月31日,十四層,十層
RPSQMLOKQHNFFAO17CA,22,40.69,共有部分,鋼筋混凝土造,85年1月31日,十四層,
