﻿鄉鎮市區,交易標的,土地區段位置/建物區段門牌,土地移轉總面積(平方公尺),都市土地使用分區,非都市土地使用分區,非都市土地使用編定,交易年月日,交易筆棟數,移轉層次,總樓層數,建物型態,主要用途,主要建材,建築完成年月,建物移轉總面積(平方公尺),建物現況格局-房,建物現況格局-廳,建物現況格局-衛,建物現況格局-隔間,有無管理組織,總價(元),單價(元/平方公尺),車位類別,車位移轉總面積(平方公尺),車位總價(元),備註,編號
The villages and towns urban district,transaction sign,land sector position/building sector house number plate,land shifting total area (square meter),the use zoning or compiles and checks,the non-metropolis land use district,non-metropolis land use,transaction year, month and day,transaction pen number,shifting level,total floor number,building state,main use,main building materials,construction to complete the years,building shifting total area,Building present situation pattern - room,building present situation pattern - hall,building present situation pattern - health,building present situation pattern - compartmented,Whether there is manages the organization,total price (Yuan),the unit price (a Yuan/square meter),the berth category,berth shifting total area (square meter),the berth total price (Yuan),the note,serial number
新竹市,房地(土地+建物),新竹市新竹市中華路一段105巷2弄1~30號,93.58,,鄉村區,乙種建築用地,1070623,土地1建物1車位0,全,二層,透天厝,住家用,加強磚造,0650319,109.35,4,2,4,有,無,10000000,91449,,0.0,0,含增建或未登記建物。;,RPUNMLOLPHNFFAO07CA
新竹市,房地(土地+建物),新竹市新竹市延平路一段357巷121~150號,100.81,,鄉村區,乙種建築用地,1070627,土地3建物1車位0,全,四層,透天厝,見其他登記事項,鋼筋混凝土造,1040420,299.67,4,2,5,有,無,20600000,68742,,0.0,0,,RPWNMLOLPHNFFAO27CA
新竹市,房地(土地+建物),新竹市新竹市自由路61~90號,2.77,商,,,1070702,土地1建物1車位0,八層,十三層,套房(1房1廳1衛),住家用,鋼筋混凝土造,0920110,38.06,1,1,1,有,有,2000000,52549,,0.0,0,,RPROMLOLPHNFFAO86CA
新竹市,房地(土地+建物),新竹市新竹市經國路二段181~210號,9.09,商,,,1070520,土地1建物1車位0,七層,十一層,住宅大樓(11層含以上有電梯),辦公室,鋼筋混凝土造,0971108,81.97,3,2,2,有,有,6000000,73198,,0.0,0,含增建或未登記建物。;公契立約日：107.05.30,RPVOMLOLPHNFFAO27CA
新竹市,房地(土地+建物),新竹市新竹市民主路211~240號,25.63,其他,,,1070630,土地1建物1車位0,六層,七層,華廈(10層含以下有電梯),住家用,鋼筋混凝土造,0840715,166.71,4,2,2,有,有,6550000,39290,,0.0,0,,RPWPMLOLPHNFFAO47CA
新竹市,房地(土地+建物)+車位,新竹市新竹市金山六街31~60號,9.34,住,,,1070617,土地1建物1車位1,五層,六層,套房(1房1廳1衛),住家用,鋼筋混凝土造,0941116,37.989999999999995,1,1,1,有,有,3050000,80284,一樓平面,0.0,0,,RPPQMLOLPHNFFAO86CA
新竹市,房地(土地+建物),新竹市新竹市草漯街205巷31~60號,117.81,,山坡地保育區,丙種建築用地,1070701,土地7建物1車位0,全,四層,透天厝,見其他登記事項,鋼筋混凝土造,1061213,215.67000000000002,4,2,4,有,有,9000000,41730,,0.0,0,,RPPOMLPLPHNFFAO76CA
新竹市,房地(土地+建物),新竹市新竹市草漯街211~240號,133.01,,一般農業區,丙種建築用地,1070704,土地7建物1車位0,全,三層,透天厝,見其他登記事項,鋼筋混凝土造,1061213,194.62,4,2,5,有,有,9880000,50766,,0.0,0,,RPQOMLPLPHNFFAO86CA
新竹市,房地(土地+建物),新竹市新竹市草漯街205巷1~30號,133.44,,山坡地保育區,丙種建築用地,1070705,土地7建物1車位0,全,三層,透天厝,見其他登記事項,鋼筋混凝土造,1061213,184.54000000000002,4,2,4,有,有,9900000,53647,,0.0,0,,RPROMLPLPHNFFAO96CA
新竹市,房地(土地+建物)+車位,新竹市新竹市大學路31~60號,21.07,住,,,1070524,土地2建物1車位1,十四層,二十一層,住宅大樓(11層含以上有電梯),住家用,鋼筋混凝土造,0851114,196.47,4,2,2,有,有,13400000,68204,坡道平面,0.0,0,親友、員工或其他特殊關係間之交易。;,RPSOMLRLPHNFFAO27CA
新竹市,房地(土地+建物)+車位,新竹市新竹市埔頂三路151~180號,12.86,住,,,1070604,土地1建物1車位1,五層,十五層,住宅大樓(11層含以上有電梯),見其他登記事項,鋼筋混凝土造,1010229,115.2,2,2,1,有,有,8020000,69618,坡道平面,30.54,0,,RPQOMLRLPHNFFAO07CA
新竹市,房地(土地+建物),新竹市新竹市武陵路271~300號,31.03,住,,,1070706,土地1建物1車位0,四層,五層,公寓(5樓含以下無電梯),住家用,鋼筋混凝土造,0701228,113.26,3,2,2,有,無,3240000,28607,,0.0,0,,RPPQMLKMPHNFFAO56CA
新竹市,房地(土地+建物),新竹市新竹市光華街27巷1~30號,28.86,住,,,1070706,土地1建物1車位0,五層,五層,公寓(5樓含以下無電梯),住家用,鋼筋混凝土造,0781208,121.44,4,2,2,有,無,3680000,30303,,0.0,0,,RPUQMLKMPHNFFAO07CA
新竹市,房地(土地+建物)+車位,新竹市新竹市尚濱路61~90號,15.8,住,,,1070621,土地1建物1車位1,八層,十三層,住宅大樓(11層含以上有電梯),見其他登記事項,鋼筋混凝土造,0961220,111.68,2,2,1,有,有,4100000,36715,坡道平面,0.0,0,,RPQNMLLJQHNFFAO88CA
新竹市,房地(土地+建物),新竹市新竹市水田街1~30號,8.79,住,,,1070529,土地1建物1車位0,二層,六層,套房(1房1廳1衛),住家用,鋼筋混凝土造,0801213,42.64,1,1,1,有,無,2400000,56285,,0.0,0,,RPPRMLNJQHNFFAO76CA
新竹市,房地(土地+建物)+車位,新竹市新竹市湳雅街301~330號,27.96,住,,,1060411,土地1建物1車位1,十二層,十四層,住宅大樓(11層含以上有電梯),見其他登記事項,鋼筋混凝土造,1070403,151.23,3,2,2,有,無,9600000,65878,坡道平面,25.24,1300000,新成屋尚未成立管委會,RPPPMLPJQHNFFAO76CA
新竹市,房地(土地+建物)+車位,新竹市新竹市龍山東路271~300號,45.75,住,,,1070514,土地1建物1車位2,十三層,二十三層,住宅大樓(11層含以上有電梯),見其他登記事項,鋼筋混凝土造,1010710,326.96000000000004,4,2,3,有,有,17700000,57795,坡道平面,67.42,2700000,,RPWNMLRJQHNFFAO47CA
新竹市,房地(土地+建物)+車位,新竹市新竹市龍山東路271~300號,50.69,住,,,1070327,土地1建物1車位3,十四層,二十三層,住宅大樓(11層含以上有電梯),見其他登記事項,鋼筋混凝土造,1010710,378.36,4,2,3,有,有,19850000,61135,坡道平面,94.56,2500000,車位總價中無法拆分個別車位價格:車位優惠價,RPQOMLRJQHNFFAO96CA
新竹市,房地(土地+建物)+車位,新竹市新竹市湳雅街301~330號,27.89,住,,,1070606,土地1建物1車位1,三層,十四層,住宅大樓(11層含以上有電梯),見其他登記事項,鋼筋混凝土造,1070403,150.9,3,2,2,有,無,9380000,64300,坡道平面,25.24,1300000,新成屋尚未成立管委會,RPUNMLLKQHNFFAO76CA
新竹市,房地(土地+建物)+車位,新竹市新竹市湳雅街301~330號,27.89,住,,,1070609,土地1建物1車位1,六層,十四層,住宅大樓(11層含以上有電梯),見其他登記事項,鋼筋混凝土造,1070403,150.9,3,2,2,有,無,10250000,72020,坡道平面,25.24,1200000,新成屋尚未成立管委會,RPVNMLLKQHNFFAO86CA
新竹市,房地(土地+建物)+車位,新竹市新竹市湳雅街301~330號,27.89,住,,,1070615,土地1建物1車位1,十二層,十四層,住宅大樓(11層含以上有電梯),見其他登記事項,鋼筋混凝土造,1070403,150.9,3,2,2,有,無,10100000,70826,坡道平面,25.24,1200000,新成屋尚未成立管委會,RPUOMLLKQHNFFAO86CA
新竹市,車位,新竹市新竹市經國路二段151~180號,2.81,商,,,1070528,土地0建物0車位1,,,其他,,,,23.41,0,0,0,有,有,1100000,,坡道平面,23.41,1100000,,RPVUMLOKQHNFFAO87CA
新竹市,土地,千甲段661~690地號,298.95,農,,,1070629,土地1建物0車位0,,,其他,,,,0.0,0,0,0,有,無,1823595,6100,,0.0,0,1.向臺灣新竹農田水利會購買 2.權利人共3人,RPXNMLOLPHNFFAO57EA
新竹市,土地,國道段1171~1200地號,139.29,其他,,,1070702,土地1建物0車位0,,,其他,,,,0.0,0,0,0,有,無,14747329,105875,,0.0,0,向政府機關承購之案件。;,RPXNMLPLPHNFFAO67EA
新竹市,房地(土地+建物),新竹市新竹市振興路72巷1~30號,7.26,住,,,1070716,土地1建物1車位0,五層,六層,套房(1房1廳1衛),見其他登記事項,鋼筋混凝土造,0940605,27.14,1,1,1,有,有,1800000,66323,,0.0,0,,RPPNMLSKQHNFFAO96CA
新竹市,房地(土地+建物),新竹市新竹市興南街31~60號,25.91,住,,,1070531,土地2建物1車位0,五層,五層,公寓(5樓含以下無電梯),住家用,鋼筋混凝土造,0731220,101.7,5,3,3,有,無,4500000,44248,,0.0,0,,RPUOMLQJQHNFFAO27CA
新竹市,房地(土地+建物),新竹市新竹市東華路1~30號,12.1,住,,,1070529,土地1建物1車位0,九層,十二層,住宅大樓(11層含以上有電梯),住家用,鋼筋混凝土造,0830713,107.13999999999999,4,1,2,有,有,4200000,39201,,0.0,0,,RPQQMLNJQHNFFAO76CA
新竹市,房地(土地+建物),新竹市新竹市民生路181~210號,4.94,商,,,1070709,土地1建物1車位0,六層,十二層,套房(1房1廳1衛),住家用,鋼筋混凝土造,0790702,53.64,1,1,1,有,有,2720000,50708,,0.0,0,,RPOPMLMJQHNFFAO98CA
新竹市,房地(土地+建物),新竹市新竹市江山街1~30號,12.38,商,,,1070529,土地2建物1車位0,全,一層,透天厝,住家用,土造,0010310,14.88,3,1,1,有,無,1125000,75605,,0.0,0,親友、員工或其他特殊關係間之交易。;共有人間買賣,RPSNMLMJQHNFFAO56CA
新竹市,房地(土地+建物),新竹市新竹市江山街1~30號,37.12,商,,,1070529,土地2建物1車位0,全,一層,透天厝,住家用,土造,0010310,14.88,3,1,1,有,無,3375000,226815,,0.0,0,親友、員工或其他特殊關係間之交易。;共有人間買賣,RPTNMLMJQHNFFAO66CA
新竹市,房地(土地+建物)+車位,新竹市新竹市慈雲路91~120號,17.14,商,,,1070605,土地1建物1車位2,七層,二十八層,住宅大樓(11層含以上有電梯),見其他登記事項,鋼筋混凝土造,1050125,276.88,4,2,2,有,有,21000000,86120,坡道平面,58.58,2200000,,RPOPMLKMPHNFFAO98CA
新竹市,房地(土地+建物)+車位,新竹市新竹市慈雲路91~120號,12.59,商,,,1070709,土地1建物1車位1,二十七層,二十八層,住宅大樓(11層含以上有電梯),見其他登記事項,鋼筋混凝土造,1050125,161.95999999999998,3,2,2,有,有,13100000,88566,坡道平面,29.29,1350000,,RPQPMLKMPHNFFAO56CA
新竹市,房地(土地+建物)+車位,新竹市新竹市中山路640巷181~210號,24.15,住,,,1070712,土地3建物1車位1,七層,十四層,住宅大樓(11層含以上有電梯),見其他登記事項,鋼筋混凝土造,1050930,129.72,2,2,1,有,有,7800000,64948,坡道平面,28.1,1200000,,RPTPMLKMPHNFFAO86CA
新竹市,房地(土地+建物)+車位,新竹市新竹市中山路640巷181~210號,24.08,住,,,1070712,土地3建物1車位1,五層,十三層,住宅大樓(11層含以上有電梯),見其他登記事項,鋼筋混凝土造,1050930,129.49,2,2,1,有,有,7780000,63418,坡道平面,28.1,1350000,,RPUPMLKMPHNFFAO96CA
新竹市,房地(土地+建物)+車位,新竹市新竹市中山路640巷181~210號,24.15,住,,,1070712,土地3建物1車位1,十層,十三層,住宅大樓(11層含以上有電梯),見其他登記事項,鋼筋混凝土造,1050930,129.8,2,2,1,有,有,7750000,64897,坡道平面,28.1,1150000,,RPVPMLKMPHNFFAO07CA
新竹市,房地(土地+建物)+車位,新竹市新竹市牛埔東路1~30號,20.62,住,,,1070526,土地1建物1車位1,三層,十五層,住宅大樓(11層含以上有電梯),見其他登記事項,鋼筋混凝土造,0970131,164.88,4,2,2,有,有,7980000,48399,坡道平面,32.72,0,,RPPQMLRLPHNFFAO17CA
新竹市,房地(土地+建物)+車位,新竹市新竹市中山路640巷571~600號,20.88,住,,,1070629,土地1建物1車位1,一層,八層,華廈(10層含以下有電梯),住家用,鋼筋混凝土造,0870530,115.89999999999999,3,2,2,有,有,5200000,44866,坡道機械,0.0,0,,RPSQMLRLPHNFFAO47CA
新竹市,房地(土地+建物)+車位,新竹市新竹市光復路一段403巷8弄1~30號,32.1,住,,,1070626,土地1建物1車位1,二層,五層,公寓(5樓含以下無電梯),住家用,鋼筋混凝土造,0821110,127.06,3,2,2,有,有,6800000,53518,坡道平面,0.0,0,,RPPNMLSLPHNFFAO96CA
新竹市,房地(土地+建物),新竹市新竹市光復路一段385巷1~30號,26.0,住,,,1070624,土地1建物1車位0,三層,五層,公寓(5樓含以下無電梯),住家用,鋼筋混凝土造,0721111,102.39999999999999,3,2,2,有,無,4650000,45410,,0.0,0,,RPVQMLQLPHNFFAO67CA
新竹市,房地(土地+建物)+車位,新竹市新竹市關新東路241~270號,52.93,住,,,1070531,土地2建物1車位3,十三層,二十六層,住宅大樓(11層含以上有電梯),見其他登記事項,鋼筋混凝土造,1020710,421.38,3,2,4,有,有,34500000,81874,坡道平面,0.0,0,,RPWQMLQLPHNFFAO77CA
新竹市,房地(土地+建物)+車位,新竹市新竹市高翠路61~90號,17.26,住,,,1070607,土地1建物1車位1,三層,六層,套房(1房1廳1衛),辦公室,鋼筋混凝土造,0960331,72.12,1,1,1,有,有,4700000,65169,坡道平面,0.0,0,,RPQPMLPLPHNFFAO96CA
新竹市,房地(土地+建物),新竹市新竹市西大路780巷45弄1~30號,82.0,住,,,1070621,土地1建物1車位0,全,三層,透天厝,住商用,鋼筋混凝土造,,119.52,4,3,3,有,無,11000000,92035,,0.0,0,,RPWPMLPLPHNFFAO57CA
新竹市,房地(土地+建物),新竹市新竹市安和街2巷1~30號,95.0,住,,,1070624,土地1建物1車位0,全,二層,透天厝,見使用執照,鋼筋混凝土造,0780426,128.19,8,2,3,有,無,13760000,107341,,0.0,0,含增建物。,RPVNMLQLPHNFFAO37CA
新竹市,房地(土地+建物),新竹市新竹市明湖路1050巷121~150號,26.83,,山坡地保育區,丙種建築用地,1070622,土地3建物1車位0,三層,五層,華廈(10層含以下有電梯),住家用,鋼筋混凝土造,0831114,92.71,4,2,3,有,有,3300000,35595,,0.0,0,含增建或未登記建物。,RPOOMLQLPHNFFAO76CA
新竹市,房地(土地+建物),新竹市新竹市湳雅街151~180號,7.38,住,,,1070622,土地1建物1車位0,六層,七層,套房(1房1廳1衛),辦公室,鋼筋混凝土造,0971101,39.82,1,1,1,有,有,2780000,69814,,0.0,0,,RPXOMLQLPHNFFAO67CA
新竹市,土地,麗園段301~330地號,2928.31,,山坡地保育區,農牧用地,1070510,土地2建物0車位0,,,其他,,,,0.0,0,0,0,有,無,11398000,3892,,0.0,0,,RPVPMLQLPHNFFAO57CA
新竹市,土地,麗園段301~330地號,2704.15,,山坡地保育區,農牧用地,1070510,土地2建物0車位0,,,其他,,,,0.0,0,0,0,有,無,10529000,3894,,0.0,0,,RPXPMLQLPHNFFAO77CA
新竹市,房地(土地+建物),新竹市新竹市田美三街31~60號,3.96,其他,,,1070716,土地1建物1車位0,四層,八層,套房(1房1廳1衛),住家用,鋼筋混凝土造,,40.86,1,1,1,有,無,1900000,46500,,0.0,0,,RPQQMLQLPHNFFAO17CA
新竹市,房地(土地+建物),新竹市新竹市成功路192巷90弄1~30號,69.4,,鄉村區,乙種建築用地,1070706,土地1建物1車位0,全,三層,透天厝,住家用,加強磚造,,197.94,4,3,3,有,無,4800000,24250,,0.0,0,,RPRQMLQLPHNFFAO27CA
新竹市,房地(土地+建物),新竹市新竹市金城一路35巷7弄1~30號,19.5,工,,,1070622,土地1建物1車位0,二層,四層,公寓(5樓含以下無電梯),住家用,鋼筋混凝土造,,47.62,2,0,2,有,無,2800000,58799,,0.0,0,,RPUQMLQLPHNFFAO57CA
新竹市,房地(土地+建物)+車位,新竹市新竹市關新路19巷31~60號,20.98,其他,,,1070523,土地3建物1車位2,三層,十四層,住宅大樓(11層含以上有電梯),見其他登記事項,鋼筋混凝土造,0971022,198.3,4,2,2,有,有,13080000,65964,坡道平面,0.0,0,,RPWNMLQLPHNFFAO47CA
新竹市,房地(土地+建物)+車位,新竹市新竹市國光街1~30號,58.15,住,,,1070625,土地2建物1車位2,十五層,十五層,住宅大樓(11層含以上有電梯),見其他登記事項,鋼筋混凝土造,1030815,335.29999999999995,4,2,3,有,有,23450000,69937,坡道平面,63.0,0,,RPSNMLQLPHNFFAO07CA
新竹市,房地(土地+建物)+車位,新竹市新竹市國光街1~30號,50.13,住,,,1070625,土地2建物1車位2,八層,十五層,住宅大樓(11層含以上有電梯),見其他登記事項,鋼筋混凝土造,1030815,304.85,4,2,2,有,有,20260000,66459,坡道平面,59.66,0,,RPTNMLQLPHNFFAO17CA
新竹市,房地(土地+建物)+車位,新竹市新竹市東大路一段39巷31~60號,8.88,住,,,1070616,土地1建物1車位1,四層,九層,套房(1房1廳1衛),見其他登記事項,鋼筋混凝土造,0970701,57.26,1,1,1,有,有,4320000,75445,坡道機械,19.16,0,,RPUNMLQLPHNFFAO27CA
新竹市,房地(土地+建物),新竹市新竹市中華路四段691~720號,6.81,商,,,1070630,土地2建物1車位0,四層,六層,套房(1房1廳1衛),見其他登記事項,鋼筋混凝土造,0960630,28.32,1,1,1,有,有,1050000,37076,,0.0,0,,RPWNMLRLPHNFFAO57CA
新竹市,房地(土地+建物),新竹市新竹市光華南街31~60號,4.54,住,,,1070604,土地1建物1車位0,二層,七層,套房(1房1廳1衛),住家用,鋼筋混凝土造,,21.59,1,1,1,有,有,1680000,77814,,0.0,0,,RPTQMLRLPHNFFAO57CA
新竹市,房地(土地+建物),新竹市新竹市牛埔北路37巷73弄1~30號,69.0,住,,,1070626,土地1建物1車位0,全,二層,透天厝,住家用,加強磚造,0680115,117.3,7,3,3,有,無,7950000,67775,,0.0,0,含增建或未登記建物。;,RPROMLRLPHNFFAO17CA
新竹市,房地(土地+建物)+車位,新竹市新竹市中山路640巷181~210號,30.65,住,,,1070712,土地3建物1車位1,十四層,十四層,住宅大樓(11層含以上有電梯),見其他登記事項,鋼筋混凝土造,1050930,157.17000000000002,3,2,2,有,有,9700000,64694,坡道平面,28.1,1350000,,RPWPMLKMPHNFFAO17CA
新竹市,房地(土地+建物)+車位,新竹市新竹市中山路640巷181~210號,24.15,住,,,1070712,土地3建物1車位1,五層,十四層,住宅大樓(11層含以上有電梯),見其他登記事項,鋼筋混凝土造,1050930,129.72,2,2,1,有,有,7600000,61504,坡道平面,28.1,1350000,,RPXPMLKMPHNFFAO27CA
新竹市,房地(土地+建物)+車位,新竹市新竹市光復路二段511~540號,19.88,商,,,1070624,土地3建物1車位1,五層,十層,華廈(10層含以下有電梯),住家用,鋼筋混凝土造,0871220,157.39000000000001,3,2,2,有,有,9500000,60360,坡道平面,32.96,0,,RPRNMLKMPHNFFAO09CA
新竹市,房地(土地+建物),新竹市新竹市食品路1~30號,7.76,其他,,,1070624,土地2建物1車位0,五層,九層,套房(1房1廳1衛),見其他登記事項,鋼筋混凝土造,0870108,52.9,1,1,1,有,有,2250000,42533,,0.0,0,,RPPOMLKMPHNFFAO98CA
新竹市,房地(土地+建物)+車位,新竹市新竹市忠孝路27巷1~30號,33.42,其他,,,1070617,土地1建物1車位1,十二層,十三層,住宅大樓(11層含以上有電梯),見其他登記事項,鋼筋混凝土造,1050718,224.33999999999997,4,2,2,有,有,18500000,82464,坡道平面,36.09,0,,RPVQMLKMPHNFFAO17CA
新竹市,房地(土地+建物)+車位,新竹市新竹市埔頂路511~540號,25.4,住,,,1070702,土地1建物1車位2,二十一層,二十二層,住宅大樓(11層含以上有電梯),見其他登記事項,鋼筋混凝土造,1020910,233.49,3,2,2,有,有,17280000,74007,坡道平面,45.62,0,,RPOOMLLMPHNFFAO98CA
新竹市,房地(土地+建物)+車位,新竹市新竹市北大路166巷31~60號,34.04,住,,,1070609,土地1建物1車位1,四層,十四層,住宅大樓(11層含以上有電梯),見其他登記事項,鋼筋混凝土造,1050412,190.45,3,2,2,有,有,15600000,81911,坡道平面,24.79,0,,RPROMLLMPHNFFAO66CA
新竹市,房地(土地+建物)+車位,新竹市新竹市埔頂三路121~150號,16.01,住,,,1070620,土地1建物1車位1,三層,十二層,住宅大樓(11層含以上有電梯),見其他登記事項,鋼筋混凝土造,1000501,137.45999999999998,2,1,2,有,有,10800000,78568,坡道平面,19.94,0,,RPQPMLLJQHNFFAO09CA
新竹市,房地(土地+建物)+車位,新竹市新竹市明湖路1200巷31~60號,15.57,,山坡地保育區,丙種建築用地,1070619,土地5建物1車位1,三層,七層,套房(1房1廳1衛),見其他登記事項,鋼筋混凝土造,0970522,63.739999999999995,1,1,1,有,有,2600000,40797,坡道平面,15.14,0,,RPPNMLLJQHNFFAO78CA
新竹市,房地(土地+建物),新竹市新竹市建美路58巷31~60號,32.25,住,,,1070615,土地1建物1車位0,四層,四層,公寓(5樓含以下無電梯),住家用,加強磚造,0690508,78.9,3,2,1,有,無,4560000,57795,,0.0,0,,RPRPMLMJQHNFFAO66CA
新竹市,房地(土地+建物)+車位,新竹市新竹市經國路二段151~180號,11.85,住,,,1070705,土地2建物1車位1,八層,十層,華廈(10層含以下有電梯),辦公室,鋼筋混凝土造,0970730,91.94,2,2,2,有,有,5800000,63085,坡道平面,0.0,0,,RPRNMLNJQHNFFAO56CA
新竹市,房地(土地+建物)+車位,新竹市新竹市牛埔東路1~30號,18.83,住,,,1070616,土地1建物1車位1,六層,十五層,住宅大樓(11層含以上有電梯),見其他登記事項,鋼筋混凝土造,0970131,157.31,3,2,2,有,有,8000000,50855,坡道平面,34.82,0,,RPQRMLNJQHNFFAO86CA
新竹市,房地(土地+建物),新竹市新竹市興中街1~30號,25.87,住,,,1070614,土地1建物1車位0,一層，騎樓,五層,公寓(5樓含以下無電梯),住家用,鋼筋混凝土造,0701211,71.82,0,1,2,有,無,6000000,83542,,0.0,0,,RPRRMLNJQHNFFAO96CA
新竹市,房地(土地+建物),新竹市新竹市西大路102巷1~30號,10.8,其他,,,1070701,土地1建物1車位0,六層,八層,華廈(10層含以下有電梯),住家用,鋼筋混凝土造,,75.49,2,1,1,有,有,4200000,55637,,0.0,0,,RPTNMLQJQHNFFAO07CA
新竹市,房地(土地+建物),新竹市新竹市西濱路一段151~180號,154.38,住,,,1070619,土地1建物1車位0,全,三層,透天厝,住家用,鋼筋混凝土造,0871222,201.49,6,2,6,有,無,12600000,62534,,0.0,0,增建:頂樓,RPOSMLNJQHNFFAO76CA
新竹市,房地(土地+建物)+車位,新竹市新竹市埔頂三路91~120號,17.7,住,,,1070606,土地1建物1車位1,四層,十二層,住宅大樓(11層含以上有電梯),見其他登記事項,鋼筋混凝土造,1000501,145.89000000000001,3,2,2,有,有,10400000,71291,坡道平面,0.0,0,,RPPSMLNJQHNFFAO86CA
新竹市,房地(土地+建物),新竹市新竹市澤藩路31~60號,146.14,,山坡地保育區,丙種建築用地,1070616,土地1建物1車位0,全,三層,透天厝,見其他登記事項,鋼筋混凝土造,0881123,274.08,4,2,3,有,無,15000000,54729,,0.0,0,,RPRPMLRJQHNFFAO17CA
新竹市,房地(土地+建物),新竹市新竹市光華二街61~90號,13.14,住,,,1070617,土地2建物1車位0,三層,七層,華廈(10層含以下有電梯),住家用,鋼筋混凝土造,,74.27000000000001,2,2,1,有,有,3150000,42413,,0.0,0,,RPQSMLRJQHNFFAO37CA
新竹市,房地(土地+建物)+車位,新竹市新竹市武陵路73巷31~60號,50.26,住,,,1070609,土地1建物1車位1,六層,十四層,住宅大樓(11層含以上有電梯),見其他登記事項,鋼筋混凝土造,0930915,189.09,4,2,2,有,有,9800000,51827,坡道平面,0.0,0,,RPXQMLRKQHNFFAO97CA
新竹市,房地(土地+建物)+車位,新竹市新竹市振興路109巷12弄1~30號,28.94,住,,,1070701,土地1建物1車位1,一層,五層,華廈(10層含以下有電梯),住家用,鋼筋混凝土造,0801207,97.72,3,2,2,有,有,5100000,52195,一樓平面,0.0,0,,RPWNMLTKQHNFFAO77CA
新竹市,房地(土地+建物),新竹市新竹市自由路61~90號,4.47,商,,,1070528,土地1建物1車位0,七層,十三層,套房(1房1廳1衛),住家用,鋼筋混凝土造,0920110,62.08,1,1,1,有,有,3050000,49130,,0.0,0,,RPPRMLRKQHNFFAO27CA
新竹市,房地(土地+建物),新竹市新竹市湳雅街311巷31~60號,85.44,住,,,1070622,土地3建物1車位0,全,四層,透天厝,見其他登記事項,鋼筋混凝土造,1040730,214.89,4,2,3,有,無,11100000,51654,,0.0,0,,RPQNMLSKQHNFFAO07CA
新竹市,土地,中寮段871~900地號,23.45,住,,,1070702,土地1建物0車位0,,,其他,,,,0.0,0,0,0,有,無,1421211,60606,,0.0,0,向農田水利會購買之土地。,RPOPMLNLQHNFFAO86EA
新竹市,房地(土地+建物),新竹市新竹市頂埔路19巷1~30號,24.5,住,,,1070630,土地2建物1車位0,四層,五層,公寓(5樓含以下無電梯),見使用執照,鋼筋混凝土造,,107.62,3,1,2,有,無,4150000,38562,,0.0,0,,RPPNMLKLPHNFFAO09CD
新竹市,房地(土地+建物),新竹市新竹市中山路61~90號,7.65,商,,,1070703,土地1建物1車位0,六層,十層,華廈(10層含以下有電梯),住家用,鋼筋混凝土造,0870430,68.07,2,2,1,有,有,3500000,51418,,0.0,0,,RPVSMLRJQHNFFAO87CA
新竹市,房地(土地+建物),新竹市新竹市明湖路1006巷108弄1~30號,72.21,,山坡地保育區,丙種建築用地,1070709,土地2建物1車位0,全,四層,透天厝,見其他登記事項,鋼筋混凝土造,1070209,171.74,4,2,3,有,有,8360000,48678,,0.0,0,,RPWNMLLKQHNFFAO96CA
新竹市,房地(土地+建物),新竹市新竹市明湖路1006巷118弄1~30號,52.68,,山坡地保育區,丙種建築用地,1070703,土地1建物1車位0,全,四層,透天厝,見其他登記事項,鋼筋混凝土造,1070209,177.93,4,2,3,有,有,8300000,46648,,0.0,0,,RPOOMLLKQHNFFAO88CA
新竹市,房地(土地+建物),新竹市新竹市明湖路1006巷108弄1~30號,74.08,,山坡地保育區,丙種建築用地,1070712,土地2建物1車位0,全,四層,透天厝,見其他登記事項,鋼筋混凝土造,1070209,175.15,4,2,3,有,有,8380000,47845,,0.0,0,,RPPOMLLKQHNFFAO98CA
新竹市,房地(土地+建物)+車位,新竹市新竹市金城一路61~90號,56.44,住,,,1070426,土地1建物1車位1,十三層,十三層,住宅大樓(11層含以上有電梯),見其他登記事項,見其他登記事項,1000713,191.3,4,3,3,有,無,12500000,65342,坡道平面,0.0,0,此案為軍宅買賣，期間屆滿後為移轉。,RPTOMLPKQHNFFAO17CA
新竹市,房地(土地+建物)+車位,新竹市新竹市金城一路61~90號,56.82,住,,,1070513,土地1建物1車位1,十一層,十四層,住宅大樓(11層含以上有電梯),見其他登記事項,見其他登記事項,1000713,192.48000000000002,3,2,2,有,有,12680000,65877,坡道平面,0.0,0,,RPQNMLNJQHNFFAO09CA
新竹市,房地(土地+建物)+車位,新竹市新竹市龍山西路91~120號,12.78,住,,,1070627,土地1建物1車位1,十層,十四層,住宅大樓(11層含以上有電梯),見其他登記事項,鋼筋混凝土造,1020513,104.41,1,2,1,有,有,6500000,62255,坡道機械,23.24,0,,RPTRMLNJQHNFFAO17CA
新竹市,房地(土地+建物),新竹市新竹市武陵路151~180號,8.3,住,,,1070629,土地1建物1車位0,五層,十五層,住宅大樓(11層含以上有電梯),住家用,鋼筋混凝土造,0850131,85.69000000000001,3,2,2,有,有,4550000,53098,,0.0,0,,RPUNMLQJQHNFFAO17CA
新竹市,房地(土地+建物)+車位,新竹市新竹市東大路二段172巷1~30號,58.87,住,,,1070624,土地1建物1車位1,二層,七層,華廈(10層含以下有電梯),住家用,鋼筋混凝土造,0861030,161.73,3,2,2,有,有,6500000,40190,坡道平面,0.0,0,,RPOOMLQJQHNFFAO66CA
新竹市,房地(土地+建物)+車位,新竹市新竹市新莊街185巷1~30號,23.84,住,,,1070608,土地2建物1車位1,八層,十二層,住宅大樓(11層含以上有電梯),見其他登記事項,鋼筋混凝土造,0990824,170.2,3,2,2,有,有,12300000,72268,坡道平面,0.0,0,,RPOQMLQJQHNFFAO86CA
新竹市,房地(土地+建物),新竹市新竹市公道五路三段631~660號,175.18,,特定農業區,農牧用地,1070604,土地1建物1車位0,一層，二層,二層,農舍,農舍,加強磚造,,9.43,6,2,6,有,無,7639000,,,0.0,0,,RPWOMLKMPHNFFAO07CA
新竹市,房地(土地+建物),新竹市新竹市四維路89巷1~30號,17.86,住,,,1070623,土地2建物1車位0,一層,五層,華廈(10層含以下有電梯),住家用,鋼筋混凝土造,0810721,55.49,2,2,1,有,有,3250000,58569,,0.0,0,含增建物。,RPWOMLLMPHNFFAO17CA
新竹市,房地(土地+建物),新竹市新竹市武陵路271巷151~180號,78.23,住,,,1070331,土地2建物1車位0,全,四層,透天厝,見其他登記事項,鋼筋混凝土造,1030811,195.53,5,2,4,有,有,15200000,77737,,0.0,0,含增建物。,RPXOMLLMPHNFFAO27CA
新竹市,房地(土地+建物)+車位,新竹市新竹市鐵道路一段28巷31~60號,19.43,其他,,,1070708,土地1建物1車位1,五層,十四層,住宅大樓(11層含以上有電梯),見其他登記事項,鋼筋混凝土造,1020916,140.56,3,2,2,有,有,10800000,76836,坡道平面,0.0,0,含增建物。,RPQPMLLMPHNFFAO66CA
新竹市,房地(土地+建物)+車位,新竹市新竹市東大路三段361~390號,20.97,住,,,1070713,土地1建物1車位1,六層,八層,華廈(10層含以下有電梯),住家用,鋼筋混凝土造,0841002,135.34,3,2,2,有,有,3200000,23644,坡道機械,0.0,0,瑕疵物件之交易。;,RPSNMLLJQHNFFAO09CA
新竹市,房地(土地+建物)+車位,新竹市新竹市世傑路271~300號,29.8,住,,,1070614,土地1建物1車位2,四層,二十一層,住宅大樓(11層含以上有電梯),見其他登記事項,鋼筋混凝土造,1040810,253.75,3,2,2,有,有,18450000,72709,坡道平面,62.88,0,,RPORMLKMPHNFFAO56CA
新竹市,房地(土地+建物)+車位,新竹市新竹市綠水路31~60號,20.2,住,,,1070627,土地1建物1車位1,三層,八層,華廈(10層含以下有電梯),住家用,鋼筋混凝土造,0860204,123.1,3,2,2,有,有,8000000,64988,坡道機械,0.0,0,,RPQNMLSLPHNFFAO07CA
新竹市,房地(土地+建物),新竹市新竹市湳雅街311巷20弄1~30號,60.5,住,,,1070716,土地1建物1車位0,全,二層,透天厝,住家用,加強磚造,,56.4,5,3,4,有,無,6000000,106383,,0.0,0,,RPSNMLSLPHNFFAO27CA
新竹市,房地(土地+建物)+車位,新竹市新竹市明湖路751~780號,14.1,其他,,,1070716,土地1建物1車位1,二層,四層,套房(1房1廳1衛),見其他登記事項,鋼筋混凝土造,0940220,83.9,1,1,1,有,有,3460000,41240,坡道平面,0.0,0,,RPTNMLSLPHNFFAO37CA
新竹市,車位,新竹市新竹市立鵬路61~90號,0.54,商,,,1070712,土地0建物0車位1,一層,二十五層,其他,見其他登記事項,鋼筋混凝土造,1031117,16.96,0,0,0,有,有,1000000,,坡道平面,0.0,1000000,,RPXNMLRLPHNFFAO67CA
新竹市,車位,新竹市新竹市立鵬路61~90號,0.54,商,,,1070712,土地0建物0車位1,一層,二十五層,其他,見其他登記事項,鋼筋混凝土造,1031117,16.96,0,0,0,有,有,1200000,,坡道平面,0.0,1200000,,RPOOMLRLPHNFFAO86CA
新竹市,車位,新竹市新竹市立鵬路61~90號,0.54,商,,,1070712,土地0建物0車位1,一層,二十五層,其他,見其他登記事項,鋼筋混凝土造,1031117,16.96,0,0,0,有,有,1000000,,坡道平面,0.0,1000000,,RPPOMLRLPHNFFAO96CA
新竹市,房地(土地+建物)+車位,新竹市新竹市慈雲路121~150號,18.78,商,,,1070520,土地1建物1車位1,十一層,二十八層,住宅大樓(11層含以上有電梯),見其他登記事項,鋼筋混凝土造,1031208,233.19,4,2,2,有,有,18990000,85484,坡道平面,29.76,1600000,,RPTOMLRLPHNFFAO37CA
新竹市,房地(土地+建物)+車位,新竹市新竹市慈雲路121~150號,14.98,商,,,1070517,土地1建物1車位1,二十八層,二十八層,住宅大樓(11層含以上有電梯),見其他登記事項,鋼筋混凝土造,1031208,186.32999999999998,3,2,2,有,有,15240000,88714,坡道平面,29.76,1350000,,RPUOMLRLPHNFFAO47CA
新竹市,房地(土地+建物),新竹市新竹市華江街39巷1~30號,106.29,,鄉村區,乙種建築用地,1070712,土地1建物1車位0,全,二層,透天厝,住家用,加強磚造,,125.26,4,2,2,有,無,4500000,35925,,0.0,0,,RPXPMLRLPHNFFAO87CA
新竹市,房地(土地+建物)+車位,新竹市新竹市延濱路61~90號,26.58,住,,,1070530,土地2建物1車位1,三層,五層,華廈(10層含以下有電梯),見其他登記事項,鋼筋混凝土造,1070201,74.99,2,1,1,有,有,4440000,59208,其他,0.0,700000,,RPSPMLQLPHNFFAO27CA
新竹市,房地(土地+建物)+車位,新竹市新竹市中山路640巷571~600號,24.18,住,,,1070623,土地1建物1車位1,四層,八層,華廈(10層含以下有電梯),住家用,鋼筋混凝土造,0870530,131.07,3,2,2,有,有,5400000,41199,坡道機械,0.0,0,,RPOQMLQLPHNFFAO96CA
新竹市,房地(土地+建物),新竹市新竹市水田街161巷2弄1~30號,76.0,住,,,1070606,土地1建物1車位0,全,四層,透天厝,見其他登記事項,鋼筋混凝土造,1040610,220.81,6,2,4,有,無,17280000,78257,,0.0,0,,RPSNMLLMPHNFFAO66CA
新竹市,土地,東明段841~870地號,136.0,住,,,1070611,土地1建物0車位0,,,其他,,,,0.0,0,0,0,有,無,5006704,36814,,0.0,0,有地上物佔用不點交,RPROMLKMPHNFFAO56CA
新竹市,土地,東明段811~840地號,66.0,住,,,1070611,土地1建物0車位0,,,其他,,,,0.0,0,0,0,有,無,2689302,40747,,0.0,0,有地上物佔用不點交,RPSOMLKMPHNFFAO66CA
新竹市,土地,東明段631~660地號,118.0,住,,,1070613,土地2建物0車位0,,,其他,,,,0.0,0,0,0,有,無,4344052,36814,,0.0,0,有地上物佔用不點交,RPTOMLKMPHNFFAO76CA
新竹市,土地,東明段841~870地號,104.0,住,,,1070611,土地1建物0車位0,,,其他,,,,0.0,0,0,0,有,無,3828656,36814,,0.0,0,有地上物佔用不點交,RPUOMLKMPHNFFAO86CA
新竹市,房地(土地+建物)+車位,新竹市新竹市北大路301~330號,76.62,商,,,1070626,土地1建物4車位5,五層,十六層,辦公商業大樓,見使用執照,鋼造,0810718,943.26,0,0,0,無,有,27980000,29663,坡道平面,0.0,0,,RPPNMLPJQHNFFAO56CA
新竹市,房地(土地+建物),新竹市新竹市明湖路648巷122弄121~150號,73.54,,山坡地保育區,丙種建築用地,1070627,土地1建物1車位0,全,三層,透天厝,住家用,鋼筋混凝土造,0850321,202.03,4,3,4,有,有,6500000,32173,,0.0,0,,RPSRMLNJQHNFFAO07CA
新竹市,房地(土地+建物)+車位,新竹市新竹市光復路一段61~90號,12.81,住,,,1070715,土地1建物1車位1,六層,六層,套房(1房1廳1衛),住家用,鋼筋混凝土造,0880810,52.28,1,1,1,有,有,2000000,38256,坡道機械,0.0,0,,RPWPMLNJQHNFFAO27CA
新竹市,房地(土地+建物)+車位,新竹市新竹市中央路57巷1~30號,28.18,商,,,1070702,土地1建物1車位1,七層,十一層,住宅大樓(11層含以上有電梯),見其他登記事項,鋼筋混凝土造,1040206,165.7,3,2,2,有,有,11600000,67546,其他,8.77,1000000,,RPOQMLNJQHNFFAO56CA
新竹市,房地(土地+建物)+車位,新竹市新竹市三民路31~60號,37.71,住,,,1070604,土地4建物1車位2,三層,七層,華廈(10層含以下有電梯),住家用,鋼筋混凝土造,0840823,218.16,4,2,4,有,有,19000000,87092,升降機械,0.0,0,,RPSPMLMJQHNFFAO76CA
新竹市,土地,竹蓮段2461~2490地號,24.0,商,,,1070721,土地1建物0車位0,,,其他,,,,0.0,0,0,0,有,無,4356000,181500,,0.0,0,"畸零地或有合併使用之交易。;土地增值稅新台幣248, 083元由買方負擔",RPQPMLMJQHNFFAO56CA
新竹市,房地(土地+建物)+車位,新竹市新竹市大學路31~60號,19.76,住,,,1070712,土地2建物1車位1,十二層,二十一層,住宅大樓(11層含以上有電梯),住家用,鋼筋混凝土造,0851114,183.38,4,2,2,有,有,14280000,77871,坡道平面,23.08,0,,RPROMLMJQHNFFAO56CA
新竹市,房地(土地+建物)+車位,新竹市新竹市金城一路61~90號,53.39,住,,,1070613,土地1建物1車位1,十層,十三層,住宅大樓(11層含以上有電梯),見其他登記事項,見其他登記事項,1000713,180.82999999999998,3,2,2,有,有,11200000,61937,坡道平面,0.0,0,,RPUOMLPKQHNFFAO27CA
新竹市,房地(土地+建物)+車位,新竹市新竹市中華路五段648巷91~120號,25.07,商,,,1070623,土地1建物1車位1,三層,八層,華廈(10層含以下有電梯),見其他登記事項,鋼筋混凝土造,1061215,124.02000000000001,3,2,2,有,有,6580000,53056,一樓平面,0.0,1200000,,RPVOMLLKQHNFFAO96CA
新竹市,房地(土地+建物),新竹市新竹市中華路三段1~30號,3.99,商,,,1070724,土地1建物1車位0,十層,十四層,套房(1房1廳1衛),住家用,鋼筋混凝土造,0890417,39.33,1,1,1,有,有,1950000,49580,,0.0,0,,RPUNMLNKQHNFFAO96CA
新竹市,房地(土地+建物),新竹市新竹市明湖路1050巷121~150號,26.83,,山坡地保育區,丙種建築用地,1070625,土地3建物1車位0,二層,五層,華廈(10層含以下有電梯),住家用,鋼筋混凝土造,0831114,92.55,4,2,3,有,無,2300000,24851,,0.0,0,含增建或未登記建物。;買方負擔土地增值稅16119元,RPOPMLNKQHNFFAO56CA
新竹市,房地(土地+建物)+車位,新竹市新竹市武陵路175巷1~30號,20.19,其他,,,1070424,土地1建物1車位1,二層,二十一層,住宅大樓(11層含以上有電梯),住家用,鋼筋混凝土造,0870623,158.32999999999998,3,2,2,有,有,7100000,44843,坡道平面,0.0,0,,RPPPMLNKQHNFFAO66CA
新竹市,房地(土地+建物)+車位,新竹市新竹市延平路一段361~390號,28.66,,鄉村區,乙種建築用地,1070616,土地3建物1車位1,七層,十一層,住宅大樓(11層含以上有電梯),見其他登記事項,鋼筋混凝土造,1040620,149.6,3,2,2,有,有,8660000,57888,坡道平面,0.0,0,,RPVOMLOLQHNFFAO37CA
新竹市,房地(土地+建物),新竹市新竹市西大路709巷1~30號,8.35,住,,,1070713,土地1建物1車位0,一層,十二層,住宅大樓(11層含以上有電梯),住家用,鋼筋混凝土造,0810129,62.86,2,1,1,有,有,3000000,47725,,0.0,0,一樓增建,RPOPMLRLPHNFFAO17EA
新竹市,房地(土地+建物),新竹市新竹市南大路567巷1~30號,124.2,住,,,1070712,土地4建物2車位0,全,二層,透天厝,住家用,加強磚造,0620925,194.32,3,3,2,有,無,12000000,61754,,0.0,0,,RPPNMLLMPHNFFAO56EA
新竹市,房地(土地+建物)+車位,新竹市新竹市中山路640巷481~510號,21.62,住,,,1070518,土地1建物1車位1,六層,十層,華廈(10層含以下有電梯),見其他登記事項,鋼筋混凝土造,1011010,152.91,3,2,2,有,有,7950000,51991,坡道平面,29.87,0,,RPRNMLSKQHNFFAO17CA
新竹市,房地(土地+建物),新竹市新竹市中華路三段121巷1~30號,100.35,住,,,1070620,土地3建物1車位0,全,四層,透天厝,見其他登記事項,鋼筋混凝土造,1001130,217.64,5,2,3,有,有,12400000,56975,,0.0,0,,RPSNMLSKQHNFFAO27CA
新竹市,房地(土地+建物),新竹市新竹市光復路一段607巷1弄1~30號,74.76,住,,,1070615,土地1建物1車位0,全,二層,透天厝,住家用,鋼筋混凝土造,0741212,93.48,5,1,2,有,無,6200000,66324,,0.0,0,親友、員工或其他特殊關係間之交易。;,RPVQMLOKQHNFFAO47CA
新竹市,房地(土地+建物)+車位,新竹市新竹市中山路640巷481~510號,21.62,住,,,1070701,土地1建物1車位1,五層,十層,華廈(10層含以下有電梯),見其他登記事項,鋼筋混凝土造,1011010,155.01,3,2,2,有,有,8030000,51803,坡道平面,34.02,0,,RPOPMLKLQHNFFAO98CA
新竹市,土地,新興段1831~1860地號,8.0,住,,,1070716,土地1建物0車位0,,,其他,,,,0.0,0,0,0,有,無,638400,79800,,0.0,0,,RPPOMLMLQHNFFAO56CA
新竹市,土地,復興段181~210地號,14.12,其他,,,1070624,土地3建物0車位0,,,其他,,,,0.0,0,0,0,有,無,1366400,96771,,0.0,0,受債權債務影響或債務抵償之交易。;,RPPPMLKMQHNFFAO56CA
新竹市,土地,長興段631~660地號,296.51,工,,,1070723,土地2建物0車位0,,,其他,,,,0.0,0,0,0,有,無,5500000,18549,,0.0,0,,RPOQMLKMPHNFFAO56DA
新竹市,房地(土地+建物)+車位,新竹市新竹市武陵路271巷57弄31~60號,28.8,住,,,1070610,土地1建物1車位1,四層,六層,華廈(10層含以下有電梯),住家用,鋼筋混凝土造,0810812,141.84,2,2,2,有,有,6970000,49140,坡道平面,0.0,0,,RPWNMLNKQHNFFAO17CA
新竹市,房地(土地+建物),新竹市新竹市城北街137巷1弄1~30號,74.0,住,,,1070702,土地1建物1車位0,全,二層,透天厝,住家用,加強磚造,,100.1,4,2,3,有,無,8450000,84416,,0.0,0,,RPXOMLTJQHNFFAO87CA
新竹市,房地(土地+建物),新竹市新竹市南大路331~360號,172.0,其他,,,1070705,土地1建物1車位0,全,三層,透天厝,住商用,鋼筋混凝土造,,382.67,2,7,6,有,無,38800000,101393,,0.0,0,一樓為店面使用,RPXNMLKKQHNFFAO96CA
新竹市,房地(土地+建物),新竹市新竹市東大路一段52巷1~30號,5.94,住,,,1070616,土地1建物1車位0,六層,十二層,套房(1房1廳1衛),住家用,鋼筋混凝土造,0850830,64.74000000000001,1,1,1,有,有,2900000,44795,,0.0,0,,RPXSMLRJQHNFFAO08CA
新竹市,房地(土地+建物),新竹市新竹市食品路91~120號,24.8,住,,,1070710,土地2建物1車位0,二層,五層,公寓(5樓含以下無電梯),住家用,鋼筋混凝土造,0730630,92.24000000000001,3,2,2,有,無,4500000,48786,,0.0,0,,RPSSMLRJQHNFFAO57CA
新竹市,房地(土地+建物),新竹市新竹市高翠路173巷5弄1~30號,82.65,住,,,1070709,土地1建物1車位0,全,三層,透天厝,見其他登記事項,鋼筋混凝土造,0960308,213.54,5,2,5,有,無,14000000,65561,,0.0,0,,RPVOMLMJQHNFFAO96CA
新竹市,房地(土地+建物)+車位,新竹市新竹市民權路241~270號,36.09,住,,,1070629,土地1建物1車位1,三層,十一層,辦公商業大樓,辦公室,鋼筋混凝土造,0890501,468.8,0,0,0,無,有,24000000,51195,坡道平面,0.0,0,,RPQNMLPJQHNFFAO66CA
新竹市,房地(土地+建物)+車位,新竹市新竹市光華二街11巷1~30號,5.94,住,,,1070426,土地1建物1車位1,七層,九層,套房(1房1廳1衛),住家用,鋼筋混凝土造,0821104,49.53,1,1,1,有,有,2550000,51484,坡道平面,0.0,0,,RPQSMLNJQHNFFAO96CA
新竹市,房地(土地+建物)+車位,新竹市新竹市龍山東路1~30號,24.36,商,,,1070718,土地2建物1車位2,二十一層，二十二層,二十二層,住宅大樓(11層含以上有電梯),見其他登記事項,鋼筋混凝土造,1050501,291.86,4,3,3,有,有,18050000,65865,坡道平面,48.18,2000000,,RPRNMLRJQHNFFAO96CA
新竹市,房地(土地+建物),新竹市新竹市北新街91~120號,24.99,住,,,1070705,土地1建物1車位0,二層,七層,華廈(10層含以下有電梯),住家用,鋼筋混凝土造,0830729,126.47999999999999,3,2,2,有,無,5550000,43880,,0.0,0,,RPTOMLQJQHNFFAO17CA
新竹市,房地(土地+建物)+車位,新竹市新竹市金城三路91~120號,25.02,其他,,,1070623,土地1建物1車位2,二層,十五層,住宅大樓(11層含以上有電梯),見其他登記事項,鋼筋混凝土造,1061208,199.91,4,2,2,有,有,12500000,62528,坡道平面,0.0,0,,RPUNMLLMPHNFFAO86CA
新竹市,房地(土地+建物),新竹市新竹市學府路61~90號,11.86,住,,,1070627,土地3建物1車位0,三層,七層,華廈(10層含以下有電梯),見其他登記事項,鋼筋混凝土造,0800909,77.6,2,1,1,有,有,3700000,47680,,0.0,0,,RPQNMLLMPHNFFAO09CA
新竹市,土地,東明段781~810地號,39.97,住,,,1070604,土地1建物0車位0,,,其他,,,,0.0,0,0,0,有,無,1784600,44648,,0.0,0,土地上有建物，買方為該地號之承租人,RPTNMLLJQHNFFAO56CA
新竹市,土地,東明段781~810地號,36.03,住,,,1070604,土地1建物0車位0,,,其他,,,,0.0,0,0,0,有,無,1608700,44649,,0.0,0,土地上有建物，買方為該地號之承租人,RPUNMLLJQHNFFAO66CA
新竹市,土地,東明段781~810地號,58.0,住,,,1070525,土地1建物0車位0,,,其他,,,,0.0,0,0,0,有,無,2954500,50940,,0.0,0,土地上有建物，買方為該地號之承租人,RPWNMLLJQHNFFAO86CA
新竹市,土地,康樂段241~270地號,154.62,其他,,,1070703,土地1建物0車位0,,,其他,,,,0.0,0,0,0,有,無,2286474,14788,,0.0,0,,RPQNMLMJQHNFFAO98CA
新竹市,房地(土地+建物)+車位,新竹市新竹市公園路301~330號,32.27,住,,,1070623,土地2建物1車位1,五層,九層,華廈(10層含以下有電梯),見其他登記事項,鋼筋混凝土造,1050507,189.5,4,2,2,有,有,13900000,76269,升降機械,17.74,800000,,RPTPMLLMPHNFFAO96CA
新竹市,房地(土地+建物)+車位,新竹市新竹市公園路301~330號,34.15,住,,,1070706,土地2建物1車位1,八層,九層,華廈(10層含以下有電梯),見其他登記事項,鋼筋混凝土造,1050507,200.78,4,2,2,有,有,14600000,78020,一樓平面,29.03,1200000,,RPUPMLLMPHNFFAO07CA
新竹市,房地(土地+建物),新竹市新竹市金山北二街61~90號,6.41,住,,,1070623,土地1建物1車位0,四層,六層,套房(1房1廳1衛),住家用,鋼筋混凝土造,0950215,29.45,1,1,1,有,有,2200000,74703,,0.0,0,含增建物。,RPSPMLLMPHNFFAO86CA
新竹市,車位,新竹市新竹市仁義街1~30號,5.67,住,,,1070712,土地0建物0車位2,一層,二十層,其他,見其他登記事項,鋼筋混凝土造,1020826,72.7,0,0,0,有,有,3600000,,坡道平面,0.0,3600000,,RPUNMLMJQHNFFAO76CA
新竹市,房地(土地+建物),新竹市新竹市東大路二段742巷1弄1~30號,116.22,,特定農業區,甲種建築用地,1070720,土地5建物1車位0,全,五層,透天厝,見其他登記事項,鋼筋混凝土造,1050808,366.53,5,2,5,有,無,20000000,54566,,0.0,0,,RPOOMLLJQHNFFAO78CA
新竹市,土地,福林段751~780地號,147.0,,鄉村區,乙種建築用地,1070721,土地1建物0車位0,,,其他,,,,0.0,0,0,0,有,無,8000000,54422,,0.0,0,,RPROMLLJQHNFFAO09CA
新竹市,房地(土地+建物),新竹市新竹市中華路五段648巷121~150號,68.05,商,,,1070723,土地2建物1車位0,全,四層,透天厝,見其他登記事項,鋼筋混凝土造,1070514,227.34,3,2,4,有,無,12600000,55424,,0.0,0,,RPVOMLLMPHNFFAO07CA
新竹市,房地(土地+建物)+車位,新竹市新竹市鐵道路一段28巷61~90號,27.16,其他,,,1070713,土地1建物1車位2,十層,十四層,住宅大樓(11層含以上有電梯),見其他登記事項,鋼筋混凝土造,1020916,204.35000000000002,3,2,2,有,有,16500000,80744,坡道平面,0.0,0,含增建。,RPPPMLQJQHNFFAO86CA
新竹市,房地(土地+建物),新竹市新竹市新源街91~120號,34.02,住,,,1070615,土地1建物1車位0,四層,十二層,住宅大樓(11層含以上有電梯),見其他登記事項,鋼筋混凝土造,0870410,162.01,3,2,2,有,有,9800000,60490,,0.0,0,,RPRNMLOJQHNFFAO66CA
新竹市,房地(土地+建物)+車位,新竹市新竹市牛埔南路142巷33弄1~30號,27.27,住,,,1070617,土地1建物1車位1,六層,十一層,住宅大樓(11層含以上有電梯),見其他登記事項,鋼筋混凝土造,1010821,147.18,3,2,2,有,有,7460000,50686,坡道平面,0.0,0,含增建或未登記建物。,RPUNMLNJQHNFFAO86CA
新竹市,房地(土地+建物),新竹市新竹市草漯街205巷1~30號,132.21,,山坡地保育區,丙種建築用地,1070712,土地8建物1車位0,全,三層,透天厝,見其他登記事項,鋼筋混凝土造,1061213,194.62,4,2,4,有,有,9800000,50355,,0.0,0,,RPQOMLNJQHNFFAO56CA
新竹市,房地(土地+建物),新竹市新竹市浸水街361~390號,72.87,,鄉村區,乙種建築用地,1070720,土地2建物1車位0,全,五層,透天厝,見其他登記事項,鋼筋混凝土造,0990611,252.75,5,2,4,有,有,13980000,55312,,0.0,0,,RPPQMLNJQHNFFAO66CA
新竹市,房地(土地+建物),新竹市新竹市中華路六段211~240號,189.85,,山坡地保育區,丙種建築用地,1070709,土地2建物1車位0,全,四層,透天厝,住家用,鋼筋混凝土造,0951210,406.82,5,2,5,有,有,15500000,38100,,0.0,0,含增建或未登記建物。,RPVQMLNJQHNFFAO27CA
新竹市,房地(土地+建物)+車位,新竹市新竹市東明街138巷1~30號,28.12,住,,,1070630,土地1建物1車位1,三層,五層,華廈(10層含以下有電梯),住家用,鋼筋混凝土造,0820927,121.37,3,2,2,有,有,6000000,49436,坡道機械,0.0,0,,RPVNMLSJQHNFFAO47CA
新竹市,房地(土地+建物)+車位,新竹市新竹市凌雲街61~90號,45.51,住,,,1070626,土地1建物1車位1,四層,十層,華廈(10層含以下有電梯),見其他登記事項,鋼筋混凝土造,0980331,175.82,3,2,2,有,有,8350000,47492,坡道平面,0.0,0,,RPVNMLTJQHNFFAO57CA
新竹市,房地(土地+建物),新竹市新竹市關東路208巷7弄31~60號,109.48,住,,,1070516,土地1建物1車位0,全,四層,透天厝,見其他登記事項,鋼筋混凝土造,1050814,268.16,5,2,4,有,無,21800000,81295,,0.0,0,,RPOOMLKKQHNFFAO78CA
新竹市,房地(土地+建物),新竹市新竹市武陵路175巷1~30號,12.93,住,,,1070622,土地2建物1車位0,十二層,二十二層,住宅大樓(11層含以上有電梯),住家用,鋼筋混凝土造,0870718,116.74,3,2,2,有,有,5800000,49683,,0.0,0,,RPSOMLKKQHNFFAO56CA
新竹市,房地(土地+建物)+車位,新竹市新竹市金竹路151~180號,43.06,住,,,1070530,土地1建物1車位3,十二層,十四層,住宅大樓(11層含以上有電梯),見其他登記事項,鋼筋混凝土造,1030110,308.54,4,2,2,有,有,19100000,61906,坡道平面,0.0,0,,RPSQMLPKQHNFFAO27CA
新竹市,房地(土地+建物),新竹市新竹市民主路175巷2弄1~30號,86.0,住,,,1070622,土地1建物1車位0,全,二層,透天厝,住家用,加強磚造,0600809,90.2,3,2,2,有,無,12500000,138581,,0.0,0,含增建或未登記建物。;,RPQOMLQKQHNFFAO96CA
新竹市,房地(土地+建物),新竹市新竹市茄苳路27巷1~30號,214.53,,山坡地保育區,丙種建築用地,1070624,土地1建物1車位0,全,一層,透天厝,住家用,加強磚造,0680910,104.37,28,0,28,有,無,10200000,97729,,0.0,0,含增建或未登記建物。;,RPVQMLRKQHNFFAO77CA
新竹市,房地(土地+建物),新竹市新竹市金山二十三街31~60號,12.83,住,,,1070624,土地1建物1車位0,一層,四層,套房(1房1廳1衛),住家用,鋼筋混凝土造,0900216,33.03,1,1,1,有,無,2250000,68120,,0.0,0,,RPWQMLRKQHNFFAO87CA
新竹市,房地(土地+建物),新竹市新竹市竹蓮街61~90號,41.0,商,,,1070712,土地1建物1車位0,全,一層,透天厝,見其他登記事項,加強磚造,0601230,23.52,4,2,4,有,無,15800000,671769,,0.0,0,一樓為店舖增建部分一併移轉,RPQNMLOKQHNFFAO66CA
新竹市,房地(土地+建物)+車位,新竹市新竹市延平路一段357巷1~30號,23.5,,鄉村區,乙種建築用地,1070705,土地1建物1車位1,二層,七層,華廈(10層含以下有電梯),見其他登記事項,鋼筋混凝土造,1070516,121.53,3,2,1,有,有,6980000,65430,坡道機械,19.13,280000,,RPXNMLOKQHNFFAO37CA
新竹市,房地(土地+建物)+車位,新竹市新竹市延平路一段357巷1~30號,29.42,,鄉村區,乙種建築用地,1070705,土地1建物1車位1,三層,七層,華廈(10層含以下有電梯),見其他登記事項,鋼筋混凝土造,1070516,149.8,3,2,1,有,有,8300000,69757,坡道平面,38.27,520000,,RPOOMLOKQHNFFAO56CA
新竹市,房地(土地+建物)+車位,新竹市新竹市延平路一段357巷1~30號,25.82,,鄉村區,乙種建築用地,1070705,土地1建物1車位1,三層,七層,華廈(10層含以下有電梯),見其他登記事項,鋼筋混凝土造,1070516,133.8,3,2,1,有,有,8200000,69329,坡道機械,19.13,250000,權利人2人含裝潢,RPPOMLOKQHNFFAO66CA
新竹市,房地(土地+建物)+車位,新竹市新竹市延平路一段357巷1~30號,29.42,,鄉村區,乙種建築用地,1070705,土地1建物1車位1,四層,七層,華廈(10層含以下有電梯),見其他登記事項,鋼筋混凝土造,1070516,149.79000000000002,3,2,1,有,有,8080000,68149,坡道平面,38.27,480000,,RPQOMLOKQHNFFAO76CA
新竹市,房地(土地+建物),新竹市新竹市延平路一段357巷1~30號,20.17,,鄉村區,乙種建築用地,1070705,土地1建物1車位0,五層,七層,華廈(10層含以下有電梯),見其他登記事項,鋼筋混凝土造,1070516,106.87,3,2,1,有,有,7060000,66062,,0.0,0,含裝潢,RPROMLOKQHNFFAO86CA
新竹市,房地(土地+建物)+車位,新竹市新竹市延平路一段357巷1~30號,27.7,,鄉村區,乙種建築用地,1070705,土地1建物1車位1,六層,七層,華廈(10層含以下有電梯),見其他登記事項,鋼筋混凝土造,1070516,140.66,3,2,1,有,有,7550000,68659,坡道平面,38.27,520000,,RPSOMLOKQHNFFAO96CA
新竹市,房地(土地+建物)+車位,新竹市新竹市延平路一段357巷1~30號,29.42,,鄉村區,乙種建築用地,1070705,土地1建物1車位1,七層,七層,華廈(10層含以下有電梯),見其他登記事項,鋼筋混凝土造,1070516,149.79000000000002,3,2,1,有,有,8680000,73529,坡道平面,38.27,480000,含裝潢,RPTOMLOKQHNFFAO07CA
新竹市,房地(土地+建物),新竹市新竹市明湖路650巷121~150號,80.54,,鄉村區,乙種建築用地,1070716,土地1建物1車位0,全,二層,透天厝,住家用,加強磚造,0730924,85.0,3,2,1,有,無,5300000,62353,,0.0,0,,RPXOMLOKQHNFFAO47CA
新竹市,房地(土地+建物)+車位,新竹市新竹市北大路1~30號,8.07,商,,,1070703,土地4建物1車位1,十層,十四層,住宅大樓(11層含以上有電梯),商業用,鋼筋混凝土造,0850131,103.03,2,2,1,有,有,5600000,54353,升降平面,0.0,0,,RPSQMLOKQHNFFAO17CA
新竹市,土地,建華段451~480地號,0.57,其他,,,1070713,土地1建物0車位0,,,其他,,,,0.0,0,0,0,有,無,31350,0,,0.0,0,向政府機關承購之案件。;2.權利人共3人,RPQOMLMJQHNFFAO66EA
