﻿編號,屋齡,建物移轉面積(平方公尺),主要用途,主要建材,建築完成日期,總層數,建物分層
The serial number,room age,building shifting area (square meter),the main use,main building materials,construction completes the date,total layer,building lamination
RPRNMLPLPHNFFCP17CA,24,216.54,住家用,鋼筋混凝土造,83年9月23日,三層,一層 二層 三層 電梯樓梯間
RPUNMLLMPHNFFAP96CA,14,210.90,見其他登記事項,鋼筋混凝土造,93年6月30日,四層,一層 二層 三層 四層
RPSNMLPLPHNFFDP37CA,11,27.73,見其他登記事項,鋼筋混凝土造,96年2月5日,十三層,五層
RPSNMLPLPHNFFDP37CA,11,12.01,見其他登記事項,鋼筋混凝土造,96年2月5日,十三層,
RPSNMLPLPHNFFDP37CA,11,3.09,見其他登記事項,鋼筋混凝土造,96年2月5日,十三層,
RPTNMLPLPHNFFAP17CA,2,203.62,見其他登記事項,鋼筋混凝土造,105年4月8日,四層,一層 二層 三層 四層
RPSNMLLJQHNFFDP86CA,19,24.54,住家用,鋼筋混凝土造,88年7月30日,十四層,十二層
RPSNMLLJQHNFFDP86CA,19,5.07,共有部份,鋼筋混凝土造,88年7月30日,十四層,
RPSNMLLJQHNFFDP86CA,19,.47,住家用,鋼筋混凝土造,88年7月30日,十四層,
RPSNMLLJQHNFFDP86CA,19,8.97,見其他登記事項,鋼筋混凝土造,88年7月30日,十四層,
RPROMLPLPHNFFAP07CA,1,174.34,見其他登記事項,鋼筋混凝土造,106年2月20日,三層,一層 二層 三層 屋頂突出物
RPSNMLLLQHNFFDP07CA,1,168.80,住家用,鋼筋混凝土造,106年11月21日,三層,一層 二層 三層
RPPNMLTJQHNFFDP37CA,26,195.78,住商用,鋼筋混凝土造,81年9月15日,三層,一層 二層 三層 騎樓 電梯樓梯間
RPXNMLQJQHNFFDP87CA,1,168.80,住家用,鋼筋混凝土造,106年11月21日,三層,一層 二層 三層
RPQNMLQLPHNFFCP27DA,22,495.03,商業用,鋼筋混凝土造,85年2月15日,十層,地下一層
RPQNMLQLPHNFFCP27DA,22,72.32,共有部份,鋼筋混凝土造,85年2月15日,十層,
RPQNMLQLPHNFFCP27DA,22,29.70,共有部份,鋼筋混凝土造,85年2月15日,十層,
RPQNMLQLPHNFFCP27DA,22,66.00,共有部份,鋼筋混凝土造,85年2月15日,十層,
RPQNMLQLPHNFFCP27DA,22,13.27,共有部份,鋼筋混凝土造,85年2月15日,十層,
RPQNMLQLPHNFFCP27DA,22,206.56,商業用,鋼筋混凝土造,85年2月15日,十層,六層
RPQNMLQLPHNFFCP27DA,22,30.27,共有部份,鋼筋混凝土造,85年2月15日,十層,
RPQNMLQLPHNFFCP27DA,22,12.43,共有部份,鋼筋混凝土造,85年2月15日,十層,
RPQNMLQLPHNFFCP27DA,22,27.62,共有部份,鋼筋混凝土造,85年2月15日,十層,
RPQNMLQLPHNFFCP27DA,22,5.55,共有部份,鋼筋混凝土造,85年2月15日,十層,
RPSNMLLMPHNFFFP27CA,3,176.06,見其他登記事項,鋼筋混凝土造,104年10月16日,三層,一層 二層 三層
RPWOMLPLPHNFFAP77EA,37,119.58,住家用,加強磚造,70年12月15日,二層,一層 二層 騎樓 電梯樓梯間
RPRNMLRLPHNFFCP47DA,43,110.88,住商用,加強磚造,64年8月22日,二層,一層 二層 騎樓
RPVNMLRJQHNFFAP57DA,,206.84,見其他登記事項,鋼筋混凝土造,106年12月20日,四層,一層 二層 三層 四層
RPUOMLPLPHNFFAP37CA,14,18.97,住家用,鋼筋混凝土造,93年3月26日,五層,三層
RPUOMLPLPHNFFAP37CA,14,12.45,共同部份,鋼筋混凝土造,93年3月26日,五層,
RPTNMLTJQHNFFBP67DA,30,143.18,住家用,加強磚造,77年4月30日,二層,一層 二層 電梯樓梯間
SPUOMLPLPHNFFAP47CA,14,18.97,住家用,鋼筋混凝土造,93年3月26日,五層,三層
SPUOMLPLPHNFFAP47CA,14,12.45,共同部份,鋼筋混凝土造,93年3月26日,五層,
RPRNMLQLPHNFFEP47CA,22,45.11,住家用,鋼筋混凝土造,85年5月29日,十層,六層
RPRNMLQLPHNFFEP47CA,22,10.53,見其他登記事項,鋼筋混凝土造,85年5月29日,,
RPRNMLQLPHNFFEP47CA,22,4.79,見其他登記事項,鋼筋混凝土造,85年5月29日,,
RPRNMLQLPHNFFEP47CA,22,2.78,停車空間,,85年5月29日,,
RPQNMLPLPHNFFCP17DA,25,178.65,住商用,鋼筋混凝土造,82年11月5日,三層,一層 二層 三層 騎樓 電梯樓梯間
RPRNMLPLPHNFFDP27CA,7,265.40,住家用,鋼筋混凝土造,100年1月31日,三層,一層 二層 三層
RPVNMLPLPHNFFAP37CA,14,18.97,住家用,鋼筋混凝土造,93年3月26日,五層,三層
RPVNMLPLPHNFFAP37CA,14,12.45,共同部份,鋼筋混凝土造,93年3月26日,五層,
RPQNMLNJQHNFFBP66CA,25,202.59,住家用,鋼筋混凝土造,83年1月11日,三層,一層 二層 三層
RPVNMLQLPHNFFAP47CA,24,93.44,住家用,鋼筋混凝土造,83年3月25日,七層,四層
RPVNMLQLPHNFFAP47CA,24,13.15,共同部份,鋼筋混凝土造,83年3月25日,七層,
RPVNMLQLPHNFFAP47CA,24,12.99,共同部份,鋼筋混凝土造,83年3月25日,七層,
RPVNMLLMPHNFFAP07CA,40,84.05,住商用,見其他登記事項,66年12月6日,二層,一層 二層 電梯樓梯間
RPXNMLQLPHNFFAP67CA,4,233.69,見其他登記事項,鋼筋混凝土造,104年1月1日,三層,一層 二層 三層 屋頂突出物 騎樓
RPPNMLLJQHNFFAP88CA,25,150.93,住家用,鋼筋混凝土造,82年12月20日,三層,一層 二層 三層
RPPNMLTLPHNFFDP47CA,25,96.05,住家用,鋼筋混凝土造,82年11月10日,九層,六層
RPPNMLTLPHNFFDP47CA,25,30.14,共有部份,鋼筋混凝土造,82年11月10日,九層,
RPPNMLQLPHNFFAP86CA,36,76.90,住家用,加強磚造,71年8月2日,二層,一層 二層
RPOOMLRLPHNFFAP96CA,18,195.21,住家用,鋼筋混凝土造,89年9月25日,四層,一層 二層 三層 四層
RPXNMLNJQHNFFAP27CA,,181.04,見其他登記事項,鋼筋混凝土造,107年2月6日,三層,一層 二層 三層 屋頂突出物
RPPOMLNJQHNFFAP56CA,,183.73,見其他登記事項,鋼筋混凝土造,107年2月6日,三層,一層 二層 三層 屋頂突出物
RPOOMLNJQHNFFAP09CA,,181.04,見其他登記事項,鋼筋混凝土造,107年2月6日,三層,一層 二層 三層 屋頂突出物
RPROMLNJQHNFFAP76CA,,181.04,見其他登記事項,鋼筋混凝土造,107年2月6日,三層,一層 二層 三層 屋頂突出物
RPWNMLNJQHNFFAP17CA,,181.04,見其他登記事項,鋼筋混凝土造,107年2月6日,三層,一層 二層 三層 屋頂突出物
RPQOMLNJQHNFFAP66CA,,232.12,住家用,鋼筋混凝土造,107年2月6日,四層,一層 二層 三層 四層
RPRNMLQLPHNFFCP27CA,37,85.60,住商用,見其他登記事項,70年5月25日,二層,一層 二層 騎樓
RPSNMLNJQHNFFAP76CA,,181.04,見其他登記事項,鋼筋混凝土造,107年2月6日,三層,一層 二層 三層 屋頂突出物
RPSNMLLMPHNFFAP96EA,32,98.70,住家用,加強磚造,75年8月25日,一層,一層
RPQNMLMLQHNFFDP07DA,24,21.04,住家用,鋼筋混凝土造,83年6月14日,九層,七層
RPQNMLMLQHNFFDP07DA,24,8.10,共有部份,鋼筋混凝土造,83年6月14日,九層,
RPPNMLMLQHNFFDP96DA,24,21.04,住家用,鋼筋混凝土造,83年6月14日,九層,五層
RPPNMLMLQHNFFDP96DA,24,8.10,共有部份,鋼筋混凝土造,83年6月14日,九層,
RPUNMLRLPHNFFDP77CA,5,182.66,見其他登記事項,鋼筋混凝土造,102年11月1日,三層,一層 二層 三層
RPWNMLQLPHNFFDP87CA,4,167.31,住家用,鋼筋混凝土造,103年3月12日,三層,一層 二層 三層
RPTNMLNLQHNFFFP67DA,,49.80,見其他登記事項,見其他登記事項,106年10月25日,一層,一層
RPTNMLNLQHNFFFP67DA,,48.00,見其他登記事項,見其他登記事項,106年10月25日,一層,一層
RPTNMLNLQHNFFFP67DA,,48.00,見其他登記事項,見其他登記事項,106年10月25日,一層,一層
RPTNMLNLQHNFFFP67DA,,48.00,見其他登記事項,見其他登記事項,106年10月25日,一層,一層
RPUNMLNLQHNFFFP77DA,,48.00,見其他登記事項,見其他登記事項,106年10月25日,一層,一層
RPUNMLNLQHNFFFP77DA,,48.00,見其他登記事項,見其他登記事項,106年10月25日,一層,一層
RPVNMLPLPHNFFCP67DA,23,204.46,住家用,鋼筋混凝土造,84年8月23日,四層,一層 二層 三層 四層 騎樓
RPXNMLTKQHNFFDP28CA,,150.89,見其他登記事項,鋼筋混凝土造,107年1月29日,三層,一層 二層 三層 屋頂突出物
RPWNMLKLQHNFFEP47CA,39,109.70,住家用,加強磚造,68年4月30日,二層,一層 二層
RPSOMLKLQHNFFAP86DA,10,97.21,見其他登記事項,鋼筋混凝土造,97年11月1日,十層,三層
RPSOMLKLQHNFFAP86DA,10,31.69,共同部份,鋼筋混凝土造,97年11月1日,十層,
RPSOMLKLQHNFFAP86DA,10,18.90,共同部份,鋼筋混凝土造,97年11月1日,十層,
RPSOMLKLQHNFFAP86DA,10,8.55,共同部份,鋼筋混凝土造,97年11月1日,十層,
RPPOMLTKQHNFFDP57CA,,141.52,見其他登記事項,鋼筋混凝土造,107年1月29日,三層,一層 二層 三層 屋頂突出物
RPTOMLTKQHNFFDP97CA,,149.80,見其他登記事項,鋼筋混凝土造,107年1月29日,三層,一層 二層 三層 屋頂突出物
RPROMLTKQHNFFDP77CA,,150.49,見其他登記事項,鋼筋混凝土造,107年1月29日,三層,一層 二層 三層 屋頂突出物
RPPOMLKLQHNFFDP76CA,1,210.26,見其他登記事項,鋼筋混凝土造,107年3月22日,三層,一層 二層 三層 屋頂突出物
RPTNMLNJQHNFFCP07CA,1,201.67,住家用,鋼筋混凝土造,106年5月4日,四層,一層 二層 三層 四層
RPUOMLNJQHNFFAP07CA,,207.27,見其他登記事項,鋼筋混凝土造,107年2月6日,三層,一層 二層 三層 屋頂突出物
RPVOMLNJQHNFFAP17CA,,203.38,見其他登記事項,鋼筋混凝土造,107年2月6日,三層,一層 二層 三層 屋頂突出物
RPSOMLNJQHNFFAP86CA,,181.04,見其他登記事項,鋼筋混凝土造,107年2月6日,三層,一層 二層 三層 屋頂突出物
RPTOMLNJQHNFFAP96CA,,181.04,見其他登記事項,鋼筋混凝土造,107年2月6日,三層,一層 二層 三層 屋頂突出物
RPWOMLNJQHNFFAP27CA,,220.51,見其他登記事項,鋼筋混凝土造,107年2月6日,三層,一層 二層 三層 屋頂突出物
RPXNMLKMPHNFFAP17CA,24,21.61,住家用,鋼筋混凝土造,83年12月25日,八層,四層
RPXNMLKMPHNFFAP17CA,24,3.84,共同部份,鋼筋混凝土造,83年12月25日,八層,
RPXNMLKMPHNFFAP17CA,24,2.93,共同部份,鋼筋混凝土造,83年12月25日,八層,
RPXNMLLMPHNFFAP27CA,39,108.00,住家用,加強磚造,68年3月19日,二層,一層 二層 騎樓 電梯樓梯間
RPPPMLNJQHNFFAP66CA,,175.99,見其他登記事項,鋼筋混凝土造,107年2月6日,三層,一層 二層 三層 屋頂突出物
RPUNMLRLPHNFFAP47CA,24,65.61,住家用,鋼筋混凝土造,83年11月18日,八層,八層
RPUNMLRLPHNFFAP47CA,24,22.39,共同部份,鋼筋混凝土造,83年11月18日,八層,
RPXOMLNJQHNFFAP37CA,,178.06,見其他登記事項,鋼筋混凝土造,107年2月6日,三層,一層 二層 三層 屋頂突出物
RPVNMLRLPHNFFAP57CA,2,261.02,見其他登記事項,鋼筋混凝土造,105年7月31日,四層,一層 二層 三層 四層 見其他登記事項
RPWNMLKLQHNFFDP37CA,,202.28,見其他登記事項,鋼筋混凝土造,107年3月22日,三層,一層 二層 三層 屋頂突出物 見其他登記事項
RPOOMLKLQHNFFDP66CA,,199.90,見其他登記事項,鋼筋混凝土造,107年3月22日,三層,一層 二層 三層 屋頂突出物
RPXNMLKLQHNFFDP47CA,1,212.18,見其他登記事項,鋼筋混凝土造,107年3月22日,三層,一層 二層 三層 屋頂突出物
RPPNMLLLQHNFFDP76CA,,207.34,見其他登記事項,鋼筋混凝土造,107年3月22日,三層,一層 二層 三層 屋頂突出物
RPUNMLNJQHNFFAP96CA,,175.99,見其他登記事項,鋼筋混凝土造,107年2月6日,三層,一層 二層 三層 屋頂突出物
RPVNMLNJQHNFFAP07CA,,183.61,見其他登記事項,鋼筋混凝土造,107年2月6日,三層,一層 二層 三層 屋頂突出物
RPTNMLLJQHNFFAP66CA,24,34.80,住家用,鋼筋混凝土造,83年9月18日,十四層,十二層
RPTNMLLJQHNFFAP66CA,24,13.68,共同部份,鋼筋混凝土造,83年9月18日,十四層,
RPQNMLLLQHNFFDP86CA,1,207.34,見其他登記事項,鋼筋混凝土造,107年3月22日,三層,一層 二層 三層 屋頂突出物
RPRNMLLLQHNFFDP96CA,1,207.34,見其他登記事項,鋼筋混凝土造,107年3月22日,三層,一層 二層 三層 屋頂突出物
RPSOMLRJQHNFFAP27CA,6,470.21,見其他登記事項,鋼筋混凝土造,101年7月12日,四層,一層 二層 三層 四層 屋頂突出物 地下一層
RPSOMLRJQHNFFAP27CA,6,48.77,見其他登記事項,鋼筋混凝土造,101年7月12日,四層,
RPPNMLTKQHNFFDP47CA,,152.38,見其他登記事項,鋼筋混凝土造,107年1月29日,三層,一層 二層 三層 屋頂突出物
RPSNMLLJQHNFFAP66DA,19,96.59,住家用,鋼筋混凝土造,88年9月26日,五層,四層 五層 屋頂突出物
RPSNMLLJQHNFFAP66DA,19,19.15,停車空間,鋼筋混凝土造,88年9月26日,五層,
RPSNMLLJQHNFFAP66DA,19,21.57,共同部份,鋼筋混凝土造,88年9月26日,五層,
RPVNMLTKQHNFFDP08CA,,150.89,見其他登記事項,鋼筋混凝土造,107年1月29日,三層,一層 二層 三層 屋頂突出物
RPRNMLTKQHNFFDP67CA,,146.96,見其他登記事項,鋼筋混凝土造,107年1月29日,三層,一層 二層 三層 屋頂突出物
RPTNMLTKQHNFFDP87CA,,154.14,見其他登記事項,鋼筋混凝土造,107年1月29日,三層,一層 二層 三層 屋頂突出物
RPPNMLQJQHNFFAP76CA,4,194.91,見其他登記事項,鋼筋混凝土造,103年6月18日,三層,一層 二層 三層 屋頂突出物
RPOOMLLJQHNFFAP09EA,1,214.33,見其他登記事項,鋼筋混凝土造,106年8月10日,三層,一層 二層 三層 屋頂突出物
RPQNMLNJQHNFFDP86CA,6,184.02,見其他登記事項,鋼筋混凝土造,101年3月28日,三層,一層 二層 三層 見其他登記事項
RPVNMLLMPHNFFAP27EA,44,141.34,住家用,加強磚造,63年12月16日,二層,一層 二層 騎樓
RPQNMLPJRHNFFDP17CA,26,368.24,住家用,鋼筋混凝土造,81年7月20日,四層,一層 二層 三層 四層 電梯樓梯間
RPTNMLRJQHNFFDP57CA,30,137.23,住商用,加強磚造,77年7月30日,二層,一層 二層 騎樓
RPQNMLKMQHNFFBP66CA,25,80.11,住家用,鋼筋混凝土造,82年5月30日,六層,六層
RPQNMLKMQHNFFBP66CA,25,11.81,共有部份,鋼筋混凝土造,82年5月30日,六層,
RPQNMLKMQHNFFBP66CA,25,30.50,共有部份,鋼筋混凝土造,82年5月30日,六層,
RPQNMLMJQHNFFAP09CA,38,95.17,住家用,加強磚造,69年6月30日,二層,一層 二層 電梯樓梯間
RPRNMLNJQHNFFAP66CA,54,24.94,住家用,見其他登記事項,53年7月15日,一層,一層
RPQNMLSJQHNFFCP27CA,29,427.33,工業用,見其他登記事項,78年6月5日,一層,一層 地下層
RPXNMLRJQHNFFAP77DA,,219.14,住家用,鋼筋混凝土造,106年12月20日,四層,一層 二層 三層 四層
RPQNMLLJQHNFFAP98CA,13,132.05,住商用,鋼筋混凝土造,94年9月16日,三層,一層 二層 三層 騎樓 電梯樓梯間
RPSNMLLMPHNFFEP27DA,17,206.73,住商用,鋼筋混凝土造,90年10月25日,三層,一層 二層 三層 騎樓 電梯樓梯間
RPOOMLLMPHNFFAP09CA,19,99.94,住家用,鋼筋混凝土造,88年9月26日,五層,二層 三層
RPOOMLLMPHNFFAP09CA,19,19.15,停車空間,鋼筋混凝土造,88年9月26日,五層,
RPOOMLLMPHNFFAP09CA,19,19.45,共同部份,鋼筋混凝土造,88年9月26日,五層,
RPPNMLKLQHNFFAP98CA,1,177.90,住家用,鋼筋混凝土造,106年12月28日,三層,一層 二層 三層
RPUNMLMJQHNFFAP86CA,12,175.45,住家用,鋼筋混凝土造,95年3月12日,四層,一層 二層 三層 四層
RPPNMLSJQHNFFDP27CA,4,218.02,住家用,鋼筋混凝土造,103年6月4日,四層,一層 二層 三層 四層
RPRNMLKMQHNFFAP66CA,49,314.64,住家用,加強磚造,58年9月22日,三層,一層 二層 三層 騎樓
RPUNMLPKQHNFFAP27CA,36,38.45,住家用,加強磚造,71年8月2日,二層,一層 二層
RPUNMLPKQHNFFAP27CA,36,38.45,住家用,加強磚造,71年8月2日,二層,一層 二層
RPUNMLNLQHNFFDP47CA,24,229.24,住家用,鋼筋混凝土造,83年9月1日,三層,一層 二層 三層 電梯樓梯間
RPQOMLRLQHNFFDP57CA,3,243.06,見其他登記事項,鋼筋混凝土造,104年3月13日,二層,一層 二層 地下一層
RPPNMLMJQHNFFAP09DA,1,177.79,見其他登記事項,鋼筋混凝土造,106年11月2日,三層,一層 二層 三層 屋頂突出物
