﻿編號,土地區段位置,土地移轉面積(平方公尺),使用分區或編定
The serial number,land sector position,land shifting area (square meter),the use zoning or compiles and checks
RPPOMLRJQHNFFAP96CA,饒平段,90.72,非都市：鄉村區 ; 非都市編定：乙種建築用地
RPPOMLRJQHNFFAP96CA,饒平段,84.76,非都市：鄉村區 ; 非都市編定：乙種建築用地
RPPOMLRJQHNFFAP96CA,饒平段,53.73,非都市：鄉村區 ; 非都市編定：乙種建築用地
RPPOMLRJQHNFFAP96CA,饒平段,101.94,非都市：鄉村區 ; 非都市編定：乙種建築用地
RPPOMLRJQHNFFAP96CA,饒平段,96.33,非都市：鄉村區 ; 非都市編定：乙種建築用地
RPUNMLPLPHNFFAP27CA,海豐崙段朱丹灣小段,213.00,都市：住
RPRNMLPLPHNFFCP17CA,埔北段,114.39,都市：住
RPRNMLPLPHNFFCP17CA,埔北段,1.15,都市：住
RPRNMLPLPHNFFCP17CA,埔北段,1.16,都市：住
RPUNMLOLPHNFFAP17CA,頂庄段,836.70,非都市： ; 非都市編定：
RPUNMLLMPHNFFAP96CA,海豐崙段朱丹灣小段,107.00,都市：住
RPUNMLLMPHNFFAP96CA,海豐崙段朱丹灣小段,23.00,都市：住
RPQOMLOLPHNFFAP86CA,大埔尾段,3005.00,非都市：特定農業區 ; 非都市編定：農牧用地
RPXNMLOLPHNFFAP47CA,斗六段,100.00,都市：住
RPSNMLPLPHNFFDP37CA,五間段,5.62,都市：商
RPWNMLRLPHNFFDP97CA,大屯子段,1769.00,非都市：特定農業區 ; 非都市編定：農牧用地
RPPNMLPLPHNFFDP07CA,高南段,250.02,都市：住
RPTNMLPLPHNFFAP17CA,北環段,99.12,都市：住
RPSNMLLJQHNFFDP86CA,德興段,4.03,都市：住
RPROMLPLPHNFFAP07CA,西華段,85.00,都市：住
RPPNMLTJQHNFFCP27CA,社口段,18.33,都市：農
RPPNMLTJQHNFFCP27CA,社口段,25.67,都市：農
RPPNMLTJQHNFFCP27CA,社口段,1080.00,都市：農
RPSNMLLLQHNFFDP07CA,菜園段,22.04,都市：住
RPSNMLLLQHNFFDP07CA,菜園段,103.00,都市：住
RPPNMLSLPHNFFEP47CA,關聖段,19.00,都市：農
RPPNMLTJQHNFFDP37CA,菜園段,93.00,都市：住
RPRNMLLMPHNFFEP07CA,溝皂段,2807.00,非都市：特定農業區 ; 非都市編定：農牧用地
RPRNMLLMPHNFFEP07CA,溝皂段,3605.00,非都市：特定農業區 ; 非都市編定：農牧用地
RPRNMLLMPHNFFEP07CA,大北段,2341.95,非都市：特定農業區 ; 非都市編定：農牧用地
RPSNMLPLPHNFFEP47CA,瓦段,2758.00,非都市：特定農業區 ; 非都市編定：農牧用地
RPXNMLQJQHNFFDP87CA,菜園段,22.04,都市：住
RPXNMLQJQHNFFDP87CA,菜園段,106.00,都市：住
RPPNMLLMPHNFFAP56DA,番子段,3456.00,非都市：特定農業區 ; 非都市編定：農牧用地
RPQNMLQLPHNFFCP27DA,西螺段,70.81,都市：商
RPQNMLQLPHNFFCP27DA,西螺段,29.64,都市：商
RPSNMLLMPHNFFFP27CA,泰順段,21.32,都市：住
RPSNMLLMPHNFFFP27CA,泰順段,87.50,都市：住
RPUNMLLLQHNFFDP37DA,崙埤段,1362.49,非都市：特定農業區 ; 非都市編定：農牧用地
RPUNMLLLQHNFFDP37DA,崙埤段,1362.56,非都市：特定農業區 ; 非都市編定：農牧用地
RPVNMLOLPHNFFEP77DA,溪尾段新溪小段,135.00,非都市：鄉村區 ; 非都市編定：乙種建築用地
RPWNMLOLPHNFFEP87DA,蕃薯段,3227.00,非都市：特定農業區 ; 非都市編定：農牧用地
RPUNMLNLPHNFFEP57DA,下湖口段,3173.00,非都市：一般農業區 ; 非都市編定：農牧用地
RPSNMLQLPHNFFEP67DA,龍岩厝段,382.00,非都市：鄉村區 ; 非都市編定：乙種建築用地
RPSNMLQLPHNFFEP67DA,龍岩厝段,195.00,非都市：鄉村區 ; 非都市編定：乙種建築用地
RPSNMLQLPHNFFEP67DA,龍岩厝段,3383.00,非都市：特定農業區 ; 非都市編定：農牧用地
RPQNMLRJQHNFFEP47DA,建陽段,71.00,非都市：鄉村區 ; 非都市編定：乙種建築用地
RPQNMLRJQHNFFEP47DA,建陽段,293.00,非都市：鄉村區 ; 非都市編定：乙種建築用地
RPQNMLRJQHNFFEP47DA,建陽段,37.00,非都市：一般農業區 ; 非都市編定：交通用地
RPRNMLLMPHNFFAP86EA,保長段保長小段,38.72,非都市：鄉村區 ; 非都市編定：乙種建築用地
RPPNMLPLPHNFFCP07DA,漢南段,103.05,都市：住
RPUNMLLMPHNFFFP47CA,程海段,670.00,非都市：特定農業區 ; 非都市編定：農牧用地
RPWOMLPLPHNFFAP77EA,海豐崙段朱丹灣小段,88.00,都市：住
RPXNMLPLPHNFFAP67DA,四合段,115.38,非都市：鄉村區 ; 非都市編定：乙種建築用地
RPROMLQLPHNFFAP27DA,榴北段,3566.00,非都市：特定農業區 ; 非都市編定：農牧用地
RPPNMLPLPHNFFEP17CA,府番段,1839.86,非都市：特定農業區 ; 非都市編定：農牧用地
RPPNMLPLPHNFFEP17CA,府番段,204.17,非都市：特定農業區 ; 非都市編定：農牧用地
RPQNMLPLPHNFFEP27CA,府番段,1698.00,非都市：特定農業區 ; 非都市編定：農牧用地
RPQNMLPLPHNFFEP27CA,府番段,785.00,非都市：特定農業區 ; 非都市編定：農牧用地
RPSOMLLMPHNFFEP27CA,溝皂段,1460.00,非都市：特定農業區 ; 非都市編定：農牧用地
RPRNMLRLPHNFFCP47DA,市仔頭段,58.43,都市：住
RPVNMLRJQHNFFAP57DA,田心段,65.50,非都市：鄉村區 ; 非都市編定：乙種建築用地
RPVNMLRJQHNFFAP57DA,田心段,16.79,非都市：鄉村區 ; 非都市編定：乙種建築用地
RPPNMLRJQHNFFDP17CA,過港段,3465.67,都市：農
RPUNMLMJQHNFFDP17CA,龍安段,108.34,非都市：鄉村區 ; 非都市編定：乙種建築用地
RPUNMLMJQHNFFDP17CA,龍安段,30.48,非都市：鄉村區 ; 非都市編定：交通用地
RPRNMLOLPHNFFFP57EA,崙南段,1531.80,非都市：一般農業區 ; 非都市編定：農牧用地
RPTNMLMJQHNFFDP07CA,牛埔子段,373.00,非都市：鄉村區 ; 非都市編定：乙種建築用地
RPTNMLMJQHNFFDP07CA,牛埔子段,373.00,非都市：鄉村區 ; 非都市編定：乙種建築用地
RPPNMLQLPHNFFFP37CA,崙南段,2432.40,非都市：一般農業區 ; 非都市編定：農牧用地
RPRNMLKMPHNFFDP86CA,大屯段,39.22,非都市：鄉村區 ; 非都市編定：乙種建築用地
RPRNMLKMPHNFFDP86CA,大屯段,68.53,非都市：鄉村區 ; 非都市編定：乙種建築用地
RPRNMLKMPHNFFDP86CA,大屯段,6.95,非都市：鄉村區 ; 非都市編定：交通用地
RPUOMLPLPHNFFAP37CA,大潭段大潭小段,1.00,非都市：特定農業區 ; 非都市編定：甲種建築用地
RPUOMLPLPHNFFAP37CA,大潭段大潭小段,8.21,非都市：特定農業區 ; 非都市編定：甲種建築用地
RPTNMLTJQHNFFBP67DA,建國段,108.00,都市：住
SPUOMLPLPHNFFAP47CA,大潭段大潭小段,1.00,非都市：特定農業區 ; 非都市編定：甲種建築用地
SPUOMLPLPHNFFAP47CA,大潭段大潭小段,8.21,非都市：特定農業區 ; 非都市編定：甲種建築用地
RPSNMLQLPHNFFCP37CA,崙背段,1628.00,非都市：特定農業區 ; 非都市編定：農牧用地
RPRNMLQLPHNFFEP47CA,新北段,7.79,都市：住
RPQNMLPLPHNFFCP17DA,崙西段,88.97,都市：住
RPRNMLPLPHNFFDP27CA,大屯段,165.53,非都市：鄉村區 ; 非都市編定：乙種建築用地
RPRNMLPLPHNFFDP27CA,大屯段,27.66,非都市：鄉村區 ; 非都市編定：交通用地
RPVNMLPLPHNFFAP37CA,大潭段大潭小段,1.00,非都市：特定農業區 ; 非都市編定：甲種建築用地
RPVNMLPLPHNFFAP37CA,大潭段大潭小段,8.21,非都市：特定農業區 ; 非都市編定：甲種建築用地
RPRNMLRLPHNFFAP17CA,和平段,542.44,都市：農
RPQNMLNJQHNFFBP66CA,林子段,177.00,非都市：特定農業區 ; 非都市編定：甲種建築用地
RPQNMLNJQHNFFBP66CA,林子段,24.10,非都市：特定農業區 ; 非都市編定：農牧用地
RPVNMLQLPHNFFAP47CA,斗六段,23.50,都市：住
RPWNMLKLQHNFFAP07CA,苦苓腳段,143.00,非都市：山坡地保育區 ; 非都市編定：丙種建築用地
RPWNMLKLQHNFFAP07CA,苦苓腳段,143.00,非都市：山坡地保育區 ; 非都市編定：丙種建築用地
RPVNMLLMPHNFFAP07CA,斗六段,63.00,都市：商
RPSNMLRLPHNFFAP27CA,東興段,236.00,都市：農
RPSNMLRLPHNFFAP27CA,東興段,4.00,都市：農
RPQNMLRLPHNFFAP07CA,東興段,1310.00,都市：住
RPQNMLRLPHNFFAP07CA,東興段,637.00,都市：住
RPQNMLRLPHNFFAP07CA,東興段,144.00,都市：其他
RPQNMLRLPHNFFAP07CA,東興段,103.00,都市：住
RPQNMLRLPHNFFAP07CA,東興段,284.00,都市：住
RPQNMLRLPHNFFAP07CA,東興段,183.00,都市：其他
RPQNMLRLPHNFFAP07CA,東興段,54.00,都市：住
RPTNMLRLPHNFFAP37CA,東興段,298.00,都市：住
RPXNMLQLPHNFFAP67CA,大潭段社口小段,41.00,都市：住
RPXNMLQLPHNFFAP67CA,大潭段社口小段,101.00,都市：住
RPPNMLKMPHNFFAP98CA,大崙段茄苳腳小段,17.90,非都市：特定農業區 ; 非都市編定：水利用地
RPPNMLKMPHNFFAP98CA,大崙段茄苳腳小段,285.63,非都市：特定農業區 ; 非都市編定：農牧用地
RPPNMLLJQHNFFAP88CA,永光段,31.58,非都市：鄉村區 ; 非都市編定：乙種建築用地
RPPNMLLJQHNFFAP88CA,永光段,147.55,非都市：鄉村區 ; 非都市編定：乙種建築用地
RPPNMLTLPHNFFDP47CA,明正段,13.86,都市：商
RPPNMLQLPHNFFAP86CA,貞寮段,55.94,非都市：鄉村區 ; 非都市編定：乙種建築用地
RPPNMLQLPHNFFAP86CA,貞寮段,23.86,非都市：特定農業區 ; 非都市編定：甲種建築用地
RPOOMLRLPHNFFAP96CA,秀才段,59.58,非都市：特定農業區 ; 非都市編定：甲種建築用地
RPOOMLRLPHNFFAP96CA,秀才段,44.77,非都市：特定農業區 ; 非都市編定：甲種建築用地
RPPNMLQLPHNFFBP96CA,石龜溪段,3169.00,非都市：特定農業區 ; 非都市編定：農牧用地
RPXNMLNJQHNFFAP27CA,梅林西段,86.58,非都市：鄉村區 ; 非都市編定：乙種建築用地
RPPNMLMJQHNFFBP09CA,嘉興段,3992.52,非都市：鄉村區 ; 非都市編定：乙種建築用地
RPPOMLNJQHNFFAP56CA,梅林西段,91.32,非都市：鄉村區 ; 非都市編定：乙種建築用地
RPOOMLNJQHNFFAP09CA,梅林西段,86.58,非都市：鄉村區 ; 非都市編定：乙種建築用地
RPROMLNJQHNFFAP76CA,梅林西段,86.58,非都市：鄉村區 ; 非都市編定：乙種建築用地
RPROMLNJQHNFFAP76CA,梅林西段,25.96,非都市：鄉村區 ; 非都市編定：乙種建築用地
RPWNMLNJQHNFFAP17CA,梅林西段,86.58,非都市：鄉村區 ; 非都市編定：乙種建築用地
RPQOMLNJQHNFFAP66CA,梅林西段,125.32,非都市：鄉村區 ; 非都市編定：乙種建築用地
RPSNMLRLPHNFFBP37CA,東仁段,32.00,都市：其他
RPSNMLRLPHNFFBP37CA,東仁段,44.00,都市：其他
RPSNMLRLPHNFFBP37CA,東仁段,32.00,非都市：特定農業區 ; 非都市編定：甲種建築用地
RPRNMLKMPHNFFBP66CA,西鎮段,2523.00,非都市：特定農業區 ; 非都市編定：農牧用地
RPSNMLKMPHNFFDP96CA,大屯段,39.22,非都市：鄉村區 ; 非都市編定：乙種建築用地
RPSNMLKMPHNFFDP96CA,大屯段,68.53,非都市：鄉村區 ; 非都市編定：乙種建築用地
RPSNMLKMPHNFFDP96CA,大屯段,6.95,非都市：鄉村區 ; 非都市編定：交通用地
RPWNMLQLPHNFFEP97CA,下寮段,2386.00,非都市：特定農業區 ; 非都市編定：農牧用地
RPVNMLQLPHNFFDP77CA,工專段,4.94,都市：住
RPVNMLQLPHNFFDP77CA,工專段,.20,都市：住
RPRNMLQLPHNFFCP27CA,西螺段,38.35,都市：其他
RPRNMLQLPHNFFCP27CA,西螺段,76.00,都市：住
RPSNMLNJQHNFFAP76CA,梅林西段,86.58,非都市：鄉村區 ; 非都市編定：乙種建築用地
RPSNMLRKQHNFFCP47CA,西螺段,2.30,都市：住
RPSNMLRKQHNFFCP47CA,西螺段,4.55,都市：住
RPSNMLRKQHNFFCP47CA,西螺段,4.30,都市：住
RPSNMLRKQHNFFCP47CA,西螺段,65.20,都市：住
RPSNMLRKQHNFFCP47CA,西螺段,10.20,都市：住
RPSNMLRKQHNFFCP47CA,西螺段,.50,都市：住
RPRNMLNJQHNFFCP86CA,三塊厝段三塊厝小段,557.33,非都市：特定農業區 ; 非都市編定：農牧用地
RPRNMLNJQHNFFCP86CA,三塊厝段三塊厝小段,745.67,非都市：特定農業區 ; 非都市編定：農牧用地
RPSNMLLMPHNFFAP96EA,進興段,379.29,非都市：鄉村區 ; 非都市編定：乙種建築用地
RPSNMLLMPHNFFAP96EA,進興段,36.02,非都市：鄉村區 ; 非都市編定：乙種建築用地
RPQNMLMLQHNFFDP07DA,新吉段,3.44,都市：商
RPPNMLMLQHNFFDP96DA,新吉段,3.44,都市：商
RPTNMLPLPHNFFCP57EA,大義崙段,1375.00,非都市：特定農業區 ; 非都市編定：農牧用地
RPTNMLPLPHNFFCP57EA,大義崙段,4625.00,非都市：特定農業區 ; 非都市編定：農牧用地
RPQNMLRJQHNFFDP37DA,弘道段,44.26,非都市：鄉村區 ; 非都市編定：乙種建築用地
RPUNMLRLPHNFFDP77CA,高北段,99.45,都市：住
RPUNMLRLPHNFFDP77CA,高北段,.34,都市：住
RPUNMLRLPHNFFDP77CA,高北段,.34,都市：住
RPWNMLQLPHNFFDP87CA,高南段,91.06,都市：住
RPWNMLQLPHNFFDP87CA,高南段,23.14,都市：住
RPSNMLRLPHNFFCP57DA,西螺段,416.50,都市：住
RPTNMLNLQHNFFFP67DA,豐安段,120.28,非都市：鄉村區 ; 非都市編定：乙種建築用地
RPTNMLNLQHNFFFP67DA,豐安段,95.66,非都市：鄉村區 ; 非都市編定：乙種建築用地
RPTNMLNLQHNFFFP67DA,豐安段,94.13,非都市：鄉村區 ; 非都市編定：乙種建築用地
RPTNMLNLQHNFFFP67DA,豐安段,92.60,非都市：鄉村區 ; 非都市編定：乙種建築用地
RPUNMLNLQHNFFFP77DA,豐安段,91.07,非都市：鄉村區 ; 非都市編定：乙種建築用地
RPUNMLNLQHNFFFP77DA,豐安段,89.54,非都市：鄉村區 ; 非都市編定：乙種建築用地
RPWNMLRJQHNFFDP87CA,崙內段,2500.00,非都市：特定農業區 ; 非都市編定：農牧用地
RPXNMLRJQHNFFDP97CA,馬公厝段,163.00,非都市：鄉村區 ; 非都市編定：乙種建築用地
RPVNMLPLPHNFFCP67DA,興西段,91.29,都市：住
RPXNMLRLPHNFFAP87DA,西華段,467.00,都市：住
RPUNMLLMPHNFFEP47DA,潭內段,1048.67,非都市：特定農業區 ; 非都市編定：農牧用地
RPUNMLLMPHNFFEP47DA,潭內段,3007.33,非都市：特定農業區 ; 非都市編定：農牧用地
RPPOMLLMPHNFFEP07DA,建陽段,170.00,非都市：鄉村區 ; 非都市編定：乙種建築用地
RPQNMLLJQHNFFEP76CA,洋北段,1370.30,非都市：一般農業區 ; 非都市編定：農牧用地
RPQNMLLJQHNFFEP76CA,洋北段,1370.24,非都市：一般農業區 ; 非都市編定：農牧用地
RPTNMLLMPHNFFEP37DA,龍岩厝段,3155.00,非都市：特定農業區 ; 非都市編定：特定目的事業用地
SPPNMLOLQHNFFFP37CA,光大段,15.57,都市：其他
SPPNMLOLQHNFFFP37CA,光大段,15.53,都市：其他
RPPNMLOLQHNFFFP27CA,光大段,153.99,都市：工
RPPNMLOLQHNFFFP27CA,光大段,147.73,都市：工
RPXNMLTKQHNFFDP28CA,高南段,14.61,都市：住
RPXNMLTKQHNFFDP28CA,高南段,75.91,都市：住
RPWNMLKLQHNFFEP47CA,北港段,88.00,都市：住
RPWNMLKLQHNFFEP47CA,北港段,5.00,都市：住
RPSOMLKLQHNFFAP86DA,石榴段,36.11,非都市：特定農業區 ; 非都市編定：甲種建築用地
RPPOMLTKQHNFFDP57CA,高南段,6.30,都市：住
RPPOMLTKQHNFFDP57CA,高南段,66.99,都市：住
RPPOMLTKQHNFFDP57CA,高南段,14.61,都市：住
RPTOMLTKQHNFFDP97CA,高南段,74.22,都市：住
RPTOMLTKQHNFFDP97CA,高南段,9.13,都市：住
RPPNMLMJQHNFFCP56CA,永安段,916.00,非都市：特定農業區 ; 非都市編定：農牧用地
RPPNMLMJQHNFFCP56CA,永安段,1413.00,非都市：特定農業區 ; 非都市編定：農牧用地
RPPNMLMJQHNFFCP56CA,永安段,2841.00,非都市：特定農業區 ; 非都市編定：農牧用地
RPROMLTKQHNFFDP77CA,高南段,75.90,都市：住
RPROMLTKQHNFFDP77CA,高南段,14.61,都市：住
RPPOMLKLQHNFFDP76CA,越港段,100.00,都市：住
RPPOMLKLQHNFFDP76CA,越港段,1.24,都市：住
RPTNMLNJQHNFFCP07CA,湳仔段,122.22,非都市：鄉村區 ; 非都市編定：乙種建築用地
RPQNMLRLPHNFFCP27CA,埤頭段,727.22,非都市：鄉村區 ; 非都市編定：乙種建築用地
RPQNMLRLPHNFFCP27CA,埤頭段,362.62,非都市：鄉村區 ; 非都市編定：乙種建築用地
RPUOMLNJQHNFFAP07CA,梅林西段,25.96,非都市：鄉村區 ; 非都市編定：乙種建築用地
RPUOMLNJQHNFFAP07CA,梅林西段,117.65,非都市：鄉村區 ; 非都市編定：乙種建築用地
RPPNMLKMPHNFFCP56CA,社東段,.10,都市：住
RPPNMLKMPHNFFCP56CA,社東段,197.94,都市：住
RPPNMLKMPHNFFCP56CA,社東段,3.07,都市：住
RPVOMLNJQHNFFAP17CA,梅林西段,25.96,非都市：鄉村區 ; 非都市編定：乙種建築用地
RPVOMLNJQHNFFAP17CA,梅林西段,94.48,非都市：鄉村區 ; 非都市編定：乙種建築用地
RPSOMLNJQHNFFAP86CA,梅林西段,86.58,非都市：鄉村區 ; 非都市編定：乙種建築用地
RPSOMLNJQHNFFAP86CA,梅林西段,25.96,非都市：鄉村區 ; 非都市編定：乙種建築用地
RPTOMLNJQHNFFAP96CA,梅林西段,86.72,非都市：鄉村區 ; 非都市編定：乙種建築用地
RPTOMLNJQHNFFAP96CA,梅林西段,25.96,非都市：鄉村區 ; 非都市編定：乙種建築用地
RPWOMLNJQHNFFAP27CA,梅林西段,25.96,非都市：鄉村區 ; 非都市編定：乙種建築用地
RPWOMLNJQHNFFAP27CA,梅林西段,107.94,非都市：鄉村區 ; 非都市編定：乙種建築用地
RPWNMLKMPHNFFAP07CA,九老爺段,379.50,非都市：特定農業區 ; 非都市編定：農牧用地
RPXNMLKMPHNFFAP17CA,大潭段社口小段,4.05,都市：住
RPXNMLLMPHNFFAP27CA,保長段保長小段,55.00,非都市：鄉村區 ; 非都市編定：乙種建築用地
RPPPMLNJQHNFFAP66CA,梅林西段,87.04,非都市：鄉村區 ; 非都市編定：乙種建築用地
RPPPMLNJQHNFFAP66CA,梅林西段,25.96,非都市：鄉村區 ; 非都市編定：乙種建築用地
RPUNMLRLPHNFFAP47CA,大潭段社口小段,14.89,都市：住
RPXOMLNJQHNFFAP37CA,梅林西段,112.50,非都市：鄉村區 ; 非都市編定：乙種建築用地
RPXOMLNJQHNFFAP37CA,梅林西段,25.96,非都市：鄉村區 ; 非都市編定：乙種建築用地
RPRNMLKMPHNFFAP56CA,保庄段,295.64,都市：工
RPSNMLKMPHNFFAP66CA,海豐崙段海豐崙小段,471.00,都市：農
RPTNMLKMPHNFFAP76CA,虎溪段,3107.84,非都市：特定農業區 ; 非都市編定：農牧用地
RPUNMLKMPHNFFAP86CA,高林南段,73.75,非都市：一般農業區 ; 非都市編定：水利用地
RPUNMLKMPHNFFAP86CA,高林南段,5788.95,非都市：一般農業區 ; 非都市編定：農牧用地
RPVNMLRLPHNFFAP57CA,大潭段大潭小段,107.70,都市：住
RPWNMLKLQHNFFDP37CA,越港段,103.00,都市：住
RPWNMLKLQHNFFDP37CA,越港段,20.91,都市：住
RPWNMLKLQHNFFDP37CA,越港段,1.24,都市：住
RPOOMLKLQHNFFDP66CA,越港段,94.00,都市：住
RPOOMLKLQHNFFDP66CA,越港段,1.24,都市：住
RPXNMLKLQHNFFDP47CA,越港段,122.00,都市：住
RPXNMLKLQHNFFDP47CA,越港段,1.24,都市：住
RPPNMLLLQHNFFDP76CA,越港段,96.00,都市：住
RPPNMLLLQHNFFDP76CA,越港段,1.24,都市：住
RPUNMLNJQHNFFAP96CA,梅林西段,85.29,非都市：鄉村區 ; 非都市編定：乙種建築用地
RPUNMLNJQHNFFAP96CA,梅林西段,25.96,非都市：鄉村區 ; 非都市編定：乙種建築用地
RPVNMLNJQHNFFAP07CA,梅林西段,25.96,非都市：鄉村區 ; 非都市編定：乙種建築用地
RPVNMLNJQHNFFAP07CA,梅林西段,105.72,非都市：鄉村區 ; 非都市編定：乙種建築用地
RPTNMLLJQHNFFAP66CA,斗六段,4.30,都市：商
RPVNMLLMPHNFFEP47CA,塭底段,1222.53,非都市：特定農業區 ; 非都市編定：農牧用地
RPQNMLLLQHNFFDP86CA,越港段,96.00,都市：住
RPQNMLLLQHNFFDP86CA,越港段,1.24,都市：住
RPTOMLRJQHNFFDP67CA,大荖段,644.00,非都市：鄉村區 ; 非都市編定：乙種建築用地
RPRNMLLLQHNFFDP96CA,越港段,79.86,都市：住
RPRNMLLLQHNFFDP96CA,越港段,17.00,都市：住
RPRNMLLLQHNFFDP96CA,越港段,1.24,都市：住
RPWNMLLMPHNFFEP57CA,西興段,4673.87,非都市：特定農業區 ; 非都市編定：農牧用地
RPSOMLRJQHNFFAP27CA,大潭段大潭小段,18.44,都市：住
RPSOMLRJQHNFFAP27CA,大潭段大潭小段,.73,都市：住
RPSOMLRJQHNFFAP27CA,大潭段大潭小段,175.73,都市：住
RPQNMLLMPHNFFCP76CA,面前厝段,283.41,都市：住
RPPNMLTKQHNFFDP47CA,高南段,74.22,都市：住
RPPNMLTKQHNFFDP47CA,高南段,9.13,都市：住
RPQNMLQJQHNFFAP86CA,雲林溪段,927.62,都市：住
RPSNMLLJQHNFFAP66DA,溝子埧段溝子埧小段,53.22,非都市：鄉村區 ; 非都市編定：乙種建築用地
RPSNMLRJQHNFFDP57DA,平和厝段,341.20,都市：農
RPSNMLRJQHNFFDP57DA,平和厝段,446.00,都市：農
RPVNMLTKQHNFFDP08CA,高南段,14.61,都市：住
RPVNMLTKQHNFFDP08CA,高南段,75.91,都市：住
RPRNMLTKQHNFFDP67CA,高南段,14.61,都市：住
RPRNMLTKQHNFFDP67CA,高南段,6.60,都市：住
RPRNMLTKQHNFFDP67CA,高南段,70.15,都市：住
RPPNMLKMPHNFFDP66CA,過溪子段,2016.00,都市：農
RPTNMLTKQHNFFDP87CA,高南段,76.41,都市：住
RPTNMLTKQHNFFDP87CA,高南段,9.13,都市：住
RPPNMLQJQHNFFAP76CA,後庄段,42.57,都市：工
RPPNMLQJQHNFFAP76CA,後庄段,.27,都市：工
RPPNMLQJQHNFFAP76CA,後庄段,120.45,都市：工
RPWNMLLJQHNFFAP17EA,樟湖段,3079.00,非都市：山坡地保育區 ; 非都市編定：農牧用地
RPOOMLLJQHNFFAP09EA,光明段,102.48,非都市：工業區 ; 非都市編定：丁種建築用地
RPQNMLNJQHNFFDP86CA,弘道段,89.10,都市：工
RPXNMLLMPHNFFEP67CA,瓊埔段,859.05,非都市：特定農業區 ; 非都市編定：農牧用地
RPXNMLLMPHNFFEP67CA,瓊埔段,732.07,非都市：特定農業區 ; 非都市編定：農牧用地
RPVNMLLMPHNFFAP27EA,崙南段,20.51,非都市：鄉村區 ; 非都市編定：乙種建築用地
RPVNMLLMPHNFFAP27EA,崙南段,107.83,非都市：鄉村區 ; 非都市編定：乙種建築用地
RPWNMLLMPHNFFAP27DA,古坑段湳子小段,83.77,非都市：特定專用區 ; 非都市編定：農牧用地
RPWOMLRJQHNFFDP97CA,綺湖段,1318.00,非都市：特定農業區 ; 非都市編定：農牧用地
RPQNMLPJRHNFFDP17CA,同心段,8.38,都市：住
RPQNMLPJRHNFFDP17CA,同心段,155.07,都市：住
RPPNMLSJQHNFFFP47CA,安西段,150.50,非都市：鄉村區 ; 非都市編定：乙種建築用地
RPPNMLSJQHNFFFP47CA,安西段,150.50,非都市：鄉村區 ; 非都市編定：乙種建築用地
RPPNMLRJQHNFFCP17DA,三塊厝段,350.00,非都市：鄉村區 ; 非都市編定：乙種建築用地
RPQOMLLMPHNFFEP07CA,松西段,1752.00,非都市：特定農業區 ; 非都市編定：農牧用地
RPQOMLLMPHNFFEP07CA,松西段,1752.01,非都市：特定農業區 ; 非都市編定：農牧用地
RPTNMLMJQHNFFEP27DA,崙北段,1648.00,非都市：一般農業區 ; 非都市編定：農牧用地
RPROMLRJQHNFFDP47CA,新南段,2881.44,非都市：特定農業區 ; 非都市編定：農牧用地
RPQNMLMJQHNFFDP76CA,過溪子段,1045.00,非都市：特定農業區 ; 非都市編定：農牧用地
RPWOMLMLQHNFFCP57CA,新宅段,963.00,非都市：特定農業區 ; 非都市編定：甲種建築用地
RPTNMLRJQHNFFDP57CA,復興段,101.00,都市：住
RPQNMLLMPHNFFFP07CA,許厝寮段許厝寮小段,1942.00,非都市：一般農業區 ; 非都市編定：養殖用地
RPQNMLLMPHNFFFP07CA,許厝寮段許厝寮小段,1047.00,非都市：一般農業區 ; 非都市編定：養殖用地
RPQNMLLMPHNFFFP07CA,許厝寮段許厝寮小段,104.00,非都市：一般農業區 ; 非都市編定：養殖用地
RPUNMLNJQHNFFEP37CA,新吉段,2270.50,非都市：特定農業區 ; 非都市編定：農牧用地
RPSNMLLJQHNFFBP66CA,舊庄段,1211.50,非都市：特定農業區 ; 非都市編定：農牧用地
RPPNMLLJQHNFFBP98CA,新庄段新庄小段,2023.00,非都市：特定農業區 ; 非都市編定：農牧用地
RPRNMLLJQHNFFBP56CA,舊庄段,177.29,非都市：特定農業區 ; 非都市編定：甲種建築用地
RPSNMLMJQHNFFAP66CA,竹頭段,773.19,非都市：一般農業區 ; 非都市編定：農牧用地
RPQNMLKMQHNFFBP66CA,建國段,24.94,都市：住
RPQNMLMJQHNFFAP09CA,海豐崙段海豐崙小段,72.00,都市：住
RPRNMLNJQHNFFAP66CA,成功段,18.50,都市：住
RPRNMLNJQHNFFAP66CA,成功段,67.50,都市：住
RPRNMLNJQHNFFAP66CA,成功段,39.00,都市：其他
RPQNMLSJQHNFFCP27CA,社西段,1088.94,都市：工
RPXNMLRJQHNFFAP77DA,田心段,96.94,非都市：鄉村區 ; 非都市編定：乙種建築用地
RPXNMLRJQHNFFAP77DA,田心段,16.79,非都市：鄉村區 ; 非都市編定：乙種建築用地
RPQNMLLJQHNFFAP98CA,斗六段,59.00,都市：住
RPQNMLLJQHNFFAP98CA,斗六段,3.00,都市：住
RPSNMLLMPHNFFEP27DA,大庄段,108.43,非都市：特定農業區 ; 非都市編定：農牧用地
RPSNMLLMPHNFFEP27DA,大庄段,2402.05,非都市：特定農業區 ; 非都市編定：農牧用地
RPOOMLLMPHNFFAP09CA,溝子埧段溝子埧小段,49.12,非都市：鄉村區 ; 非都市編定：乙種建築用地
RPPNMLQJQHNFFDP07CA,蕃薯段,601.06,非都市：一般農業區 ; 非都市編定：水利用地
RPROMLLMPHNFFEP17CA,後寮段,1728.00,非都市：特定農業區 ; 非都市編定：農牧用地
RPPNMLKLQHNFFAP98CA,中山段,120.00,都市：住
RPPNMLKLQHNFFAP98CA,中山段,42.88,都市：住
RPPNMLKLQHNFFAP98CA,中山段,.25,都市：其他
RPRNMLSJQHNFFBP27CA,東明段,2458.88,非都市：特定農業區 ; 非都市編定：農牧用地
RPPNMLLJQHNFFEP66CA,後厝段,2866.00,非都市：一般農業區 ; 非都市編定：農牧用地
RPRNMLMJQHNFFEP96CA,新湖段,111.00,都市：住
RPUNMLMJQHNFFAP86CA,崙北段,22.69,非都市：鄉村區 ; 非都市編定：乙種建築用地
RPUNMLMJQHNFFAP86CA,崙北段,80.45,非都市：鄉村區 ; 非都市編定：乙種建築用地
RPPNMLSJQHNFFDP27CA,高南段,121.00,都市：住
RPOOMLLMPHNFFEP86CA,春牛埔段,1285.00,非都市：特定農業區 ; 非都市編定：農牧用地
RPOOMLLMPHNFFEP86CA,春牛埔段,1285.00,非都市：特定農業區 ; 非都市編定：農牧用地
RPTNMLRKQHNFFCP57CA,西螺段,36.80,都市：住
RPTNMLRKQHNFFCP57CA,西螺段,61.42,都市：住
RPTNMLRKQHNFFCP57CA,西螺段,58.05,都市：住
RPTNMLRKQHNFFCP57CA,西螺段,1173.60,都市：住
RPTNMLRKQHNFFCP57CA,西螺段,181.66,都市：住
RPTNMLRKQHNFFCP57CA,西螺段,8.00,都市：住
RPTNMLLMPHNFFFP37CA,仁愛段,845.99,非都市：特定農業區 ; 非都市編定：農牧用地
RPRNMLKMQHNFFAP66CA,斗六段,117.00,都市：住
RPTOMLRLQHNFFDP87CA,蕃薯段,1478.00,非都市：一般農業區 ; 非都市編定：農牧用地
RPSOMLRLQHNFFDP77CA,蕃薯段,2966.00,非都市：一般農業區 ; 非都市編定：農牧用地
RPUNMLPKQHNFFAP27CA,貞寮段,37.53,非都市：鄉村區 ; 非都市編定：乙種建築用地
RPUNMLPKQHNFFAP27CA,貞寮段,37.53,非都市：鄉村區 ; 非都市編定：乙種建築用地
RPUNMLNLQHNFFDP47CA,興安段,116.28,非都市：鄉村區 ; 非都市編定：乙種建築用地
RPUNMLNLQHNFFDP47CA,興安段,43.09,非都市：鄉村區 ; 非都市編定：乙種建築用地
RPVNMLRJQHNFFBP57CA,舊庄段,2694.00,非都市：特定農業區 ; 非都市編定：農牧用地
RPQOMLRLQHNFFDP57CA,弘道段,29.54,都市：工
RPQOMLRLQHNFFDP57CA,弘道段,1.50,都市：工
RPQOMLRLQHNFFDP57CA,弘道段,1.08,都市：農
RPQOMLRLQHNFFDP57CA,弘道段,1.17,都市：農
RPQOMLRLQHNFFDP57CA,弘道段,5.54,都市：工
RPQOMLRLQHNFFDP57CA,弘道段,105.30,都市：工
RPQOMLRLQHNFFDP57CA,弘道段,.20,都市：工
RPPNMLLLQHNFFFP96CA,明倫段,142.00,非都市：特定農業區 ; 非都市編定：農牧用地
RPPNMLLLQHNFFFP96CA,明倫段,316.50,非都市：特定農業區 ; 非都市編定：農牧用地
RPTNMLNJQHNFFEP27CA,內寮段,886.33,非都市：河川區 ; 非都市編定：農牧用地
RPVNMLLMPHNFFFP67DA,後安段,2783.32,非都市：一般農業區 ; 非都市編定：農牧用地
RPSNMLKKQHNFFEP96CA,口湖段,1489.00,非都市：一般農業區 ; 非都市編定：農牧用地
RPSNMLKKQHNFFEP96CA,口湖段,5514.00,非都市：一般農業區 ; 非都市編定：農牧用地
RPSNMLKKQHNFFEP96CA,口湖段,2509.00,非都市：一般農業區 ; 非都市編定：農牧用地
RPPNMLMJQHNFFAP09DA,水碓東段,93.48,非都市：鄉村區 ; 非都市編定：乙種建築用地
RPPNMLMJQHNFFAP09DA,水碓東段,25.64,非都市：鄉村區 ; 非都市編定：乙種建築用地
RPPNMLMJQHNFFAP09DA,水碓東段,3.77,非都市：鄉村區 ; 非都市編定：乙種建築用地
RPPNMLMJQHNFFAP09DA,水碓東段,1.55,非都市：鄉村區 ; 非都市編定：乙種建築用地
