﻿鄉鎮市區,交易標的,土地區段位置/建物區段門牌,土地移轉總面積(平方公尺),都市土地使用分區,非都市土地使用分區,非都市土地使用編定,交易年月日,交易筆棟數,移轉層次,總樓層數,建物型態,主要用途,主要建材,建築完成年月,建物移轉總面積(平方公尺),建物現況格局-房,建物現況格局-廳,建物現況格局-衛,建物現況格局-隔間,有無管理組織,總價(元),單價(元/平方公尺),車位類別,車位移轉總面積(平方公尺),車位總價(元),備註,編號
The villages and towns urban district,transaction sign,land sector position/building sector house number plate,land shifting total area (square meter),the use zoning or compiles and checks,the non-metropolis land use district,non-metropolis land use,transaction year, month and day,transaction pen number,shifting level,total floor number,building state,main use,main building materials,construction to complete the years,building shifting total area,Building present situation pattern - room,building present situation pattern - hall,building present situation pattern - health,building present situation pattern - compartmented,Whether there is manages the organization,total price (Yuan),the unit price (a Yuan/square meter),the berth category,berth shifting total area (square meter),the berth total price (Yuan),the note,serial number
林內鄉,土地,頂庄段901~930地號,836.7,,,,1070712,土地1建物0車位0,,,其他,,,,0.0,0,0,0,有,無,669360,800,,0.0,0,合併耕地買賣。,RPUNMLOLPHNFFAP17CA
斗六市,土地,斗六段181~210地號,100.0,住,,,1070625,土地1建物0車位0,,,其他,,,,0.0,0,0,0,有,無,5600000,56000,,0.0,0,,RPXNMLOLPHNFFAP47CA
莿桐鄉,土地,大埔尾段5251~5280地號,3005.0,,特定農業區,農牧用地,1070619,土地1建物0車位0,,,其他,,,,0.0,0,0,0,有,無,6761250,2250,,0.0,0,,RPQOMLOLPHNFFAP86CA
斗六市,房地(土地+建物),雲林縣斗六市長沙街1~30號,99.12,住,,,1070622,土地1建物1車位0,全,四層,透天厝,見其他登記事項,鋼筋混凝土造,1050408,203.62,5,3,5,有,無,12500000,61389,,0.0,0,,RPTNMLPLPHNFFAP17CA
斗六市,土地,海豐崙段朱丹灣小段1~30地號,213.0,住,,,1070705,土地1建物0車位0,,,其他,,,,0.0,0,0,0,有,無,2577300,12100,,0.0,0,,RPUNMLPLPHNFFAP27CA
古坑鄉,房地(土地+建物),雲林縣古坑鄉中山路243巷31~60號,85.0,住,,,1070627,土地1建物1車位0,全,三層,透天厝,見其他登記事項,鋼筋混凝土造,1060220,174.34,4,2,3,有,無,6000000,34416,,0.0,0,,RPROMLPLPHNFFAP07CA
斗六市,房地(土地+建物),雲林縣斗六市西平路270巷31~60號,130.0,住,,,1070616,土地2建物1車位0,全,四層,透天厝,見其他登記事項,鋼筋混凝土造,0930630,210.9,4,3,3,有,無,5500000,26079,,0.0,0,,RPUNMLLMPHNFFAP96CA
莿桐鄉,土地,饒平段901~930地號,427.48,,鄉村區,乙種建築用地,1070522,土地5建物0車位0,,,其他,,,,0.0,0,0,0,有,無,5830000,13638,,0.0,0,,RPPOMLRJQHNFFAP96CA
西螺鎮,房地(土地+建物),雲林縣西螺鎮詔安31~60號,116.69,住,,,1070702,土地3建物1車位0,全,三層,透天厝,住家用,鋼筋混凝土造,0830923,216.54,4,1,3,有,無,5180000,23922,,0.0,0,,RPRNMLPLPHNFFCP17CA
西螺鎮,土地,社口段691~720地號,1124.0,農,,,1070614,土地3建物0車位0,,,其他,,,,0.0,0,0,0,有,無,5200000,4626,,0.0,0,,RPPNMLTJQHNFFCP27CA
虎尾鎮,房地(土地+建物),雲林縣虎尾鎮八德街91~120號,5.62,商,,,1070707,土地1建物1車位0,五層,十三層,套房(1房1廳1衛),見其他登記事項,鋼筋混凝土造,0960205,42.83,1,1,1,有,無,1310000,30586,,0.0,0,,RPSNMLPLPHNFFDP37CA
虎尾鎮,土地,高南段61~90地號,250.02,住,,,1070707,土地1建物0車位0,,,其他,,,,0.0,0,0,0,有,無,7563000,30250,,0.0,0,,RPPNMLPLPHNFFDP07CA
虎尾鎮,土地,大屯子段691~720地號,1769.0,,特定農業區,農牧用地,1070710,土地1建物0車位0,,,其他,,,,0.0,0,0,0,有,無,3538000,2000,,0.0,0,,RPWNMLRLPHNFFDP97CA
虎尾鎮,房地(土地+建物),雲林縣虎尾鎮德興路91~120號,4.03,住,,,1070702,土地1建物1車位0,十二層,十四層,住宅大樓(11層含以上有電梯),住家用,鋼筋混凝土造,0880730,39.05,1,0,1,有,有,1050000,26889,,0.0,0,,RPSNMLLJQHNFFDP86CA
土庫鎮,房地(土地+建物),雲林縣土庫鎮馬光路一段65巷1~30號,128.04,住,,,1070627,土地2建物1車位0,全,三層,透天厝,住家用,鋼筋混凝土造,1061121,168.8,4,2,3,有,無,7000000,41469,,0.0,0,,RPXNMLQJQHNFFDP87CA
土庫鎮,房地(土地+建物),雲林縣土庫鎮復興路1~30號,93.0,住,,,1070710,土地1建物1車位0,全,三層,透天厝,住商用,鋼筋混凝土造,0810915,195.78,2,2,3,有,無,5800000,29625,,0.0,0,,RPPNMLTJQHNFFDP37CA
土庫鎮,房地(土地+建物),雲林縣土庫鎮馬光路一段65巷1~30號,125.04,住,,,1070625,土地2建物1車位0,全,三層,透天厝,住家用,鋼筋混凝土造,1061121,168.8,4,2,3,有,無,8300000,49171,,0.0,0,共有人為2人，本筆買賣含裝潢費土地部分42萬元正、建物部分78萬元正，合計120萬元正。,RPSNMLLLQHNFFDP07CA
四湖鄉,土地,關聖段1411~1440地號,19.0,農,,,1070709,土地1建物0車位0,,,其他,,,,0.0,0,0,0,有,無,22000,1158,,0.0,0,,RPPNMLSLPHNFFEP47CA
北港鎮,土地,溝皂段1021~1050地號,8753.95,,特定農業區,農牧用地,1070625,土地3建物0車位0,,,其他,,,,0.0,0,0,0,有,無,6340300,724,,0.0,0,,RPRNMLLMPHNFFEP07CA
元長鄉,土地,瓦段901~930地號,2758.0,,特定農業區,農牧用地,1070709,土地1建物0車位0,,,其他,,,,0.0,0,0,0,有,無,7170800,2600,,0.0,0,,RPSNMLPLPHNFFEP47CA
麥寮鄉,房地(土地+建物),雲林縣麥寮鄉泰順路150巷12弄1~30號,108.82,住,,,1070622,土地2建物1車位0,全,三層,透天厝,見其他登記事項,鋼筋混凝土造,1041016,176.06,5,2,4,有,無,8300000,47143,,0.0,0,,RPSNMLLMPHNFFFP27CA
東勢鄉,土地,程海段841~870地號,670.0,,特定農業區,農牧用地,1070620,土地1建物0車位0,,,其他,,,,0.0,0,0,0,有,無,335000,500,,0.0,0,,RPUNMLLMPHNFFFP47CA
莿桐鄉,土地,番子段1141~1170地號,3456.0,,特定農業區,農牧用地,1070625,土地1建物0車位0,,,其他,,,,0.0,0,0,0,有,無,6912000,2000,,0.0,0,,RPPNMLLMPHNFFAP56DA
古坑鄉,房地(土地+建物),雲林縣古坑鄉田心村001鄰田心1~30號,82.29,,鄉村區,乙種建築用地,1070611,土地2建物1車位0,全,四層,透天厝,見其他登記事項,鋼筋混凝土造,1061220,206.84,4,2,4,有,無,6050000,29250,,0.0,0,,RPVNMLRJQHNFFAP57DA
西螺鎮,房地(土地+建物),雲林縣西螺鎮中山路211~240號,100.45,商,,,1070625,土地2建物2車位0,地下一層,十層,辦公商業大樓,商業用,鋼筋混凝土造,0850215,958.76,0,0,0,無,無,19721700,20570,,0.0,0,,RPQNMLQLPHNFFCP27DA
土庫鎮,土地,崙埤段241~270地號,2725.05,,特定農業區,農牧用地,1070627,土地2建物0車位0,,,其他,,,,0.0,0,0,0,有,無,3270060,1200,,0.0,0,親友、員工或其他特殊關係間之交易。;,RPUNMLLLQHNFFDP37DA
口湖鄉,土地,下湖口段91~120地號,3173.0,,一般農業區,農牧用地,1070713,土地1建物0車位0,,,其他,,,,0.0,0,0,0,有,無,2157640,680,,0.0,0,,RPUNMLNLPHNFFEP57DA
四湖鄉,土地,溪尾段新溪小段481~510地號,135.0,,鄉村區,乙種建築用地,1070716,土地1建物0車位0,,,其他,,,,0.0,0,0,0,有,無,163350,1210,,0.0,0,,RPVNMLOLPHNFFEP77DA
水林鄉,土地,蕃薯段1291~1320地號,3227.0,,特定農業區,農牧用地,1070718,土地1建物0車位0,,,其他,,,,0.0,0,0,0,有,無,2400000,744,,0.0,0,,RPWNMLOLPHNFFEP87DA
元長鄉,土地,龍岩厝段2491~2520地號,3960.0,,特定農業區,農牧用地,1070703,土地3建物0車位0,,,其他,,,,0.0,0,0,0,有,無,7128000,1800,,0.0,0,,RPSNMLQLPHNFFEP67DA
麥寮鄉,土地,崙南段901~930地號,1531.8,,一般農業區,農牧用地,1070705,土地1建物0車位0,,,其他,,,,0.0,0,0,0,有,無,1072260,700,,0.0,0,,RPRNMLOLPHNFFFP57EA
四湖鄉,土地,建陽段631~660地號,401.0,,鄉村區,乙種建築用地,1070627,土地3建物0車位0,,,其他,,,,0.0,0,0,0,有,無,400000,998,,0.0,0,,RPQNMLRJQHNFFEP47DA
斗六市,房地(土地+建物),雲林縣斗六市杭州街61~90號,88.0,住,,,1070705,土地1建物1車位0,全,二層,透天厝,住家用,加強磚造,0701215,119.58,3,1,3,有,無,2417800,20219,,0.0,0,,RPWOMLPLPHNFFAP77EA
斗六市,土地,保長段保長小段781~810地號,38.72,,鄉村區,乙種建築用地,1070716,土地1建物0車位0,,,其他,,,,0.0,0,0,0,有,無,250000,6457,,0.0,0,,RPRNMLLMPHNFFAP86EA
西螺鎮,房地(土地+建物),雲林縣西螺鎮修文路31~60號,58.43,住,,,1070518,土地1建物1車位0,全,二層,透天厝,住商用,加強磚造,0640822,110.88,4,2,3,有,無,762530,6877,,0.0,0,,RPRNMLRLPHNFFCP47DA
斗南鎮,房地(土地+建物),雲林縣斗南鎮大同里長興街91~120號,108.0,住,,,1070704,土地1建物1車位0,全,二層,透天厝,住家用,加強磚造,0770430,143.18,4,2,2,有,無,5180000,36178,,0.0,0,,RPTNMLTJQHNFFBP67DA
西螺鎮,土地,漢南段31~60地號,103.05,住,,,1070713,土地1建物0車位0,,,其他,,,,0.0,0,0,0,有,無,3118000,30257,,0.0,0,,RPPNMLPLPHNFFCP07DA
二崙鄉,房地(土地+建物),雲林縣二崙鄉民權路61~90號,88.97,住,,,1070711,土地1建物1車位0,全,三層,透天厝,住商用,鋼筋混凝土造,0821105,178.65,3,2,3,有,無,4350000,24349,,0.0,0,,RPQNMLPLPHNFFCP17DA
莿桐鄉,土地,四合段931~960地號,115.38,,鄉村區,乙種建築用地,1070630,土地1建物0車位0,,,其他,,,,0.0,0,0,0,有,無,1000000,8667,,0.0,0,,RPXNMLPLPHNFFAP67DA
斗六市,土地,榴北段91~120地號,3566.0,,特定農業區,農牧用地,1070628,土地1建物0車位0,,,其他,,,,0.0,0,0,0,有,無,6600000,1851,,0.0,0,,RPROMLQLPHNFFAP27DA
麥寮鄉,土地,崙南段301~330地號,2432.4,,一般農業區,農牧用地,1070709,土地1建物0車位0,,,其他,,,,0.0,0,0,0,有,無,1320000,543,,0.0,0,,RPPNMLQLPHNFFFP37CA
北港鎮,房地(土地+建物),雲林縣北港鎮新德路1~30號,7.79,住,,,1070716,土地1建物1車位0,六層,十層,華廈(10層含以下有電梯),住家用,鋼筋混凝土造,0850529,63.21,2,2,1,有,無,1600000,25312,,0.0,0,,RPRNMLQLPHNFFEP47CA
北港鎮,土地,溝皂段1021~1050地號,1460.0,,特定農業區,農牧用地,1070706,土地1建物0車位0,,,其他,,,,0.0,0,0,0,有,無,1050000,719,,0.0,0,,RPSOMLLMPHNFFEP27CA
北港鎮,土地,府番段301~330地號,2044.03,,特定農業區,農牧用地,1070709,土地2建物0車位0,,,其他,,,,0.0,0,0,0,有,無,2657240,1300,,0.0,0,協議價購,RPPNMLPLPHNFFEP17CA
北港鎮,土地,府番段241~270地號,2483.0,,特定農業區,農牧用地,1070709,土地2建物0車位0,,,其他,,,,0.0,0,0,0,有,無,3327220,1340,,0.0,0,協議價購,RPQNMLPLPHNFFEP27CA
土庫鎮,土地,過港段211~240地號,3465.67,農,,,1070712,土地1建物0車位0,,,其他,,,,0.0,0,0,0,有,無,4505371,1300,,0.0,0,,RPPNMLRJQHNFFDP17CA
虎尾鎮,土地,牛埔子段841~870地號,746.0,,鄉村區,乙種建築用地,1070705,土地1建物0車位0,,,其他,,,,0.0,0,0,0,有,無,8800935,11798,,0.0,0,鄉村區地形狹長,RPTNMLMJQHNFFDP07CA
虎尾鎮,土地,龍安段331~360地號,138.82,,鄉村區,乙種建築用地,1070711,土地1建物0車位0,,,其他,,,,0.0,0,0,0,有,無,1200000,8644,,0.0,0,,RPUNMLMJQHNFFDP17CA
虎尾鎮,土地,大屯段901~930地號,114.69,,鄉村區,乙種建築用地,1070509,土地3建物0車位0,,,其他,,,,0.0,0,0,0,有,無,600000,5231,,0.0,0,,RPRNMLKMPHNFFDP86CA
虎尾鎮,房地(土地+建物),雲林縣虎尾鎮光復路481~510號,13.86,商,,,1070704,土地1建物1車位0,六層,九層,華廈(10層含以下有電梯),住家用,鋼筋混凝土造,0821110,126.19,3,2,2,有,有,3300000,26151,,0.0,0,,RPPNMLTLPHNFFDP47CA
虎尾鎮,房地(土地+建物),雲林縣虎尾鎮大屯211~240號,193.19,,鄉村區,乙種建築用地,1070628,土地2建物1車位0,全,三層,透天厝,住家用,鋼筋混凝土造,1000131,265.4,4,2,5,有,無,10900000,41070,,0.0,0,,RPRNMLPLPHNFFDP27CA
崙背鄉,土地,崙背段1111~1140地號,1628.0,,特定農業區,農牧用地,1070705,土地1建物0車位0,,,其他,,,,0.0,0,0,0,有,無,1953600,1200,,0.0,0,,RPSNMLQLPHNFFCP37CA
斗南鎮,房地(土地+建物),雲林縣斗南鎮藝術世家1~30號,201.1,,特定農業區,甲種建築用地,1070712,土地2建物1車位0,全,三層,透天厝,住家用,鋼筋混凝土造,0830111,202.59,5,2,4,有,有,4380000,21620,,0.0,0,,RPQNMLNJQHNFFBP66CA
古坑鄉,土地,苦苓腳段121~150地號,286.0,,山坡地保育區,丙種建築用地,1070703,土地1建物0車位0,,,其他,,,,0.0,0,0,0,有,無,2840000,9930,,0.0,0,,RPWNMLKLQHNFFAP07CA
斗六市,房地(土地+建物),雲林縣斗六市龍潭路3之12巷31~60號,9.21,,特定農業區,甲種建築用地,1070707,土地2建物1車位0,三層,五層,套房(1房1廳1衛),住家用,鋼筋混凝土造,0930326,31.419999999999998,1,0,1,有,無,790000,25143,,0.0,0,,RPUOMLPLPHNFFAP37CA
斗六市,房地(土地+建物),雲林縣斗六市龍潭路3之12巷31~60號,9.21,,特定農業區,甲種建築用地,1070707,土地2建物1車位0,三層,五層,套房(1房1廳1衛),住家用,鋼筋混凝土造,0930326,31.419999999999998,1,0,1,有,無,790000,25143,,0.0,0,,SPUOMLPLPHNFFAP47CA
斗六市,房地(土地+建物),雲林縣斗六市龍潭路3之12巷31~60號,9.21,,特定農業區,甲種建築用地,1070707,土地2建物1車位0,三層,五層,套房(1房1廳1衛),住家用,鋼筋混凝土造,0930326,31.419999999999998,1,0,1,有,有,790000,25143,,0.0,0,,RPVNMLPLPHNFFAP37CA
斗六市,房地(土地+建物),雲林縣斗六市上海路151~180號,23.5,住,,,1070703,土地1建物1車位0,四層,七層,華廈(10層含以下有電梯),住家用,鋼筋混凝土造,0830325,119.58,3,2,2,有,有,3830000,32029,,0.0,0,,RPVNMLQLPHNFFAP47CA
斗六市,房地(土地+建物),雲林縣斗六市同德街121~150號,142.0,住,,,1070710,土地2建物1車位0,全,三層,透天厝,見其他登記事項,鋼筋混凝土造,1040101,233.69,4,3,5,有,無,20000000,85583,,0.0,0,,RPXNMLQLPHNFFAP67CA
古坑鄉,土地,東興段151~180地號,2715.0,住,,,1070619,土地7建物0車位0,,,其他,,,,0.0,0,0,0,有,無,34421310,12678,,0.0,0,,RPQNMLRLPHNFFAP07CA
莿桐鄉,土地,和平段61~90地號,542.44,農,,,1070625,土地1建物0車位0,,,其他,,,,0.0,0,0,0,有,無,1952784,3600,,0.0,0,,RPRNMLRLPHNFFAP17CA
古坑鄉,土地,東興段151~180地號,240.0,農,,,1070619,土地2建物0車位0,,,其他,,,,0.0,0,0,0,有,無,1181460,4923,,0.0,0,,RPSNMLRLPHNFFAP27CA
古坑鄉,土地,東興段181~210地號,298.0,住,,,1070619,土地1建物0車位0,,,其他,,,,0.0,0,0,0,有,無,3685750,12368,,0.0,0,,RPTNMLRLPHNFFAP37CA
斗六市,房地(土地+建物),雲林縣斗六市中南路290巷45弄31~60號,79.8,,鄉村區,乙種建築用地,1070705,土地2建物1車位0,全,二層,透天厝,住家用,加強磚造,0710802,76.9,4,1,2,有,無,3360000,43693,,0.0,0,,RPPNMLQLPHNFFAP86CA
斗六市,房地(土地+建物),雲林縣斗六市成功路1~30號,63.0,商,,,1070529,土地1建物1車位0,全,二層,透天厝,住商用,見其他登記事項,0661206,84.05,4,2,2,有,無,2200000,26175,,0.0,0,,RPVNMLLMPHNFFAP07CA
斗六市,房地(土地+建物),雲林縣斗六市中山路533巷91~120號,104.35,,特定農業區,甲種建築用地,1070624,土地2建物1車位0,全,四層,透天厝,住家用,鋼筋混凝土造,0890925,195.21,4,3,4,有,無,7100000,36371,,0.0,0,,RPOOMLRLPHNFFAP96CA
斗六市,土地,大崙段茄苳腳小段1~30地號,303.53,,特定農業區,農牧用地,1070525,土地2建物0車位0,,,其他,,,,0.0,0,0,0,有,無,880000,2899,,0.0,0,,RPPNMLKMPHNFFAP98CA
古坑鄉,房地(土地+建物),雲林縣古坑鄉光華路34巷1~30號,179.13,,鄉村區,乙種建築用地,1070705,土地2建物1車位0,全,三層,透天厝,住家用,鋼筋混凝土造,0821220,150.93,3,2,4,有,無,3500000,23190,,0.0,0,,RPPNMLLJQHNFFAP88CA
斗六市,房地(土地+建物),雲林縣斗六市埤頭路31~60號,86.58,,鄉村區,乙種建築用地,1070619,土地1建物1車位0,全,三層,透天厝,見其他登記事項,鋼筋混凝土造,1070206,181.04,4,2,3,有,無,7500000,41427,,0.0,0,,RPSNMLNJQHNFFAP76CA
斗六市,房地(土地+建物),雲林縣斗六市埤頭路31~60號,86.58,,鄉村區,乙種建築用地,1070619,土地1建物1車位0,全,三層,透天厝,見其他登記事項,鋼筋混凝土造,1070206,181.04,4,2,3,有,無,7500000,41427,,0.0,0,,RPWNMLNJQHNFFAP17CA
斗六市,房地(土地+建物),雲林縣斗六市埤頭路31~60號,86.58,,鄉村區,乙種建築用地,1070619,土地1建物1車位0,全,三層,透天厝,見其他登記事項,鋼筋混凝土造,1070206,181.04,4,2,3,有,無,7500000,41427,,0.0,0,,RPXNMLNJQHNFFAP27CA
斗六市,房地(土地+建物),雲林縣斗六市埤頭路61~90號,86.58,,鄉村區,乙種建築用地,1070619,土地1建物1車位0,全,三層,透天厝,見其他登記事項,鋼筋混凝土造,1070206,181.04,4,2,3,有,無,7500000,41427,,0.0,0,,RPOOMLNJQHNFFAP09CA
斗六市,房地(土地+建物),雲林縣斗六市埤頭路61~90號,91.32,,鄉村區,乙種建築用地,1070619,土地1建物1車位0,全,三層,透天厝,見其他登記事項,鋼筋混凝土造,1070206,183.73,4,2,3,有,無,7500000,40821,,0.0,0,,RPPOMLNJQHNFFAP56CA
斗六市,房地(土地+建物),雲林縣斗六市埤頭路51巷1~30號,125.32,,鄉村區,乙種建築用地,1070619,土地1建物1車位0,全,四層,透天厝,住家用,鋼筋混凝土造,1070206,232.12,4,2,3,有,無,8500000,36619,,0.0,0,,RPQOMLNJQHNFFAP66CA
斗六市,房地(土地+建物),雲林縣斗六市埤頭路51巷1~30號,112.54,,鄉村區,乙種建築用地,1070619,土地1建物1車位0,全,三層,透天厝,見其他登記事項,鋼筋混凝土造,1070206,181.04,4,2,3,有,無,7150000,39494,,0.0,0,,RPROMLNJQHNFFAP76CA
大埤鄉,土地,嘉興段961~990地號,3992.52,,鄉村區,乙種建築用地,1070704,土地1建物0車位0,,,其他,,,,0.0,0,0,0,有,無,35000000,8766,,0.0,0,,RPPNMLMJQHNFFBP09CA
斗南鎮,土地,石龜溪段961~990地號,3169.0,,特定農業區,農牧用地,1070622,土地1建物0車位0,,,其他,,,,0.0,0,0,0,有,無,5550000,1751,,0.0,0,,RPPNMLQLPHNFFBP96CA
斗南鎮,土地,東仁段61~90地號,108.0,其他,,,1070716,土地3建物0車位0,,,其他,,,,0.0,0,0,0,有,無,1200000,11111,,0.0,0,含增建或未登記建物。;,RPSNMLRLPHNFFBP37CA
大埤鄉,土地,西鎮段361~390地號,2523.0,,特定農業區,農牧用地,1070716,土地1建物0車位0,,,其他,,,,0.0,0,0,0,有,無,2270700,900,,0.0,0,,RPRNMLKMPHNFFBP66CA
西螺鎮,房地(土地+建物),雲林縣西螺鎮光明西路177巷1~30號,114.35,住,,,1070710,土地2建物1車位0,全,二層,透天厝,住商用,見其他登記事項,0700525,85.6,6,2,3,有,無,3900000,45561,,0.0,0,土增稅買方負擔新臺幣10萬元其餘由賣方自行負擔,RPRNMLQLPHNFFCP27CA
西螺鎮,土地,三塊厝段三塊厝小段2191~2220地號,1303.0,,特定農業區,農牧用地,1070718,土地2建物0車位0,,,其他,,,,0.0,0,0,0,有,無,1570000,1205,,0.0,0,,RPRNMLNJQHNFFCP86CA
虎尾鎮,土地,大屯段871~900地號,114.69,,鄉村區,乙種建築用地,1070509,土地3建物0車位0,,,其他,,,,0.0,0,0,0,有,無,600000,5231,,0.0,0,,RPSNMLKMPHNFFDP96CA
虎尾鎮,土地,工專段451~480地號,5.15,住,,,1070716,土地2建物0車位0,,,其他,,,,0.0,0,0,0,有,無,591993,114950,,0.0,0,畸零地或有合併使用之交易。;,RPVNMLQLPHNFFDP77CA
虎尾鎮,房地(土地+建物),雲林縣虎尾鎮科園路31~60號,114.2,住,,,1070710,土地2建物1車位0,全,三層,透天厝,住家用,鋼筋混凝土造,1030312,167.31,4,2,4,有,有,6800000,40643,,0.0,0,,RPWNMLQLPHNFFDP87CA
虎尾鎮,房地(土地+建物),雲林縣虎尾鎮虎興北路121~150號,100.14,住,,,1070709,土地3建物1車位0,全,三層,透天厝,見其他登記事項,鋼筋混凝土造,1021101,182.66,5,3,3,有,無,8000000,43797,,0.0,0,,RPUNMLRLPHNFFDP77CA
西螺鎮,土地,西螺段901~930地號,87.05,住,,,1070712,土地6建物0車位0,,,其他,,,,0.0,0,0,0,有,無,2633300,30250,,0.0,0,,RPSNMLRKQHNFFCP47CA
土庫鎮,土地,崙內段871~900地號,2500.0,,特定農業區,農牧用地,1070630,土地1建物0車位0,,,其他,,,,0.0,0,0,0,有,無,2000000,800,,0.0,0,,RPWNMLRJQHNFFDP87CA
土庫鎮,土地,馬公厝段3151~3180地號,163.0,,鄉村區,乙種建築用地,1070713,土地1建物0車位0,,,其他,,,,0.0,0,0,0,有,無,1800000,11043,,0.0,0,,RPXNMLRJQHNFFDP97CA
元長鄉,土地,下寮段631~660地號,2386.0,,特定農業區,農牧用地,1070702,土地1建物0車位0,,,其他,,,,0.0,0,0,0,有,無,3149520,1320,,0.0,0,,RPWNMLQLPHNFFEP97CA
西螺鎮,房地(土地+建物),雲林縣西螺鎮自強路61~90號,91.29,住,,,1070612,土地1建物1車位0,全,四層,透天厝,住家用,鋼筋混凝土造,0840823,204.46,4,2,3,有,無,6500000,31791,,0.0,0,,RPVNMLPLPHNFFCP67DA
虎尾鎮,房地(土地+建物),雲林縣虎尾鎮工專路121巷1~30號,3.44,商,,,1070630,土地1建物1車位0,五層,九層,套房(1房1廳1衛),住家用,鋼筋混凝土造,0830614,29.14,1,1,1,有,無,536000,18394,,0.0,0,,RPPNMLMLQHNFFDP96DA
虎尾鎮,房地(土地+建物),雲林縣虎尾鎮工專路121巷1~30號,3.44,商,,,1070630,土地1建物1車位0,七層,九層,套房(1房1廳1衛),住家用,鋼筋混凝土造,0830614,29.14,1,1,1,有,無,536000,18394,,0.0,0,,RPQNMLMLQHNFFDP07DA
虎尾鎮,土地,弘道段841~870地號,44.26,,鄉村區,乙種建築用地,1070712,土地1建物0車位0,,,其他,,,,0.0,0,0,0,有,無,736373,16637,,0.0,0,,RPQNMLRJQHNFFDP37DA
林內鄉,房地(土地+建物),雲林縣林內鄉進興31~60號,415.31,,鄉村區,乙種建築用地,1070531,土地2建物1車位0,全,一層,透天厝,住家用,加強磚造,0750825,98.7,4,2,2,有,無,2100000,21277,,0.0,0,,RPSNMLLMPHNFFAP96EA
二崙鄉,土地,大義崙段721~750地號,6000.0,,特定農業區,農牧用地,1070630,土地2建物0車位0,,,其他,,,,0.0,0,0,0,有,無,12000000,2000,,0.0,0,,RPTNMLPLPHNFFCP57EA
斗六市,房地(土地+建物),雲林縣斗六市石榴路369巷121~150號,36.11,,特定農業區,甲種建築用地,1070702,土地1建物1車位0,三層,十層,華廈(10層含以下有電梯),見其他登記事項,鋼筋混凝土造,0971101,156.35,3,2,2,有,無,4200000,26863,,0.0,0,,RPSOMLKLQHNFFAP86DA
麥寮鄉,房地(土地+建物),雲林縣麥寮鄉後安211~240號,402.67,,鄉村區,乙種建築用地,1070424,土地4建物4車位0,一層,一層,工廠,見其他登記事項,見其他登記事項,1061025,193.8,0,0,0,有,無,12000000,,,0.0,0,本案交易總價為4棟廠房合併計價,RPTNMLNLQHNFFFP67DA
麥寮鄉,房地(土地+建物),雲林縣麥寮鄉後安211~240號,180.61,,鄉村區,乙種建築用地,1070424,土地2建物2車位0,一層,一層,工廠,見其他登記事項,見其他登記事項,1061025,96.0,0,0,0,有,無,6000000,,,0.0,0,本案交易總價計2棟廠房合併計價,RPUNMLNLQHNFFFP77DA
西螺鎮,土地,西螺段781~810地號,416.5,住,,,1070625,土地1建物0車位0,,,其他,,,,0.0,0,0,0,有,無,13850000,33253,,0.0,0,,RPSNMLRLPHNFFCP57DA
元長鄉,土地,龍岩厝段2161~2190地號,3155.0,,特定農業區,特定目的事業用地,1070704,土地1建物0車位0,,,其他,,,,0.0,0,0,0,有,無,5363500,1700,,0.0,0,,RPTNMLLMPHNFFEP37DA
元長鄉,土地,潭內段361~390地號,4056.0,,特定農業區,農牧用地,1070704,土地2建物0車位0,,,其他,,,,0.0,0,0,0,有,無,3082559,760,,0.0,0,,RPUNMLLMPHNFFEP47DA
四湖鄉,土地,建陽段751~780地號,170.0,,鄉村區,乙種建築用地,1070719,土地1建物0車位0,,,其他,,,,0.0,0,0,0,有,無,1250000,7353,,0.0,0,,RPPOMLLMPHNFFEP07DA
古坑鄉,土地,西華段481~510地號,467.0,住,,,1070630,土地1建物0車位0,,,其他,,,,0.0,0,0,0,有,無,3500000,7495,,0.0,0,袋地無通路銜接。,RPXNMLRLPHNFFAP87DA
麥寮鄉,土地,光大段901~930地號,301.72,工,,,1070528,土地2建物0車位0,,,其他,,,,0.0,0,0,0,有,無,3632558,12040,,0.0,0,,RPPNMLOLQHNFFFP27CA
麥寮鄉,土地,光大段901~930地號,31.1,其他,,,1070528,土地2建物0車位0,,,其他,,,,0.0,0,0,0,有,無,187214,6020,,0.0,0,,SPPNMLOLQHNFFFP37CA
四湖鄉,土地,洋北段691~720地號,2740.54,,一般農業區,農牧用地,1070619,土地2建物0車位0,,,其他,,,,0.0,0,0,0,有,無,1507297,550,,0.0,0,,RPQNMLLJQHNFFEP76CA
北港鎮,房地(土地+建物),雲林縣北港鎮大同路516巷1~30號,93.0,住,,,1070701,土地2建物1車位0,全,二層,透天厝,住家用,加強磚造,0680430,109.7,4,1,2,有,無,3300000,30082,,0.0,0,,RPWNMLKLQHNFFEP47CA
虎尾鎮,房地(土地+建物),雲林縣虎尾鎮虎興西八路1~30號,90.52,住,,,1070613,土地2建物1車位0,全,三層,透天厝,見其他登記事項,鋼筋混凝土造,1070129,150.89,4,3,3,有,無,6300000,41752,,0.0,0,,RPXNMLTKQHNFFDP28CA
虎尾鎮,房地(土地+建物),雲林縣虎尾鎮虎興西八路1~30號,87.9,住,,,1070615,土地3建物1車位0,全,三層,透天厝,見其他登記事項,鋼筋混凝土造,1070129,141.52,4,3,3,有,無,6290000,44446,,0.0,0,,RPPOMLTKQHNFFDP57CA
虎尾鎮,房地(土地+建物),雲林縣虎尾鎮虎興溪八路1~30號,90.51,住,,,1070611,土地2建物1車位0,全,三層,透天厝,見其他登記事項,鋼筋混凝土造,1070129,150.49,4,3,3,有,無,6460000,42926,,0.0,0,,RPROMLTKQHNFFDP77CA
虎尾鎮,房地(土地+建物),雲林縣虎尾鎮虎興西八路1~30號,83.35,住,,,1070626,土地2建物1車位0,全,三層,透天厝,見其他登記事項,鋼筋混凝土造,1070129,149.8,4,3,3,有,無,7440000,49666,,0.0,0,,RPTOMLTKQHNFFDP97CA
土庫鎮,房地(土地+建物),雲林縣土庫鎮林森路289巷1~30號,125.15,住,,,1070602,土地3建物1車位0,全,三層,透天厝,見其他登記事項,鋼筋混凝土造,1070322,202.28,4,2,3,有,有,7480000,36978,,0.0,0,,RPWNMLKLQHNFFDP37CA
土庫鎮,房地(土地+建物),雲林縣土庫鎮林森路271~300號,123.24,住,,,1051109,土地2建物1車位0,全,三層,透天厝,見其他登記事項,鋼筋混凝土造,1070322,212.18,4,3,2,有,有,9500000,44773,,0.0,0,,RPXNMLKLQHNFFDP47CA
土庫鎮,房地(土地+建物),雲林縣土庫鎮林森路271~300號,95.24,住,,,1060923,土地2建物1車位0,全,三層,透天厝,見其他登記事項,鋼筋混凝土造,1070322,199.9,4,3,3,有,有,8850000,44272,,0.0,0,,RPOOMLKLQHNFFDP66CA
土庫鎮,房地(土地+建物),雲林縣土庫鎮林森路271~300號,101.24,住,,,1060424,土地2建物1車位0,全,三層,透天厝,見其他登記事項,鋼筋混凝土造,1070322,210.26,4,3,2,有,有,8880000,42233,,0.0,0,,RPPOMLKLQHNFFDP76CA
土庫鎮,房地(土地+建物),雲林縣土庫鎮林森路271~300號,97.24,住,,,1070520,土地2建物1車位0,全,三層,透天厝,見其他登記事項,鋼筋混凝土造,1070322,207.34,4,3,2,有,有,9000000,43407,,0.0,0,,RPPNMLLLQHNFFDP76CA
崙背鄉,土地,永安段961~990地號,5170.0,,特定農業區,農牧用地,1070628,土地3建物0車位0,,,其他,,,,0.0,0,0,0,有,無,4653000,900,,0.0,0,,RPPNMLMJQHNFFCP56CA
二崙鄉,房地(土地+建物),雲林縣二崙鄉湳子路1~30號,122.22,,鄉村區,乙種建築用地,1070719,土地1建物1車位0,全,四層,透天厝,住家用,鋼筋混凝土造,1060504,201.67,4,2,3,有,無,6420000,31834,,0.0,0,,RPTNMLNJQHNFFCP07CA
西螺鎮,土地,埤頭段121~150地號,1089.84,,鄉村區,乙種建築用地,1070710,土地2建物0車位0,,,其他,,,,0.0,0,0,0,有,無,7000000,6423,,0.0,0,,RPQNMLRLPHNFFCP27CA
西螺鎮,土地,社東段541~570地號,201.11,住,,,1070712,土地3建物0車位0,,,其他,,,,0.0,0,0,0,有,無,2300000,11437,,0.0,0,,RPPNMLKMPHNFFCP56CA
斗六市,房地(土地+建物),雲林縣斗六市埤頭路51巷1~30號,112.54,,鄉村區,乙種建築用地,1070619,土地1建物1車位0,全,三層,透天厝,見其他登記事項,鋼筋混凝土造,1070206,181.04,4,2,3,有,無,7100000,39218,,0.0,0,,RPSOMLNJQHNFFAP86CA
斗六市,房地(土地+建物),雲林縣斗六市埤頭路51巷1~30號,112.68,,鄉村區,乙種建築用地,1070619,土地1建物1車位0,全,三層,透天厝,見其他登記事項,鋼筋混凝土造,1070206,181.04,4,2,3,有,無,7100000,39218,,0.0,0,,RPTOMLNJQHNFFAP96CA
斗六市,房地(土地+建物),雲林縣斗六市埤頭路51巷1~30號,143.61,,鄉村區,乙種建築用地,1070619,土地1建物1車位0,全,三層,透天厝,見其他登記事項,鋼筋混凝土造,1070206,207.27,4,2,3,有,無,8500000,41009,,0.0,0,,RPUOMLNJQHNFFAP07CA
斗六市,房地(土地+建物),雲林縣斗六市埤頭路51巷1~30號,120.44,,鄉村區,乙種建築用地,1070619,土地1建物1車位0,全,三層,透天厝,見其他登記事項,鋼筋混凝土造,1070206,203.38,4,2,3,有,無,7500000,36877,,0.0,0,,RPVOMLNJQHNFFAP17CA
斗六市,房地(土地+建物),雲林縣斗六市埤頭路51巷1~30號,133.9,,鄉村區,乙種建築用地,1070619,土地1建物1車位0,全,三層,透天厝,見其他登記事項,鋼筋混凝土造,1070206,220.51,4,2,3,有,無,7500000,34012,,0.0,0,,RPWOMLNJQHNFFAP27CA
斗六市,房地(土地+建物),雲林縣斗六市埤頭路51巷1~30號,138.46,,鄉村區,乙種建築用地,1070619,土地1建物1車位0,全,三層,透天厝,見其他登記事項,鋼筋混凝土造,1070206,178.06,4,2,3,有,無,7500000,42121,,0.0,0,,RPXOMLNJQHNFFAP37CA
斗六市,房地(土地+建物),雲林縣斗六市埤頭路51巷1~30號,113.0,,鄉村區,乙種建築用地,1070619,土地1建物1車位0,全,三層,透天厝,見其他登記事項,鋼筋混凝土造,1070206,175.99,4,2,3,有,無,7150000,40627,,0.0,0,,RPPPMLNJQHNFFAP66CA
斗六市,房地(土地+建物),雲林縣斗六市埤頭路51巷1~30號,111.25,,鄉村區,乙種建築用地,1070619,土地1建物1車位0,全,三層,透天厝,見其他登記事項,鋼筋混凝土造,1070206,175.99,4,2,3,有,無,7100000,40343,,0.0,0,,RPUNMLNJQHNFFAP96CA
斗六市,土地,九老爺段661~690地號,379.5,,特定農業區,農牧用地,1070714,土地1建物0車位0,,,其他,,,,0.0,0,0,0,有,無,680000,1792,,0.0,0,,RPWNMLKMPHNFFAP07CA
斗六市,房地(土地+建物),雲林縣斗六市永昌西街1~30號,4.05,住,,,1070714,土地1建物1車位0,四層,八層,套房(1房1廳1衛),住家用,鋼筋混凝土造,0831225,28.369999999999997,1,0,1,有,無,900000,31724,,0.0,0,,RPXNMLKMPHNFFAP17CA
斗六市,房地(土地+建物),雲林縣斗六市文昌路391~420號,55.0,,鄉村區,乙種建築用地,1070613,土地1建物1車位0,全,二層,透天厝,住家用,加強磚造,0680319,108.0,4,1,3,有,無,2500000,23148,,0.0,0,,RPXNMLLMPHNFFAP27CA
斗六市,房地(土地+建物)+車位,雲林縣斗六市六合街1~30號,14.89,住,,,1070629,土地1建物1車位2,八層,八層,華廈(10層含以下有電梯),住家用,鋼筋混凝土造,0831118,88.0,2,1,1,有,有,1900000,21591,坡道機械,0.0,0,,RPUNMLRLPHNFFAP47CA
斗六市,房地(土地+建物),雲林縣斗六市忠孝路31~60號,107.7,住,,,1070614,土地1建物1車位0,全,四層,透天厝,見其他登記事項,鋼筋混凝土造,1050731,261.02,5,2,6,有,無,16700000,63980,,0.0,0,,RPVNMLRLPHNFFAP57CA
斗六市,土地,保庄段451~480地號,295.64,工,,,1070522,土地1建物0車位0,,,其他,,,,0.0,0,0,0,有,無,8940000,30239,,0.0,0,,RPRNMLKMPHNFFAP56CA
斗六市,土地,海豐崙段海豐崙小段991~1020地號,471.0,農,,,1070702,土地1建物0車位0,,,其他,,,,0.0,0,0,0,有,無,2849400,6050,,0.0,0,,RPSNMLKMPHNFFAP66CA
斗六市,土地,虎溪段151~180地號,3107.84,,特定農業區,農牧用地,1070712,土地1建物0車位0,,,其他,,,,0.0,0,0,0,有,無,29000000,9331,,0.0,0,,RPTNMLKMPHNFFAP76CA
古坑鄉,土地,高林南段331~360地號,5862.7,,一般農業區,農牧用地,1070516,土地2建物0車位0,,,其他,,,,0.0,0,0,0,有,無,6900000,1177,,0.0,0,,RPUNMLKMPHNFFAP86CA
斗六市,房地(土地+建物),雲林縣斗六市西平路61~90號,4.3,商,,,1070706,土地1建物1車位0,十二層,十四層,套房(1房1廳1衛),住家用,鋼筋混凝土造,0830918,48.48,1,0,1,有,有,1000000,20627,,0.0,0,,RPTNMLLJQHNFFAP66CA
斗六市,房地(土地+建物),雲林縣斗六市埤頭路51巷1~30號,131.68,,鄉村區,乙種建築用地,1070619,土地1建物1車位0,全,三層,透天厝,見其他登記事項,鋼筋混凝土造,1070206,183.61,4,2,3,有,無,7100000,38669,,0.0,0,,RPVNMLNJQHNFFAP07CA
斗六市,房地(土地+建物)+車位,雲林縣斗六市府文路61~90號,194.9,住,,,1070703,土地3建物1車位2,全,四層,透天厝,見其他登記事項,鋼筋混凝土造,1010712,518.98,5,2,5,有,有,25000000,48171,坡道平面,0.0,0,,RPSOMLRJQHNFFAP27CA
斗六市,房地(土地+建物),雲林縣斗六市明德北路三段359巷1~30號,163.29,工,,,1070630,土地3建物1車位0,全,三層,透天厝,見其他登記事項,鋼筋混凝土造,1030618,194.91,5,1,5,有,無,9800000,50280,,0.0,0,,RPPNMLQJQHNFFAP76CA
斗六市,土地,雲林溪段151~180地號,927.62,住,,,1070525,土地1建物0車位0,,,其他,,,,0.0,0,0,0,有,無,72800000,78480,,0.0,0,,RPQNMLQJQHNFFAP86CA
崙背鄉,土地,面前厝段1261~1290地號,283.41,住,,,1070723,土地1建物0車位0,,,其他,,,,0.0,0,0,0,有,無,2000000,7057,,0.0,0,親友間債務抵償之交易。含未辦理建物第一次登記(保存登記)之建物。,RPQNMLLMPHNFFCP76CA
虎尾鎮,土地,過溪子段4981~5010地號,2016.0,農,,,1070720,土地1建物0車位0,,,其他,,,,0.0,0,0,0,有,無,5040000,2500,,0.0,0,,RPPNMLKMPHNFFDP66CA
土庫鎮,房地(土地+建物),雲林縣土庫鎮林森路271~300號,97.24,住,,,1060409,土地2建物1車位0,全,三層,透天厝,見其他登記事項,鋼筋混凝土造,1070322,207.34,4,3,3,有,有,8800000,42442,,0.0,0,,RPQNMLLLQHNFFDP86CA
土庫鎮,房地(土地+建物),雲林縣土庫鎮林森路271~300號,98.1,住,,,1060606,土地3建物1車位0,全,三層,透天厝,見其他登記事項,鋼筋混凝土造,1070322,207.34,4,3,3,有,有,9100000,43889,,0.0,0,,RPRNMLLLQHNFFDP96CA
虎尾鎮,房地(土地+建物),雲林縣虎尾鎮光明路73巷61~90號,89.1,工,,,1070706,土地1建物1車位0,全,三層,透天厝,見其他登記事項,鋼筋混凝土造,1010328,184.02,4,2,4,有,無,6800000,36953,,0.0,0,,RPQNMLNJQHNFFDP86CA
土庫鎮,土地,大荖段1981~2010地號,644.0,,鄉村區,乙種建築用地,1070627,土地1建物0車位0,,,其他,,,,0.0,0,0,0,有,無,2000000,3106,,0.0,0,親友特殊關係間之交易。,RPTOMLRJQHNFFDP67CA
水林鄉,土地,塭底段241~270地號,1222.53,,特定農業區,農牧用地,1070717,土地1建物0車位0,,,其他,,,,0.0,0,0,0,有,無,420000,344,,0.0,0,,RPVNMLLMPHNFFEP47CA
水林鄉,土地,西興段361~390地號,4673.87,,特定農業區,農牧用地,1070713,土地1建物0車位0,,,其他,,,,0.0,0,0,0,有,無,3645619,780,,0.0,0,,RPWNMLLMPHNFFEP57CA
虎尾鎮,房地(土地+建物),雲林縣虎尾鎮虎興西八路1~30號,83.35,住,,,1070623,土地2建物1車位0,全,三層,透天厝,見其他登記事項,鋼筋混凝土造,1070129,152.38,4,3,3,有,無,7600000,49875,,0.0,0,,RPPNMLTKQHNFFDP47CA
虎尾鎮,房地(土地+建物),雲林縣虎尾鎮虎興西八路1~30號,91.36,住,,,1070623,土地3建物1車位0,全,三層,透天厝,見其他登記事項,鋼筋混凝土造,1070129,146.96,4,3,3,有,無,6180000,42052,,0.0,0,,RPRNMLTKQHNFFDP67CA
虎尾鎮,房地(土地+建物),雲林縣虎尾鎮虎興西八路1~30號,85.54,住,,,1070617,土地2建物1車位0,全,三層,透天厝,見其他登記事項,鋼筋混凝土造,1070129,154.14,4,3,3,有,無,7700000,49955,,0.0,0,,RPTNMLTKQHNFFDP87CA
虎尾鎮,房地(土地+建物),雲林縣虎尾鎮虎興西八路1~30號,90.52,住,,,1070618,土地2建物1車位0,全,三層,透天厝,見其他登記事項,鋼筋混凝土造,1070129,150.89,4,3,3,有,無,6380000,42282,,0.0,0,,RPVNMLTKQHNFFDP08CA
斗六市,房地(土地+建物)+車位,雲林縣斗六市江厝路100巷3弄1~30號,53.22,,鄉村區,乙種建築用地,1070702,土地1建物1車位1,四層，五層，屋頂突出物,五層,公寓(5樓含以下無電梯),住家用,鋼筋混凝土造,0880926,137.31,4,1,2,有,有,2300000,16750,一樓平面,19.15,0,,RPSNMLLJQHNFFAP66DA
口湖鄉,土地,崙北段271~300地號,1648.0,,一般農業區,農牧用地,1070712,土地1建物0車位0,,,其他,,,,0.0,0,0,0,有,無,1000000,607,,0.0,0,,RPTNMLMJQHNFFEP27DA
北港鎮,房地(土地+建物),雲林縣北港鎮大同路571~600號,2510.48,,特定農業區,農牧用地,1070624,土地2建物1車位0,全,三層,透天厝,住商用,鋼筋混凝土造,0901025,206.73,6,2,3,有,無,3000000,14512,,0.0,0,,RPSNMLLMPHNFFEP27DA
虎尾鎮,土地,平和厝段121~150地號,787.2,農,,,1070628,土地2建物0車位0,,,其他,,,,0.0,0,0,0,有,無,780000,991,,0.0,0,,RPSNMLRJQHNFFDP57DA
斗六市,房地(土地+建物),雲林縣斗六市斗工十路121~150號,102.48,,工業區,丁種建築用地,1070706,土地1建物1車位0,全,三層,透天厝,見其他登記事項,鋼筋混凝土造,1060810,214.33,4,3,5,有,無,10000000,46657,,0.0,0,,RPOOMLLJQHNFFAP09EA
斗六市,房地(土地+建物),雲林縣斗六市仁義路61~90號,128.34,,鄉村區,乙種建築用地,1070715,土地2建物1車位0,全,二層,透天厝,住家用,加強磚造,0631216,141.34,4,2,2,有,無,6500000,45988,,0.0,0,,RPVNMLLMPHNFFAP27EA
古坑鄉,土地,樟湖段31~60地號,3079.0,,山坡地保育區,農牧用地,1070711,土地1建物0車位0,,,其他,,,,0.0,0,0,0,有,無,1000000,325,,0.0,0,,RPWNMLLJQHNFFAP17EA
二崙鄉,土地,三塊厝段31~60地號,350.0,,鄉村區,乙種建築用地,1070707,土地1建物0車位0,,,其他,,,,0.0,0,0,0,有,無,5200000,14857,,0.0,0,,RPPNMLRJQHNFFCP17DA
古坑鄉,房地(土地+建物),雲林縣斗六市田心村001鄰田心1~30號,113.73,,鄉村區,乙種建築用地,1070611,土地2建物1車位0,全,四層,透天厝,住家用,鋼筋混凝土造,1061220,219.14,4,2,4,有,無,6500000,29661,,0.0,0,,RPXNMLRJQHNFFAP77DA
麥寮鄉,土地,安西段361~390地號,301.0,,鄉村區,乙種建築用地,1070720,土地2建物0車位0,,,其他,,,,0.0,0,0,0,有,無,3642100,12100,,0.0,0,,RPPNMLSJQHNFFFP47CA
古坑鄉,土地,古坑段湳子小段61~90地號,83.77,,特定專用區,農牧用地,1070716,土地1建物0車位0,,,其他,,,,0.0,0,0,0,有,無,500000,5969,,0.0,0,包含未保存登記建物一棟持分1/2,RPWNMLLMPHNFFAP27DA
水林鄉,土地,瓊埔段481~510地號,1591.12,,特定農業區,農牧用地,1070724,土地2建物0車位0,,,其他,,,,0.0,0,0,0,有,無,891027,560,,0.0,0,,RPXNMLLMPHNFFEP67CA
土庫鎮,土地,綺湖段211~240地號,1318.0,,特定農業區,農牧用地,1070710,土地1建物0車位0,,,其他,,,,0.0,0,0,0,有,無,1924280,1460,,0.0,0,,RPWOMLRJQHNFFDP97CA
虎尾鎮,房地(土地+建物),雲林縣虎尾鎮虎興西一街181~210號,121.0,住,,,1070607,土地1建物1車位0,全,四層,透天厝,住家用,鋼筋混凝土造,1030604,218.02,4,3,4,有,無,9000000,41281,,0.0,0,,RPPNMLSJQHNFFDP27CA
虎尾鎮,房地(土地+建物),雲林縣虎尾鎮新生街31巷1~30號,163.45,住,,,1070701,土地2建物1車位0,全,四層,透天厝,住家用,鋼筋混凝土造,0810720,368.24,3,2,2,有,無,7921000,21510,,0.0,0,係為瑕疵物件(法院拍賣案，久未整修、標的老舊)之交易案;產權登記等3人所有,RPQNMLPJRHNFFDP17CA
元長鄉,土地,新吉段481~510地號,2270.5,,特定農業區,農牧用地,1070709,土地1建物0車位0,,,其他,,,,0.0,0,0,0,有,無,1550000,683,,0.0,0,,RPUNMLNJQHNFFEP37CA
麥寮鄉,土地,許厝寮段許厝寮小段541~570地號,3093.0,,一般農業區,養殖用地,1070717,土地3建物0車位0,,,其他,,,,0.0,0,0,0,有,無,3000000,970,,0.0,0,,RPQNMLLMPHNFFFP07CA
水林鄉,土地,松西段211~240地號,3504.01,,特定農業區,農牧用地,1070723,土地2建物0車位0,,,其他,,,,0.0,0,0,0,有,無,1401600,400,,0.0,0,,RPQOMLLMPHNFFEP07CA
土庫鎮,土地,新南段211~240地號,2881.44,,特定農業區,農牧用地,1070706,土地1建物0車位0,,,其他,,,,0.0,0,0,0,有,無,4898448,1700,,0.0,0,,RPROMLRJQHNFFDP47CA
土庫鎮,房地(土地+建物),雲林縣土庫鎮馬光路一段31~60號,101.0,住,,,1070702,土地1建物1車位0,全,二層,透天厝,住商用,加強磚造,0770730,137.23,6,2,3,有,無,5720000,41682,,0.0,0,,RPTNMLRJQHNFFDP57CA
虎尾鎮,土地,過溪子段1081~1110地號,1045.0,,特定農業區,農牧用地,1070710,土地1建物0車位0,,,其他,,,,0.0,0,0,0,有,無,1720000,1646,,0.0,0,,RPQNMLMJQHNFFDP76CA
西螺鎮,土地,新宅段811~840地號,963.0,,特定農業區,甲種建築用地,1070715,土地1建物0車位0,,,其他,,,,0.0,0,0,0,有,無,5826000,6050,,0.0,0,,RPWOMLMLQHNFFCP57CA
西螺鎮,房地(土地+建物),雲林縣西螺鎮社口路61~90號,1088.94,工,,,1070706,土地1建物1車位0,全,一層,透天厝,工業用,見其他登記事項,0780605,427.33,4,1,1,有,無,14000000,32762,,0.0,0,,RPQNMLSJQHNFFCP27CA
斗南鎮,土地,新庄段新庄小段601~630地號,2023.0,,特定農業區,農牧用地,1070714,土地1建物0車位0,,,其他,,,,0.0,0,0,0,有,無,3600000,1780,,0.0,0,,RPPNMLLJQHNFFBP98CA
大埤鄉,土地,舊庄段871~900地號,177.29,,特定農業區,甲種建築用地,1070714,土地1建物0車位0,,,其他,,,,0.0,0,0,0,有,無,439305,2478,,0.0,0,親友、員工或其他特殊關係間之交易。;,RPRNMLLJQHNFFBP56CA
大埤鄉,土地,舊庄段3121~3150地號,1211.5,,特定農業區,農牧用地,1070714,土地1建物0車位0,,,其他,,,,0.0,0,0,0,有,無,1080695,892,,0.0,0,親友、員工或其他特殊關係間之交易。;,RPSNMLLJQHNFFBP66CA
斗南鎮,房地(土地+建物)+車位,雲林縣斗南鎮六合街22巷1~30號,24.94,住,,,1070713,土地1建物1車位1,六層,六層,華廈(10層含以下有電梯),住家用,鋼筋混凝土造,0820530,122.42,3,2,3,有,有,3300000,26956,坡道平面,0.0,0,共有部分含停車位。,RPQNMLKMQHNFFBP66CA
斗六市,土地,竹頭段31~60地號,773.19,,一般農業區,農牧用地,1070712,土地1建物0車位0,,,其他,,,,0.0,0,0,0,有,無,1500000,1940,,0.0,0,,RPSNMLMJQHNFFAP66CA
斗六市,房地(土地+建物),雲林縣斗六市崙南路31~60號,103.14,,鄉村區,乙種建築用地,1070614,土地2建物1車位0,全,四層,透天厝,住家用,鋼筋混凝土造,0950312,175.45,4,2,3,有,無,6500000,37048,,0.0,0,,RPUNMLMJQHNFFAP86CA
林內鄉,房地(土地+建物),雲林縣林內鄉建國巷1~30號,125.0,住,,,1070704,土地3建物1車位0,全,一層,透天厝,住家用,見其他登記事項,0530715,24.94,3,2,1,有,無,800000,32077,,0.0,0,,RPRNMLNJQHNFFAP66CA
斗六市,房地(土地+建物),雲林縣斗六市北祥街338巷1~30號,72.0,住,,,1070710,土地1建物1車位0,全,二層,透天厝,住家用,加強磚造,0690630,95.17,3,2,2,有,無,3500000,36776,,0.0,0,,RPQNMLMJQHNFFAP09CA
斗六市,房地(土地+建物),雲林縣斗六市武昌路121~150號,62.0,住,,,1070628,土地2建物1車位0,一層，二層，三層，騎樓，電梯樓梯間,三層,店面(店鋪),住商用,鋼筋混凝土造,0940916,132.05,4,2,5,有,無,8600000,65127,,0.0,0,,RPQNMLLJQHNFFAP98CA
斗六市,房地(土地+建物)+車位,雲林縣斗六市江厝路100巷5弄1~30號,49.12,,鄉村區,乙種建築用地,1070717,土地1建物1車位1,二層，三層,五層,公寓(5樓含以下無電梯),住家用,鋼筋混凝土造,0880926,138.54,3,2,2,有,有,2300000,16602,一樓平面,0.0,0,,RPOOMLLMPHNFFAP09CA
大埤鄉,土地,舊庄段1501~1530地號,2694.0,,特定農業區,農牧用地,1070723,土地1建物0車位0,,,其他,,,,0.0,0,0,0,有,無,3300000,1225,,0.0,0,,RPVNMLRJQHNFFBP57CA
斗南鎮,土地,東明段301~330地號,2458.88,,特定農業區,農牧用地,1070720,土地1建物0車位0,,,其他,,,,0.0,0,0,0,有,無,2300000,935,,0.0,0,1.買賣總價含清除地上廢棄物補償金，新台幣陸拾萬元正。,RPRNMLSJQHNFFBP27CA
斗六市,房地(土地+建物),雲林縣斗六市中南路290巷45弄31~60號,75.06,,鄉村區,乙種建築用地,1070626,土地1建物1車位0,全,二層,透天厝,住家用,加強磚造,0710802,76.9,3,2,2,有,無,2300000,29909,,0.0,0,,RPUNMLPKQHNFFAP27CA
林內鄉,房地(土地+建物),雲林縣林內鄉林內路一段10巷1~30號,163.12,住,,,1070705,土地3建物1車位0,全,三層,透天厝,住家用,鋼筋混凝土造,1061228,177.9,6,2,3,有,無,6500000,36537,,0.0,0,,RPPNMLKLQHNFFAP98CA
斗六市,房地(土地+建物),雲林縣斗六市中正路137巷1~30號,117.0,住,,,1070701,土地1建物1車位0,全,三層,透天厝,住家用,加強磚造,0580922,314.64,0,0,0,無,無,10500000,33371,,0.0,0,,RPRNMLKMQHNFFAP66CA
西螺鎮,土地,西螺段901~930地號,1519.54,住,,,1070709,土地6建物0車位0,,,其他,,,,0.0,0,0,0,有,無,27967649,18405,,0.0,0,,RPTNMLRKQHNFFCP57CA
虎尾鎮,土地,蕃薯段1~30地號,601.06,,一般農業區,水利用地,1070717,土地1建物0車位0,,,其他,,,,0.0,0,0,0,有,無,650000,1081,,0.0,0,,RPPNMLQJQHNFFDP07CA
水林鄉,土地,後寮段1681~1710地號,1728.0,,特定農業區,農牧用地,1070724,土地1建物0車位0,,,其他,,,,0.0,0,0,0,有,無,900000,521,,0.0,0,,RPROMLLMPHNFFEP17CA
口湖鄉,土地,新湖段331~360地號,111.0,住,,,1070724,土地1建物0車位0,,,其他,,,,0.0,0,0,0,有,無,1510987,13612,,0.0,0,,RPRNMLMJQHNFFEP96CA
元長鄉,土地,內寮段511~540地號,886.33,,河川區,農牧用地,1070714,土地1建物0車位0,,,其他,,,,0.0,0,0,0,有,無,130000,147,,0.0,0,,RPTNMLNJQHNFFEP27CA
口湖鄉,土地,後厝段301~330地號,2866.0,,一般農業區,農牧用地,1070710,土地1建物0車位0,,,其他,,,,0.0,0,0,0,有,無,1418000,495,,0.0,0,,RPPNMLLJQHNFFEP66CA
東勢鄉,土地,仁愛段901~930地號,845.99,,特定農業區,農牧用地,1070719,土地1建物0車位0,,,其他,,,,0.0,0,0,0,有,無,380695,450,,0.0,0,,RPTNMLLMPHNFFFP37CA
口湖鄉,土地,口湖段901~930地號,9512.0,,一般農業區,農牧用地,1070521,土地3建物0車位0,,,其他,,,,0.0,0,0,0,有,無,4800000,505,,0.0,0,,RPSNMLKKQHNFFEP96CA
水林鄉,土地,春牛埔段841~870地號,2570.0,,特定農業區,農牧用地,1070720,土地1建物0車位0,,,其他,,,,0.0,0,0,0,有,無,2182000,849,,0.0,0,,RPOOMLLMPHNFFEP86CA
虎尾鎮,房地(土地+建物),雲林縣虎尾鎮興中路61~90號,159.37,,鄉村區,乙種建築用地,1070706,土地2建物1車位0,全,三層,透天厝,住家用,鋼筋混凝土造,0830901,229.24,6,1,3,有,無,4200000,18321,,0.0,0,,RPUNMLNLQHNFFDP47CA
虎尾鎮,房地(土地+建物),雲林縣虎尾鎮光明路73巷91~120號,144.34,工,,,1070702,土地7建物1車位0,全,二層,透天厝,見其他登記事項,鋼筋混凝土造,1040313,243.06,5,2,3,有,無,8700000,35794,,0.0,0,,RPQOMLRLQHNFFDP57CA
虎尾鎮,土地,蕃薯段301~330地號,2966.0,,一般農業區,農牧用地,1070612,土地1建物0車位0,,,其他,,,,0.0,0,0,0,有,無,4950000,1669,,0.0,0,,RPSOMLRLQHNFFDP77CA
虎尾鎮,土地,蕃薯段301~330地號,1478.0,,一般農業區,農牧用地,1070718,土地1建物0車位0,,,其他,,,,0.0,0,0,0,有,無,2450000,1658,,0.0,0,,RPTOMLRLQHNFFDP87CA
東勢鄉,土地,明倫段1651~1680地號,458.5,,特定農業區,農牧用地,1070716,土地2建物0車位0,,,其他,,,,0.0,0,0,0,有,無,298025,650,,0.0,0,,RPPNMLLLQHNFFFP96CA
古坑鄉,房地(土地+建物),雲林縣古坑鄉水碓181~210號,124.43,,鄉村區,乙種建築用地,1070620,土地4建物1車位0,全,三層,透天厝,見其他登記事項,鋼筋混凝土造,1061102,177.79,5,1,3,有,無,4600000,25873,,0.0,0,,RPPNMLMJQHNFFAP09DA
麥寮鄉,土地,後安段1081~1110地號,2783.32,,一般農業區,農牧用地,1070712,土地1建物0車位0,,,其他,,,,0.0,0,0,0,有,無,3618316,1300,,0.0,0,,RPVNMLLMPHNFFFP67DA
