﻿編號,屋齡,建物移轉面積(平方公尺),主要用途,主要建材,建築完成日期,總層數,建物分層
The serial number,room age,building shifting area (square meter),the main use,main building materials,construction completes the date,total layer,building lamination
RPWNMLKMPHNFFDQ47CA,38,131.56,住家用,鋼筋混凝土加強磚造,69年3月18日,二層,一層 二層
RPXNMLKKQHNFFDQ47CA,39,104.36,住家用,鋼筋混凝土加強磚造,68年6月30日,二層,一層 二層 騎樓
RPQNMLOKQHNFFCQ07CA,36,111.71,住家用,鋼筋混凝土加強磚造,70年12月29日,二層,一層 二層
RPRNMLNJQHNFFDQ07CA,5,157.90,見其他登記事項,鋼筋混凝土造,101年11月22日,三層,一層 二層 三層 見其他登記事項
RPVNMLLJQHNFFDQ27CA,,168.92,住家用,鋼筋混凝土造,107年5月22日,四層,一層 二層 三層 四層
RPUNMLLMPHNFFDQ37CA,,167.36,住家用,鋼筋混凝土造,107年5月22日,四層,一層 二層 三層 四層
RPSNMLLMPHNFFDQ17CA,,162.13,住家用,鋼筋混凝土造,107年5月22日,四層,一層 二層 三層 四層
RPWNMLLJQHNFFDQ37CA,,170.03,住家用,鋼筋混凝土造,107年5月22日,四層,一層 二層 三層 四層
RPPNMLQLPHNFFEQ37CA,4,188.43,住家用,鋼筋混凝土造,103年12月22日,四層,一層 二層 三層 四層
RPQNMLPLPHNFFEQ37CA,24,245.75,住家用,鋼筋混凝土造,83年1月12日,四層,一層 二層 三層 四層
RPQNMLPLPHNFFEQ37CA,24,2.48,住家用,鋼筋混凝土造,83年4月7日,三層,一層 二層 三層
RPTOMLLJQHNFFDQ17CA,14,17.07,見其他登記事項,鋼筋混凝土造,93年6月9日,五層,二層
RPTOMLLJQHNFFDQ17CA,14,5.80,見其他登記事項,鋼筋混凝土造,93年6月9日,五層,
RPQNMLTLPHNFFDQ67CA,,169.73,住家用,鋼筋混凝土造,107年5月22日,四層,一層 二層 三層 四層
RPRNMLTLPHNFFDQ77CA,,169.26,住家用,鋼筋混凝土造,107年5月22日,四層,一層 二層 三層 四層
RPPNMLQLPHNFFCQ17CA,23,98.00,住商用,鋼筋混凝土加強磚造,84年4月25日,二層,一層 二層 電梯樓梯間
RPQNMLQLPHNFFCQ27CA,2,129.63,見其他登記事項,鋼筋混凝土造,105年6月28日,四層,一層 二層 三層 四層
RPQNMLQLPHNFFCQ27CA,2,129.63,見其他登記事項,鋼筋混凝土造,105年6月28日,四層,一層 二層 三層 四層
RPVNMLLMPHNFFCQ37CA,20,160.82,住家用,鋼筋混凝土造,87年11月23日,三層,一層 二層 三層 電梯樓梯間
RPVNMLMJQHNFFBQ17CA,23,163.48,住商用,見其他登記事項,84年3月20日,四層,一層 二層 三層 四層
RPXNMLLMPHNFFCQ57CA,24,33.57,住家用,鋼筋混凝土造,83年8月1日,五層,四層
RPXNMLLMPHNFFCQ57CA,24,6.88,共有部份,鋼筋混凝土造,83年8月1日,五層,
RPUNMLLMPHNFFBQ17CA,12,15.06,住家用,鋼筋混凝土造,95年8月28日,八層,二層
RPUNMLLMPHNFFBQ17CA,12,4.20,共有部份,鋼筋混凝土造,95年8月28日,,
RPUNMLLMPHNFFBQ17CA,12,5.78,共有部份,鋼筋混凝土造,95年8月28日,,
RPWNMLLMPHNFFDQ57CA,23,198.57,住家用,鋼筋混凝土造,84年5月18日,四層,一層 二層 三層 四層
RPRNMLQKQHNFFEQ57CA,1,244.22,見其他登記事項,鋼筋混凝土造,107年2月22日,四層,一層 二層 三層 四層 地下一層
RPUNMLRJQHNFFDQ77CA,24,297.12,住商用,鋼筋混凝土造,83年6月25日,三層,一層 二層 三層
RPUOMLRLPHNFFCQ97DA,42,81.45,住家用,加強磚造,65年4月1日,二層,一層 二層
RPTOMLRLPHNFFCQ87DA,43,82.66,住家用,加強磚造,64年5月1日,二層,一層 二層
RPOOMLOKQHNFFDQ07CA,32,108.38,住家用,鋼筋混凝土加強磚造,75年2月5日,二層,一層 二層
RPPNMLNJQHNFFDQ86CA,1,178.55,住家用,鋼筋混凝土造,106年10月18日,三層,一層 二層 三層 見其他登記事項
RPVNMLQLPHNFFDQ87CA,,215.40,住家用,鋼筋混凝土造,107年3月13日,四層,一層 二層 三層 四層
RPXNMLQLPHNFFDQ08CA,,193.24,住家用,鋼筋混凝土造,107年3月13日,四層,一層 二層 三層 四層
RPTNMLQLPHNFFDQ67CA,,202.77,住家用,鋼筋混凝土造,107年3月13日,四層,一層 二層 三層 四層
RPUNMLNKQHNFFCQ37CA,42,55.33,住家用,磚造,65年3月20日,一層,一層
RPWNMLQLPHNFFDQ97CA,,196.91,住家用,鋼筋混凝土造,107年3月13日,四層,一層 二層 三層 四層
RPTNMLMJQHNFFDQ17CA,24,152.10,住家用,鋼筋混凝土造,83年11月23日,四層,一層 二層 三層 四層
RPTNMLKKQHNFFEQ17CA,36,100.73,住家用,鋼筋混凝土加強磚造,71年12月17日,二層,一層 二層
RPWOMLRLPHNFFCQ08CA,36,111.08,住商用,鋼筋混凝土加強磚造,70年12月31日,二層,一層 二層 騎樓 電梯樓梯間
RPPNMLTKQHNFFBQ37CA,12,19.19,住家用,鋼筋混凝土造,95年8月28日,八層,七層
RPPNMLTKQHNFFBQ37CA,12,7.43,共有部份,鋼筋混凝土造,95年8月28日,,
RPPNMLTKQHNFFBQ37CA,12,4.60,共有部份,鋼筋混凝土造,95年8月28日,,
RPQOMLOKQHNFFDQ27CA,10,570.72,見其他登記事項,鋼筋混凝土造,97年8月4日,五層,一層 二層 三層 四層 五層
RPWNMLOKQHNFFDQ77CA,36,118.99,住家用,鋼筋混凝土加強磚造,71年8月12日,三層,一層 二層 三層
RPQNMLTJQHNFFBQ37CA,39,125.65,住家用,鋼筋混凝土加強磚造,68年4月26日,二層,一層 二層 騎樓
RPPNMLRJQHNFFBQ07CA,4,294.25,見其他登記事項,鋼筋混凝土造,103年10月24日,三層,一層 二層 三層
RPPNMLRJQHNFFBQ07CA,3,1.00,見其他登記事項,鋼筋混凝土造,104年1月6日,一層,一層
RPOOMLQJQHNFFDQ17CA,,162.62,住房,鋼筋混凝土造,107年5月22日,四層,一層 二層 三層 四層
RPOOMLLMPHNFFBQ76DA,63,9.00,住商用,見其他登記事項,44年7月15日,二層,一層 二層
RPQNMLTJQHNFFDQ57CA,,169.25,住家用,鋼筋混凝土造,107年5月22日,四層,一層 二層 三層 四層
RPRNMLTJQHNFFDQ67CA,,162.63,住家用,鋼筋混凝土造,107年5月22日,四層,一層 二層 三層 四層
RPUNMLKKQHNFFDQ17CA,,168.61,住家用,鋼筋混凝土造,107年5月22日,四層,一層 二層 三層 四層
RPSNMLLJQHNFFEQ27EA,36,105.89,住商用,鋼筋混凝土加強磚造,71年10月23日,二層,一層 二層 騎樓
RPQNMLLJQHNFFEQ86CA,2,163.89,見其他登記事項,鋼筋混凝土造,106年12月21日,三層,一層 二層 三層 見其他登記事項
RPPNMLLJQHNFFEQ76CA,2,159.75,見其他登記事項,鋼筋混凝土造,106年12月21日,三層,一層 二層 三層 見其他登記事項
RPPOMLLJQHNFFDQ76CA,7,165.90,見其他登記事項,鋼筋混凝土造,100年9月15日,三層,一層 二層 三層 見其他登記事項
RPWNMLRLQHNFFDQ18CA,1,190.97,住家用,見其他登記事項,106年12月18日,四層,一層 二層 三層 四層
RPSNMLKMPHNFFCQ96CA,22,113.68,住商用,鋼筋混凝土造,85年4月15日,四層,一層 二層 三層 四層 騎樓 電梯樓梯間
RPOOMLSJQHNFFDQ37CA,22,82.37,住家用,見其他登記事項,85年4月29日,一層,一層
RPPNMLLJQHNFFBQ09CA,29,183.03,住商用,鋼筋混凝土加強磚造,78年6月1日,三層,一層 二層 三層 騎樓
RPRNMLOKQHNFFCQ17CA,38,100.10,住家用,鋼筋混凝土加強磚造,69年4月30日,二層,一層 二層 騎樓
RPXNMLLJQHNFFCQ37CA,35,80.12,住家用,鋼筋混凝土加強磚造,72年9月15日,二層,一層 二層
RPVNMLLJQHNFFCQ17CA,35,80.12,住家用,鋼筋混凝土加強磚造,72年9月15日,二層,一層 二層
RPPOMLLMPHNFFBQ76CA,,167.12,見其他登記事項,鋼筋混凝土加強磚造,107年2月7日,三層,一層 二層 三層 見其他登記事項
SPPOMLLMPHNFFBQ86CA,,166.91,見其他登記事項,鋼筋混凝土加強磚造,107年2月7日,三層,一層 二層 三層 見其他登記事項
RPWNMLRJQHNFFCQ87CA,41,72.93,住家用,磚造,66年5月10日,一層,一層 騎樓
TPPOMLLMPHNFFBQ96CA,,155.78,見其他登記事項,鋼筋混凝土加強磚造,107年2月7日,三層,一層 二層 三層 見其他登記事項
RPPOMLKKQHNFFCQ66CA,27,666.96,見其他登記事項,見其他登記事項,80年4月16日,一層,一層 電梯樓梯間 地下層
RPPNMLSKQHNFFCQ37CA,26,58.32,住家用,鋼筋混凝土造,81年11月30日,五層,五層
RPPNMLSKQHNFFCQ37CA,26,6.14,共有部份,鋼筋混凝土造,81年11月30日,地下層,
RPPNMLSKQHNFFCQ37CA,26,6.64,共有部份,鋼筋混凝土造,81年11月30日,五層,
RPSNMLSLQHNFFBQ67CA,10,259.64,見其他登記事項,鋼筋混凝土造,97年4月8日,四層,一層 二層 三層 四層 地下一層
RPSNMLSLQHNFFBQ67CA,10,4.08,見其他登記事項,鋼筋混凝土造,97年4月8日,三層,
RPSNMLSLQHNFFBQ67CA,10,25.97,停車空間,鋼筋混凝土造,97年4月8日,四層,
RPSNMLQKQHNFFDQ57CA,32,227.97,住家用,鋼筋混凝土加強磚造,75年1月5日,三層,一層 二層 三層 騎樓
RPQOMLQJQHNFFDQ37CA,22,107.85,見其他登記事項,木造,85年1月25日,三層,一層 二層 三層
RPOOMLQKQHNFFDQ27CA,38,143.99,住家用,鋼筋混凝土加強磚造,69年1月26日,三層,一層 二層 三層 騎樓
RPTNMLLJQHNFFCQ17EA,24,167.68,住商用,鋼筋混凝土造,83年5月21日,三層,一層 二層 三層 電梯樓梯間
RPPNMLLJQHNFFCQ76EA,6,203.09,見其他登記事項,鋼筋混凝土造,101年6月5日,三層,一層 二層 三層 見其他登記事項
RPPNMLMKQHNFFEQ96CA,43,89.59,住家用,磚造,64年3月12日,二層,一層 二層 騎樓
RPPNMLNKQHNFFDQ96CA,,191.78,住家用,鋼筋混凝土造,107年5月22日,四層,一層 二層 三層 四層
RPQNMLNKQHNFFDQ07CA,,169.43,住家用,鋼筋混凝土造,107年5月22日,四層,一層 二層 三層 四層
