﻿編號,屋齡,建物移轉面積(平方公尺),主要用途,主要建材,建築完成日期,總層數,建物分層
The serial number,room age,building shifting area (square meter),the main use,main building materials,construction completes the date,total layer,building lamination
RPQNMLKMPHNFFAT86CA,36,81.88,國民住宅,鋼筋混凝土造,71年10月30日,五層,五層
RPQNMLKMPHNFFAT86CA,36,.00,見其他登記事項,鋼筋混凝土造,71年10月30日,五層,
RPXOMLOLPHNFFAT97CA,,41.58,住家用,磚造,,一層,一層
RPQPMLOLPHNFFAT37CA,,69.09,住家用,加強磚造,,二層,一層 二層
RPOPMLOLPHNFFAT17CA,25,87.57,住家用,鋼筋混凝土造,82年11月4日,七層,三層
RPOPMLOLPHNFFAT17CA,25,44.84,見其他登記事項,鋼筋混凝土造,82年11月4日,七層,
RPSOMLNJQHNFFAT27CA,,53.17,見其他登記事項,鋼筋混凝土造,107年3月15日,十四層,四層
RPSOMLNJQHNFFAT27CA,,37.96,見其他登記事項,鋼筋混凝土造,107年3月15日,十四層,
RPPPMLOLPHNFFAT27CA,34,76.83,國民住宅,鋼筋混凝土造,73年3月16日,五層,一層
RPPPMLOLPHNFFAT27CA,34,11.11,共有部份,鋼筋混凝土造,73年3月16日,,
RPTPMLOLPHNFFAT67CA,19,99.38,見其他登記事項,鋼筋混凝土造,88年12月4日,十四層,八層
RPTPMLOLPHNFFAT67CA,19,28.81,見其他登記事項,鋼筋混凝土造,88年12月4日,十四層,
RPPOMLPLPHNFFAT27CA,27,164.23,住家用,鋼筋混凝土造,80年11月20日,四層,一層 二層 三層 四層
RPTOMLNJQHNFFAT37CA,,53.17,見其他登記事項,鋼筋混凝土造,107年3月15日,十四層,六層
RPTOMLNJQHNFFAT37CA,,37.96,見其他登記事項,鋼筋混凝土造,107年3月15日,十四層,
RPSNMLQLPHNFFAT57CA,26,154.70,店舖、住宅,鋼筋混凝土造,81年5月20日,三層,一層 二層 三層
RPUOMLNJQHNFFAT47CA,,74.08,見其他登記事項,鋼筋混凝土造,107年3月15日,十四層,十四層
RPUOMLNJQHNFFAT47CA,,57.48,見其他登記事項,鋼筋混凝土造,107年3月15日,十四層,
RPVOMLNJQHNFFAT57CA,,74.41,見其他登記事項,鋼筋混凝土造,107年3月15日,十四層,十四層
RPVOMLNJQHNFFAT57CA,,46.99,見其他登記事項,鋼筋混凝土造,107年3月15日,十四層,
RPPPMLLJQHNFFAT86CA,44,77.76,住宅,鋼筋混凝土加強磚造,63年11月25日,二層,一層 二層
RPRNMLKMPHNFFCT17CA,15,54.36,見其他登記事項,見其他登記事項,92年8月8日,一層,一層
RPRNMLKMPHNFFCT17CA,15,86.04,見其他登記事項,見其他登記事項,92年8月8日,一層,一層
RPQNMLQKQHNFFAT37CA,1,230.30,見其他登記事項,鋼筋混凝土造,106年8月16日,三層,一層 二層 三層 屋頂突出物
RPXNMLSJQHNFFCT38CA,35,80.59,住商用,加強磚造,72年5月20日,二層,一層 二層
RPSNMLLMPHNFFCT37CA,,254.52,見其他登記事項,見其他登記事項,106年12月27日,三層,一層 二層 三層 見其他登記事項
RPRNMLLMPHNFFCT27CA,,215.50,見其他登記事項,見其他登記事項,106年12月27日,三層,一層 二層 三層 見其他登記事項
RPQNMLPLPHNFFDT57CA,,30.83,住宅,磚造,,一層,一層
RPPNMLOLPHNFFFT57CA,39,88.76,店舖、住宅,加強磚造,68年12月15日,二層,一層 二層 騎樓
RPSNMLPKQHNFFDT77CA,48,81.83,住宅,加強磚造,59年7月1日,一層,一層 騎樓
RPQNMLLJQHNFFDT07CA,23,178.52,住宅,鋼筋混凝土造,84年8月4日,四層,一層 二層 三層 四層
RPQNMLLJQHNFFDT07CA,23,41.56,見其他登記事項,鋼筋混凝土造,84年8月4日,,
RPPNMLPLPHNFFFT67CA,34,96.30,店舖、住宅,鋼筋混凝土造,73年4月5日,二層,一層 二層
RPRNMLTJQHNFFET08CA,1,74.83,見其他登記事項,見其他登記事項,106年7月5日,五層,二層
RPRNMLTJQHNFFET08CA,1,14.80,見其他登記事項,見其他登記事項,106年7月5日,五層,
RPPNMLQLPHNFFFT77CA,13,183.81,住宅,鋼筋混凝土造,94年1月13日,三層,一層 二層 三層
RPWNMLLMPHNFFAT67DA,26,127.23,住家用,鋼筋混凝土造,80年11月1日,七層,四層
RPWNMLLMPHNFFAT67DA,26,36.04,共有部份,鋼筋混凝土造,80年11月1日,七層,
RPPOMLQLPHNFFCT57CA,24,102.52,住宅,鋼筋混凝土造,83年4月7日,十層,八層
RPPOMLQLPHNFFCT57CA,24,32.32,見其他登記事項,鋼筋混凝土造,83年4月7日,十層,
RPPOMLQLPHNFFCT57CA,24,16.97,見其他登記事項,鋼筋混凝土造,83年4月7日,十層,
RPXNMLLJQHNFFAT47CA,21,146.40,國民住宅,鋼筋混凝土造,86年1月21日,三層,一層 二層 三層
RPTNMLPLPHNFFCT77CA,23,127.17,住家用,鋼筋混凝土造,84年7月10日,三層,一層 二層 三層
RPQNMLQKQHNFFDT67CA,38,173.58,見其他登記事項,鋼筋混凝土造,69年4月14日,三層,一層 二層 三層 騎樓
RPTNMLMJQHNFFAT17CA,,182.63,住宅,鋼筋混凝土造,107年2月12日,三層,一層 二層 三層 屋頂突出物
RPRNMLQKQHNFFAT47CA,35,152.71,住宅,鋼筋混凝土造,73年1月4日,三層,一層 二層 三層 騎樓
RPQNMLSLPHNFFAT57CA,32,173.44,住家用,鋼筋混凝土造,75年4月28日,三層,一層 二層 三層 騎樓
RPWOMLLMPHNFFAT67CA,25,93.94,住家用,鋼筋混凝土造,82年12月4日,十五層,八層
RPWOMLLMPHNFFAT67CA,25,36.71,見其他登記事項,鋼筋混凝土造,82年12月4日,十五層,
RPQOMLRLPHNFFAT57CA,37,127.68,住家用,加強磚造,70年10月24日,二層,一層 二層 騎樓
RPWOMLOLPHNFFAT87CA,83,1314.73,住商用,加強磚造,24年4月20日,三層,一層 二層 三層
RPVOMLLMPHNFFAT57CA,14,177.26,住家用,鋼筋混凝土造,93年6月9日,三層,一層 二層 三層
RPPNMLRLPHNFFAT37CA,19,92.34,見其他登記事項,鋼筋混凝土造,88年12月4日,十四層,四層
RPPNMLRLPHNFFAT37CA,19,29.77,見其他登記事項,鋼筋混凝土造,88年12月4日,十四層,
RPOOMLPLPHNFFAT17CA,19,62.91,見其他登記事項,鋼筋混凝土造,88年12月4日,十四層,十三層
RPOOMLPLPHNFFAT17CA,19,19.21,見其他登記事項,鋼筋混凝土造,88年12月4日,十四層,
RPSOMLKMPHNFFAT17CA,39,106.40,住商用,鋼筋混凝土造,68年7月9日,二層,一層 二層 騎樓
RPRNMLKMPHNFFAT96CA,42,84.72,住家用,鋼筋混凝土加強磚造,65年7月13日,二層,一層 二層
RPQOMLPLPHNFFAT37CA,23,27.07,住家用,鋼筋混凝土造,84年11月9日,十二層,十二層
RPQOMLPLPHNFFAT37CA,23,8.19,見其他登記事項,鋼筋混凝土造,84年11月9日,十二層,
RPSOMLQKQHNFFAT67CA,21,96.63,住宅,鋼筋混凝土造,87年1月8日,七層,三層
RPSOMLQKQHNFFAT67CA,21,36.81,見其他登記事項,鋼筋混凝土造,87年1月8日,七層,
RPRPMLOLPHNFFAT47CA,22,25.62,住家用,鋼筋混凝土造,85年5月23日,八層,四層
RPRPMLOLPHNFFAT47CA,22,11.78,見其他登記事項,鋼筋混凝土造,85年5月23日,八層,
RPTPMLLJQHNFFAT27CA,,182.63,住宅,鋼筋混凝土造,107年2月12日,三層,一層 二層 三層 屋頂突出物
RPPNMLRLPHNFFBT47CA,25,176.98,店舖、住宅,鋼筋混凝土造,82年1月9日,三層,一層 二層 三層
RPVNMLPLPHNFFCT97CA,14,12.50,見使用執照,鋼筋混凝土造,93年7月12日,六層,五層
RPVNMLPLPHNFFCT97CA,14,5.97,見使用執照,鋼筋混凝土造,93年7月12日,六層,
RPVNMLPLPHNFFCT97CA,14,1.12,見使用執照,鋼筋混凝土造,93年7月12日,六層,
RPTNMLPLPHNFFAT57CA,1,221.23,住家用,鋼筋混凝土造,106年8月25日,三層,一層 二層 三層 屋頂突出物
RPVOMLSJQHNFFAT08CA,39,118.48,住家用,加強磚造,68年1月8日,二層,一層 二層
RPUOMLRJQHNFFAT87CA,38,91.20,住家用,加強磚造,69年7月12日,二層,一層 二層
RPWNMLKMPHNFFCT67CA,23,17.09,住家用,鋼筋混凝土造,84年7月10日,六層,五層
RPWNMLKMPHNFFCT67CA,23,11.17,住家用,鋼筋混凝土造,84年7月10日,六層,
RPPNMLOLQHNFFCT37CA,22,111.82,住家用,鋼筋混凝土造,85年1月11日,三層,一層 二層 三層
RPTOMLKKQHNFFCT37CA,24,374.20,住商用,鋼筋混凝土造,83年1月11日,五層,一層 二層 三層 四層 五層 騎樓
RPXNMLKMPHNFFAT67DA,23,24.89,住家用,鋼筋混凝土造,84年11月9日,十二層,十層
RPXNMLKMPHNFFAT67DA,23,16.98,見其他登記事項,鋼筋混凝土造,84年11月9日,十二層,
RPPNMLNJPHNFFDT37CD,,165.15,住宅,見其他登記事項,107年1月18日,三層,一層 二層 三層
RPTNMLQLPHNFFFT28DA,39,96.90,住宅,加強磚造,68年8月4日,二層,一層 二層
RPQNMLLJQHNFFFT27CA,8,149.61,住家用,鋼筋混凝土造,99年6月25日,二層,一層 二層
RPTNMLRLPHNFFET18CA,24,97.87,住家用,鋼筋混凝土造,83年9月28日,七層,六層
RPTNMLRLPHNFFET18CA,24,35.20,共用部份,鋼筋混凝土造,83年9月28日,七層,
RPQNMLKKQHNFFDT07CA,24,179.76,見其他登記事項,鋼筋混凝土造,83年5月17日,四層,一層 二層 三層 四層 騎樓
RPWNMLLMPHNFFCT77CA,32,99.72,住商用,加強磚造,75年1月28日,二層,一層 二層
RPUOMLKMPHNFFCT57CA,40,108.80,住商用,加強磚造,67年4月17日,二層,一層 二層 騎樓 夾層
RPRNMLLMPHNFFFT57CA,18,197.52,住家用,鋼筋混凝土造,89年11月3日,三層,一層 二層 三層 騎樓
RPWNMLLMPHNFFDT87CA,23,72.15,住宅,鋼筋混凝土造,84年8月8日,十四層,十四層
RPWNMLLMPHNFFDT87CA,23,14.86,見其他登記事項,鋼筋混凝土造,84年8月8日,十六層,
RPPNMLLMPHNFFFT37CA,24,134.80,住家用,鋼筋混凝土造,83年11月1日,三層,一層 二層 三層
RPPNMLRLPHNFFDT67CA,15,206.12,住宅,鋼筋混凝土造,92年9月25日,四層,一層 二層 三層 四層 騎樓 見其他登記事項
RPUNMLKMPHNFFCT47CA,24,78.18,住家用,鋼筋混凝土造,83年2月7日,九層,八層
RPUNMLKMPHNFFCT47CA,24,43.89,見其他登記事項,鋼筋混凝土造,83年2月7日,九層,
RPUNMLLMPHNFFCT57CA,24,132.22,住家用,鋼筋混凝土造,83年7月13日,三層,一層 二層 三層
RPROMLKMPHNFFAT07CA,34,91.56,住家用,加強磚造,73年2月28日,二層,一層 二層
RPPNMLKMPHNFFCT96CA,29,191.25,住家用,加強磚造,78年3月2日,二層,一層 二層
RPVNMLKMPHNFFAT37CA,24,363.53,住商用,鋼筋混凝土造,83年8月10日,五層,一層 二層 三層 四層 五層 騎樓
RPOOMLNKQHNFFCT17CA,25,83.49,住家用,鋼筋混凝土造,82年12月8日,七層,七層
RPOOMLNKQHNFFCT17CA,25,26.80,見其他登記事項,鋼筋混凝土造,82年12月8日,七層,
RPOOMLRLPHNFFAT37CA,36,51.04,住家用,鋼筋混凝土造,71年11月28日,五層,三層
RPOOMLRLPHNFFAT37CA,36,4.09,見其他登記事項,鋼筋混凝土造,71年11月28日,五層,
RPUOMLLMPHNFFAT47CA,17,90.68,見其他登記事項,鋼筋混凝土造,90年1月18日,十三層,十二層
RPUOMLLMPHNFFAT47CA,17,48.86,見其他登記事項,鋼筋混凝土造,90年1月18日,十三層,
RPSNMLMJQHNFFBT17CA,23,120.46,住宅,鋼筋混凝土造,84年6月21日,三層,一層 二層 三層
RPUNMLRLPHNFFAT87CA,24,79.47,住家用,鋼筋混凝土造,83年5月16日,六層,五層
RPUNMLRLPHNFFAT87CA,24,29.92,見其他登記事項,鋼筋混凝土造,83年5月16日,六層,
RPTNMLRLPHNFFAT77CA,19,47.14,見其他登記事項,鋼筋混凝土造,88年12月4日,十四層,十一層
RPTNMLRLPHNFFAT77CA,19,38.41,見其他登記事項,鋼筋混凝土造,88年12月4日,十四層,
RPPOMLLMPHNFFAT96CA,36,79.00,見其他登記事項,鋼筋混凝土造,71年2月27日,五層,三層
RPPOMLLMPHNFFAT96CA,36,11.84,共有部份,鋼筋混凝土造,71年2月27日,五層,
RPSOMLLMPHNFFAT27CA,25,275.60,住商用,鋼筋混凝土造,82年8月10日,三層,一層 二層 三層 騎樓
RPRNMLLMPHNFFAT07CA,23,108.95,見其他登記事項,鋼筋混凝土造,84年6月13日,九層,一層 二層 三層
RPRNMLLMPHNFFAT07CA,23,34.75,見其他登記事項,鋼筋混凝土造,84年6月13日,九層,
RPPOMLSJQHNFFAT47CA,37,87.54,住家用,鋼筋混凝土造,70年2月20日,二層,一層 二層
RPPOMLRJQHNFFAT37CA,19,122.28,見其他登記事項,鋼筋混凝土造,88年12月4日,十四層,十一層
RPPOMLRJQHNFFAT37CA,19,59.54,見其他登記事項,鋼筋混凝土造,88年12月4日,十四層,
RPXNMLRJQHNFFAT08CA,,182.63,住家用,鋼筋混凝土造,107年2月12日,三層,一層 二層 三層 屋頂突出物
RPQNMLLJQHNFFAT76CA,23,145.35,住宅,鋼筋混凝土造,84年6月28日,三層,一層 二層 三層
RPSNMLKMPHNFFCT27CA,25,150.45,住家用,鋼筋混凝土造,82年7月31日,三層,一層 二層 三層
RPXNMLLLQHNFFCT87CA,24,124.96,住家用,鋼筋混凝土造,83年4月21日,四層,一層 二層 三層 四層
RPXNMLKKQHNFFAT47CA,35,46.56,住家用,鋼筋混凝土造,72年5月30日,三層,一層 二層 三層
RPWNMLKKQHNFFAT37CA,37,139.72,住商用,加強磚造,70年1月20日,二層,一層 二層
RPOOMLMLQHNFFCT17CA,30,113.44,住家用,鋼筋混凝土造,77年12月2日,二層,一層 二層
RPWNMLRJQHNFFCT18CA,11,91.80,見其他登記事項,見其他登記事項,96年1月23日,三層,一層 二層 三層 騎樓 見其他登記事項
RPWNMLRJQHNFFCT18CA,11,91.80,見其他登記事項,見其他登記事項,96年1月23日,三層,一層 二層 三層 騎樓 見其他登記事項
RPPNMLKMPHNFFAT76CA,12,255.15,住家用,鋼筋混凝土造,95年1月26日,三層,一層 二層 三層
SPRNMLMJQHNFFCT27CA,49,38.00,住宅,加強磚造,58年5月30日,二層,一層 二層
RPRNMLMJQHNFFCT17CA,49,38.00,住宅,加強磚造,58年6月20日,二層,一層 二層
RPUNMLMJQHNFFDT57CA,41,96.00,店舖、住宅,加強磚造,66年8月11日,二層,一層 二層 騎樓
RPSNMLKMPHNFFAT17DA,18,85.43,見其他登記事項,鋼筋混凝土造,89年2月2日,十六層,十層
RPSNMLKMPHNFFAT17DA,18,78.05,見其他登記事項,鋼筋混凝土造,89年2月2日,十六層,
RPTNMLLMPHNFFCT57DA,57,77.70,住家用,磚造,50年2月1日,一層,一層 騎樓
RPTNMLNJQHNFFFT77CA,26,158.76,住商用,鋼筋混凝土造,81年12月8日,三層,一層 二層 三層
RPRNMLKMPHNFFDT27CA,19,204.12,見其他登記事項,鋼筋混凝土造,88年11月17日,四層,一層 二層 三層 四層 騎樓
RPSNMLRLPHNFFET08CA,23,26.51,住家用,鋼筋混凝土造,84年11月16日,十二層,十層
RPSNMLRLPHNFFET08CA,23,11.40,共用部份,鋼筋混凝土造,84年11月16日,十二層,
RPOOMLNJQHNFFCT07CA,26,225.97,住商用,鋼筋混凝土造,81年4月24日,四層,一層 二層 三層 四層
RPXOMLLMPHNFFAT87DA,19,90.50,見其他登記事項,鋼筋混凝土造,88年1月20日,七層,六層
RPXOMLLMPHNFFAT87DA,19,41.85,見其他登記事項,鋼筋混凝土造,88年1月20日,七層,
RPVNMLRJQHNFFCT18DA,23,17.09,住家用,鋼筋混凝土造,84年7月10日,六層,一層
RPVNMLRJQHNFFCT18DA,23,11.17,住家用,鋼筋混凝土造,84年7月10日,六層,
RPQNMLRJQHNFFDT67CA,24,82.81,住宅,鋼筋混凝土造,83年4月15日,八層,七層
RPQNMLRJQHNFFDT67CA,24,31.28,見其他登記事項,鋼筋混凝土造,83年4月15日,,
RPSNMLLMPHNFFAT27DA,31,101.32,住家用,加強磚造,76年4月28日,二層,一層 二層
RPPNMLQKQHNFFFT77CA,,189.28,住家用,鋼筋混凝土造,106年11月10日,三層,一層 二層 三層
RPXNMLLMPHNFFCT87CA,23,162.48,見其他登記事項,鋼筋混凝土造,84年3月6日,四層,一層 二層 三層 四層 停車場
RPUNMLLJQHNFFCT37CA,23,181.06,住宅,鋼筋混凝土造,84年7月18日,四層,一層 二層 三層 四層
RPVNMLLMPHNFFAT47CA,,109.48,住商用,鋼筋混凝土加強磚造,,二層,一層 二層 騎樓
RPPOMLKMPHNFFAT86CA,34,97.72,住家用,鋼筋混凝土造,73年5月26日,三層,一層 二層 三層
RPPNMLSJQHNFFCT57CA,49,84.00,住家用,鋼筋混凝土加強磚造,58年7月31日,二層,一層 二層 騎樓
RPQPMLNJQHNFFAT17CA,,355.56,住商用,鋼筋混凝土加強磚造,,三層,一層 二層 三層 騎樓
RPQOMLRJQHNFFAT47CA,19,122.28,見其他登記事項,鋼筋混凝土造,88年12月4日,十四層,五層
RPQOMLRJQHNFFAT47CA,19,59.54,見其他登記事項,鋼筋混凝土造,88年12月4日,十四層,
RPQPMLLMPHNFFAT17CA,37,50.97,見其他登記事項,鋼筋混凝土造,70年4月20日,五層,三層
RPSPMLLMPHNFFAT37CA,19,24.01,見其他登記事項,鋼筋混凝土造,88年12月4日,十四層,
RPRNMLPKQHNFFAT37CA,35,127.41,住家用,加強磚造,72年12月16日,二層,一層 二層
RPTPMLLMPHNFFAT47CA,19,63.19,見其他登記事項,鋼筋混凝土造,88年12月4日,十四層,三層
RPTPMLLMPHNFFAT47CA,19,19.21,見其他登記事項,鋼筋混凝土造,88年12月4日,十四層,
RPSPMLLJQHNFFAT17CA,11,217.39,住宅,鋼筋混凝土造,96年12月26日,三層,一層 二層 三層
RPOQMLLJQHNFFAT86CA,42,75.24,住宅,鋼筋混凝土加強磚造,65年1月22日,二層,一層 二層
RPROMLRJQHNFFAT57CA,,99.52,住家用,加強磚造,,二層,一層 二層
RPRPMLLMPHNFFAT27CA,26,163.20,住家用,鋼筋混凝土造,81年11月9日,四層,一層 二層 三層 四層
RPRNMLMJQHNFFAT96CA,24,78.56,店舖、住宅,鋼筋混凝土造,83年4月21日,三層,一層 二層 三層
RPRNMLMJQHNFFAT96CA,24,78.56,店舖、住宅,鋼筋混凝土造,83年4月21日,三層,一層 二層 三層
RPTOMLRJQHNFFAT77CA,24,22.93,住家用,鋼筋混凝土造,83年12月16日,五層,三層
RPTOMLRJQHNFFAT77CA,24,5.54,見其他登記事項,鋼筋混凝土造,83年12月16日,五層,
RPXPMLLJQHNFFAT67CA,33,120.56,住宅,加強磚造,74年5月29日,二層,一層 二層
RPPNMLMJQHNFFCT96CA,50,86.64,店舖、住宅,加強磚造,57年8月24日,二層,一層 二層 騎樓
RPQNMLMJQHNFFDT17CA,25,144.96,住宅,鋼筋混凝土造,82年4月3日,三層,一層 二層 三層
RPPNMLQJQHNFFFT67CA,2,132.08,住家用,鋼筋混凝土造,105年4月15日,一層,一層
RPXNMLQJQHNFFAT97CA,,59.17,見其他登記事項,鋼筋混凝土造,107年3月15日,十四層,六層
RPXNMLQJQHNFFAT97CA,,38.68,見其他登記事項,鋼筋混凝土造,107年3月15日,十四層,
RPUNMLLJQHNFFDT47CA,1,173.18,住宅,見其他登記事項,106年6月7日,三層,一層 二層 三層 屋頂突出物
RPOPMLLJQHNFFAT86DA,18,62.37,見其他登記事項,鋼筋混凝土造,89年2月2日,十六層,三層
RPOPMLLJQHNFFAT86DA,18,34.46,見其他登記事項,鋼筋混凝土造,89年2月2日,十六層,
