﻿鄉鎮市區,交易標的,土地區段位置/建物區段門牌,土地移轉總面積(平方公尺),都市土地使用分區,非都市土地使用分區,非都市土地使用編定,交易年月日,交易筆棟數,移轉層次,總樓層數,建物型態,主要用途,主要建材,建築完成年月,建物移轉總面積(平方公尺),建物現況格局-房,建物現況格局-廳,建物現況格局-衛,建物現況格局-隔間,有無管理組織,總價(元),單價(元/平方公尺),車位類別,車位移轉總面積(平方公尺),車位總價(元),備註,編號
The villages and towns urban district,transaction sign,land sector position/building sector house number plate,land shifting total area (square meter),the use zoning or compiles and checks,the non-metropolis land use district,non-metropolis land use,transaction year, month and day,transaction pen number,shifting level,total floor number,building state,main use,main building materials,construction to complete the years,building shifting total area,Building present situation pattern - room,building present situation pattern - hall,building present situation pattern - health,building present situation pattern - compartmented,Whether there is manages the organization,total price (Yuan),the unit price (a Yuan/square meter),the berth category,berth shifting total area (square meter),the berth total price (Yuan),the note,serial number
屏東巿,房地(土地+建物),屏東縣屏東市安心七橫巷1~30號,78.0,住,,,1070606,土地1建物1車位0,全,一層,透天厝,住家用,磚造,,41.58,4,2,2,有,無,2650000,63733,,0.0,0,,RPXOMLOLPHNFFAT97CA
屏東巿,房地(土地+建物)+車位,屏東縣屏東市民興路1~30號,27.06,住,,,1070623,土地1建物1車位1,三層,七層,華廈(10層含以下有電梯),住家用,鋼筋混凝土造,0821104,132.41,3,2,2,有,有,4080000,30813,坡道平面,0.0,0,,RPOPMLOLPHNFFAT17CA
屏東巿,房地(土地+建物),屏東縣屏東市復興南路一段231巷61~90號,28.86,,一般農業區,特定目的事業用地,1070615,土地2建物1車位0,一層,五層,公寓(5樓含以下無電梯),國民住宅,鋼筋混凝土造,0730316,87.94,3,2,2,有,無,4200000,47760,,0.0,0,,RPPPMLOLPHNFFAT27CA
屏東巿,房地(土地+建物),屏東縣屏東市歸仁路168巷1~30號,44.0,住,,,1070612,土地1建物1車位0,全,二層,透天厝,住家用,加強磚造,,69.09,4,2,3,有,無,2600000,37632,,0.0,0,,RPQPMLOLPHNFFAT37CA
萬丹鄉,土地,新社皮段241~270地號,119.19,,一般農業區,農牧用地,1070709,土地1建物0車位0,,,其他,,,,0.0,0,0,0,有,無,360000,3020,,0.0,0,,RPSPMLOLPHNFFAT57CA
屏東巿,房地(土地+建物),屏東縣屏東市機場北路451~480號,18.19,住,,,1070626,土地1建物1車位0,八層,十四層,住宅大樓(11層含以上有電梯),見其他登記事項,鋼筋混凝土造,0881204,128.19,3,1,2,有,無,3000000,23403,,0.0,0,,RPTPMLOLPHNFFAT67CA
屏東巿,房地(土地+建物),屏東縣屏東市建國路217巷3弄1~30號,61.0,住,,,1070603,土地1建物1車位0,全,四層,透天厝,住家用,鋼筋混凝土造,0801120,164.23,6,2,3,有,無,4500000,27401,,0.0,0,,RPPOMLPLPHNFFAT27CA
九如鄉,房地(土地+建物),屏東縣九如鄉後庄路121~150號,95.0,,鄉村區,乙種建築用地,1070530,土地1建物1車位0,全,三層,透天厝,店舖、住宅,鋼筋混凝土造,0810520,154.7,5,1,3,有,無,4200000,27149,,0.0,0,,RPSNMLQLPHNFFAT57CA
屏東巿,房地(土地+建物),屏東縣屏東市建南路91~120號,29.57,住,,,1070629,土地1建物1車位0,五層,五層,公寓(5樓含以下無電梯),國民住宅,鋼筋混凝土造,0711030,81.88,3,1,2,有,無,880000,10747,,0.0,0,,RPQNMLKMPHNFFAT86CA
屏東巿,房地(土地+建物),屏東縣屏東市廣東路128巷1~30號,62.0,住,,,1070710,土地1建物1車位0,全,二層,透天厝,住宅,鋼筋混凝土加強磚造,0631125,77.76,5,2,2,有,無,4380000,56327,,0.0,0,,RPPPMLLJQHNFFAT86CA
屏東巿,房地(土地+建物)+車位,屏東縣屏東市廣東路1411~1440號,20.58,住,,,1070607,土地1建物1車位1,四層,十四層,住宅大樓(11層含以上有電梯),見其他登記事項,鋼筋混凝土造,1070315,91.13,2,2,2,有,有,3690000,43738,升降機械,15.91,400000,,RPSOMLNJQHNFFAT27CA
屏東巿,房地(土地+建物)+車位,屏東縣屏東市廣東路1411~1440號,20.58,住,,,1070307,土地1建物1車位1,六層,十四層,住宅大樓(11層含以上有電梯),見其他登記事項,鋼筋混凝土造,1070315,91.13,2,2,2,有,有,3900000,46530,升降機械,15.91,400000,,RPTOMLNJQHNFFAT37CA
屏東巿,房地(土地+建物)+車位,屏東縣屏東市廣東路1411~1440號,31.23,住,,,1070417,土地1建物1車位1,十四層,十四層,住宅大樓(11層含以上有電梯),見其他登記事項,鋼筋混凝土造,1070315,131.56,2,2,2,有,有,6600000,53430,坡道平面,26.75,1000000,,RPUOMLNJQHNFFAT47CA
屏東巿,房地(土地+建物)+車位,屏東縣屏東市廣東路1411~1440號,31.23,住,,,1070411,土地1建物1車位1,十四層,十四層,住宅大樓(11層含以上有電梯),見其他登記事項,鋼筋混凝土造,1070315,121.4,2,2,2,有,有,6100000,53086,升降機械,15.91,500000,,RPVOMLNJQHNFFAT57CA
九如鄉,房地(土地+建物),屏東縣九如鄉忠孝街181~210號,151.14,住,,,1070630,土地5建物1車位0,全,三層,透天厝,見其他登記事項,鋼筋混凝土造,1060816,230.3,5,2,4,有,無,9200000,39948,,0.0,0,,RPQNMLQKQHNFFAT37CA
屏東巿,土地,玉成段151~180地號,2325.14,,鄉村區,乙種建築用地,1070531,土地2建物0車位0,,,其他,,,,0.0,0,0,0,有,無,32350000,13913,,0.0,0,,RPUOMLQKQHNFFAT87CA
fa72埔鄉,土地,振北段331~360地號,4920.74,,一般農業區,農牧用地,1070710,土地1建物0車位0,,,其他,,,,0.0,0,0,0,有,無,6000000,1219,,0.0,0,,RPQNMLRLPHNFFBT57CA
潮州鎮,建物,屏東縣潮州鎮延平路31~60號,0.0,,,,1070501,土地0建物2車位0,全,一層,透天厝,見其他登記事項,見其他登記事項,0920808,140.4,2,2,2,有,無,1000000,7123,,0.0,0,,RPRNMLKMPHNFFCT17CA
內埔鄉,房地(土地+建物),屏東縣內埔鄉興安街1~30號,105.79,住,,,1070619,土地1建物1車位0,全,三層,透天厝,見其他登記事項,見其他登記事項,1061227,215.5,5,2,4,有,無,9080000,42135,,0.0,0,,RPRNMLLMPHNFFCT27CA
內埔鄉,房地(土地+建物),屏東縣內埔鄉興安街31~60號,162.54,住,,,1070427,土地1建物1車位0,全,三層,透天厝,見其他登記事項,見其他登記事項,1061227,254.52,6,2,4,有,無,12800000,50291,,0.0,0,,RPSNMLLMPHNFFCT37CA
潮州鎮,土地,新五魁段241~270地號,921.01,商,,,1070529,土地8建物0車位0,,,其他,,,,0.0,0,0,0,有,無,81500000,88490,,0.0,0,,RPPNMLRJQHNFFCT47CA
內埔鄉,房地(土地+建物),屏東縣內埔鄉嘉應路121~150號,82.0,,鄉村區,乙種建築用地,1070713,土地1建物1車位0,全,二層,透天厝,住商用,加強磚造,0720520,80.59,2,2,2,有,無,700000,8686,,0.0,0,,RPXNMLSJQHNFFCT38CA
內埔鄉,土地,上龍泉段301~330地號,870.89,住,,,1070625,土地3建物0車位0,,,其他,,,,0.0,0,0,0,有,無,3500000,4019,,0.0,0,,RPPNMLNKQHNFFCT17CA
內埔鄉,土地,老埤段31~60地號,878.0,,鄉村區,乙種建築用地,1070627,土地13建物0車位0,,,其他,,,,0.0,0,0,0,有,無,3187140,3630,,0.0,0,,RPXNMLOKQHNFFCT08CA
林邊鄉,土地,復興段121~150地號,836.72,,一般農業區,農牧用地,1070717,土地1建物0車位0,,,其他,,,,0.0,0,0,0,有,無,1700000,2032,,0.0,0,,RPPNMLPLPHNFFDT47CA
新園鄉,房地(土地+建物),屏東縣新園鄉五房路153巷31~60號,38.89,,鄉村區,乙種建築用地,1070716,土地1建物1車位0,全,一層,透天厝,住宅,磚造,,30.83,2,1,1,有,有,300000,9731,,0.0,0,,RPQNMLPLPHNFFDT57CA
琉球鄉,土地,相埔段631~660地號,24.75,其他,,,1070704,土地2建物0車位0,,,其他,,,,0.0,0,0,0,有,無,514500,20788,,0.0,0,,RPXNMLRLPHNFFDT48CA
林邊鄉,房地(土地+建物)+車位,屏東縣林邊鄉榮農路5巷1~30號,60.63,住,,,1070616,土地2建物1車位1,全,四層,透天厝,住宅,鋼筋混凝土造,0840804,220.08,4,2,3,有,無,3000000,13631,坡道平面,0.0,0,,RPQNMLLJQHNFFDT07CA
新園鄉,土地,新堤段481~510地號,7590.05,,一般農業區,農牧用地,1061129,土地3建物0車位0,,,其他,,,,0.0,0,0,0,有,無,14868148,1959,,0.0,0,,RPTNMLLJQHNFFDT37CA
新園鄉,土地,五龍段1351~1380地號,229.98,,鄉村區,乙種建築用地,1070608,土地2建物0車位0,,,其他,,,,0.0,0,0,0,有,無,3900000,16958,,0.0,0,含未保登建物一棟,RPXNMLNKQHNFFDT08CA
新園鄉,房地(土地+建物),屏東縣新園鄉中正路53巷1~30號,362.53,其他,,,1070619,土地2建物1車位0,全,一層,透天厝,住宅,加強磚造,0590701,81.83,4,1,1,有,無,1500000,18331,,0.0,0,,RPSNMLPKQHNFFDT77CA
枋山鄉,房地(土地+建物),屏東縣枋山鄉舊庄7巷1~30號,111.0,,鄉村區,乙種建築用地,1070710,土地1建物1車位0,全,二層,透天厝,店舖、住宅,加強磚造,0681215,88.76,3,2,2,有,無,598700,6745,,0.0,0,,RPPNMLOLPHNFFFT57CA
屏東巿,土地,灰段961~990地號,14.0,住,,,1070711,土地1建物0車位0,,,其他,,,,0.0,0,0,0,有,無,400000,28571,,0.0,0,,RPOOMLQKQHNFFAT37DA
里港鄉,土地,大港洋段1261~1290地號,152.3,農,,,1070710,土地3建物0車位0,,,其他,,,,0.0,0,0,0,有,無,2300000,15102,,0.0,0,,RPRNMLOLPHNFFBT47DA
恆春鎮,土地,大平頂段上大平頂小段121~150地號,51.13,,鄉村區,乙種建築用地,1070630,土地1建物0車位0,,,其他,,,,0.0,0,0,0,有,無,150000,2934,,0.0,0,,RPQNMLPLPHNFFET77DA
內埔鄉,土地,復興段451~480地號,20.45,住,,,1070713,土地1建物0車位0,,,其他,,,,0.0,0,0,0,有,無,920000,44988,,0.0,0,,RPUNMLPLPHNFFCT97DA
佳冬鄉,土地,玉光段361~390地號,787.58,住,,,1070628,土地2建物0車位0,,,其他,,,,0.0,0,0,0,有,無,12714500,16144,,0.0,0,,RPRNMLPLPHNFFFT08EA
佳冬鄉,土地,塭豐段121~150地號,2004.0,工,,,1070707,土地1建物0車位0,,,其他,,,,0.0,0,0,0,有,無,6062000,3025,,0.0,0,,RPQNMLQLPHNFFFT08EA
佳冬鄉,土地,塭豐段121~150地號,1854.0,工,,,1070707,土地1建物0車位0,,,其他,,,,0.0,0,0,0,有,無,5608000,3025,,0.0,0,,RPRNMLQLPHNFFFT18EA
高樹鄉,土地,東振新段211~240地號,109.75,,鄉村區,乙種建築用地,1070713,土地1建物0車位0,,,其他,,,,0.0,0,0,0,有,無,131700,1200,,0.0,0,親友、員工或其他特殊關係間之交易。;,RPPNMLPLPHNFFBT37DA
車城鄉,房地(土地+建物),屏東縣車城鄉龍井路1~30號,32.67,,鄉村區,乙種建築用地,1070628,土地1建物1車位0,二層,五層,華廈(10層含以下有電梯),見其他登記事項,見其他登記事項,1060705,89.63,2,2,2,有,無,3300000,36818,,0.0,0,,RPRNMLTJQHNFFET08CA
屏東巿,房地(土地+建物),屏東縣屏東市清寧街211~240號,30.69,住,,,1070419,土地1建物1車位0,四層,七層,華廈(10層含以下有電梯),住家用,鋼筋混凝土造,0801101,163.27,4,2,2,有,有,4000000,24499,,0.0,0,,RPWNMLLMPHNFFAT67DA
枋寮鄉,房地(土地+建物),屏東縣枋寮鄉金山路135巷1~30號,87.36,住,,,1070626,土地1建物1車位0,全,二層,透天厝,店舖、住宅,鋼筋混凝土造,0730405,96.3,3,2,2,有,無,2200000,22845,,0.0,0,,RPPNMLPLPHNFFFT67CA
佳冬鄉,房地(土地+建物),屏東縣佳冬鄉忠愛街61~90號,200.92,住,,,1070514,土地1建物1車位0,全,三層,透天厝,住宅,鋼筋混凝土造,0940113,183.81,5,1,3,有,無,5000000,27202,,0.0,0,,RPPNMLQLPHNFFFT77CA
東港鎮,房地(土地+建物),屏東縣東港鎮新興二街43巷1~30號,96.78,住,,,1070614,土地1建物1車位0,全,三層,透天厝,見其他登記事項,鋼筋混凝土造,0690414,173.58,3,1,3,有,無,5660000,32607,,0.0,0,,RPQNMLQKQHNFFDT67CA
新園鄉,土地,上烏龍段61~90地號,2076.01,農,,,1070712,土地1建物0車位0,,,其他,,,,0.0,0,0,0,有,無,3000000,1445,,0.0,0,,RPXNMLQLPHNFFDT38CA
麟洛鄉,房地(土地+建物),屏東縣麟洛鄉復興街31~60號,92.32,住,,,1070701,土地1建物1車位0,全,三層,透天厝,國民住宅,鋼筋混凝土造,0860121,146.4,4,1,3,有,無,4000000,27322,,0.0,0,,RPXNMLLJQHNFFAT47CA
潮州鎮,房地(土地+建物),屏東縣潮州鎮海康街211~240號,25.09,住,,,1070618,土地1建物1車位0,八層,十層,華廈(10層含以下有電梯),住宅,鋼筋混凝土造,0830407,151.81,3,1,2,有,無,3100000,20420,,0.0,0,,RPPOMLQLPHNFFCT57CA
萬巒鄉,土地,新庄段841~870地號,3210.51,,一般農業區,農牧用地,1070301,土地3建物0車位0,,,其他,,,,0.0,0,0,0,有,無,4600900,1433,,0.0,0,,RPQOMLQLPHNFFCT67CA
三地門鄉,土地,阿烏段1471~1500地號,1115.0,,山坡地保育區,農牧用地,1070702,土地1建物0車位0,,,其他,,,,0.0,0,0,0,有,無,10000,9,,0.0,0,親友、員工或其他特殊關係間之交易。;急買急賣。;實際金錢交易時間約30幾年前，待今日產權可移轉時才進行產權移轉登記。,RPQNMLPKQHNFFBT37CA
來義鄉,土地,文樂段1321~1350地號,1860.0,,山坡地保育區,農牧用地,1070613,土地1建物0車位0,,,其他,,,,0.0,0,0,0,有,無,160000,86,,0.0,0,,RPWNMLOLPHNFFCT97CA
潮州鎮,房地(土地+建物),屏東縣潮州鎮興美路1~30號,80.0,,特定農業區,甲種建築用地,1070704,土地1建物1車位0,全,三層,透天厝,住家用,鋼筋混凝土造,0840710,127.17,4,2,3,有,無,2400000,18872,,0.0,0,,RPTNMLPLPHNFFCT77CA
fa72埔鄉,土地,大仁段961~990地號,62.04,,一般農業區,農牧用地,1070619,土地1建物0車位0,,,其他,,,,0.0,0,0,0,有,無,200000,3224,,0.0,0,,RPSNMLOLPHNFFBT47CA
fa72埔鄉,土地,新二段601~630地號,5819.07,,一般農業區,農牧用地,1070715,土地2建物0車位0,,,其他,,,,0.0,0,0,0,有,無,16500000,2836,,0.0,0,親友、員工或其他特殊關係間之交易。;,RPQNMLQLPHNFFBT47CA
屏東巿,房地(土地+建物),屏東縣屏東市建豐路84巷1~30號,88.0,住,,,1070709,土地1建物1車位0,全,三層,透天厝,住宅,鋼筋混凝土造,0730104,152.71,4,2,3,有,無,5220000,34182,,0.0,0,,RPRNMLQKQHNFFAT47CA
長治鄉,房地(土地+建物),屏東縣長治鄉新源街85巷31~60號,103.86,住,,,1070526,土地1建物1車位0,全,三層,透天厝,住宅,鋼筋混凝土造,1070212,182.63,5,2,4,有,無,9100000,49828,,0.0,0,,RPTPMLLJQHNFFAT27CA
長治鄉,房地(土地+建物),屏東縣長治鄉新源街85巷1~30號,103.84,住,,,1070605,土地1建物1車位0,全,三層,透天厝,住宅,鋼筋混凝土造,1070212,182.63,5,2,4,有,無,9080000,49718,,0.0,0,,RPTNMLMJQHNFFAT17CA
萬丹鄉,土地,萬安段571~600地號,25.0,住,,,1070713,土地1建物0車位0,,,其他,,,,0.0,0,0,0,有,無,400000,16000,,0.0,0,,RPTOMLLMPHNFFAT37CA
屏東巿,房地(土地+建物),屏東縣屏東市華盛街12巷31~60號,77.0,住,,,1070630,土地1建物1車位0,全,三層,透天厝,住家用,鋼筋混凝土造,0930609,177.26,6,2,3,有,無,6850000,38644,,0.0,0,,RPVOMLLMPHNFFAT57CA
屏東巿,房地(土地+建物)+車位,屏東縣屏東市廣東路991~1020號,20.94,住,,,1070710,土地1建物1車位1,八層,十五層,住宅大樓(11層含以上有電梯),住家用,鋼筋混凝土造,0821204,130.65,3,2,2,有,有,2900000,22197,坡道平面,0.0,0,,RPWOMLLMPHNFFAT67CA
九如鄉,房地(土地+建物),屏東縣九如鄉新庄路1~30號,167.11,,鄉村區,乙種建築用地,1070627,土地1建物1車位0,全,二層,透天厝,住家用,加強磚造,0701024,127.68,2,2,2,有,無,3100000,24279,,0.0,0,,RPQOMLRLPHNFFAT57CA
萬丹鄉,房地(土地+建物),屏東縣萬丹鄉寶厝村中興路二段471巷1~30號,86.0,住,,,1070521,土地1建物1車位0,全,三層,透天厝,住家用,鋼筋混凝土造,0750428,173.44,5,1,3,有,無,3000000,17297,,0.0,0,,RPQNMLSLPHNFFAT57CA
萬丹鄉,房地(土地+建物),屏東縣萬丹鄉萬榮街146巷1~30號,81.0,住,,,1070709,土地1建物1車位0,全,二層,透天厝,住商用,鋼筋混凝土造,0680709,106.4,3,4,2,有,無,4800000,45113,,0.0,0,,RPSOMLKMPHNFFAT17CA
屏東巿,建物,屏東縣屏東市民族路151~180號,0.0,,,,1070701,土地0建物1車位0,一層，二層，三層,三層,其他,住商用,加強磚造,0240420,1314.73,6,2,6,有,無,8000000,6085,,0.0,0,,RPWOMLOLPHNFFAT87CA
萬丹鄉,土地,萬安段871~900地號,313.0,住,,,1070627,土地3建物0車位0,,,其他,,,,0.0,0,0,0,有,無,9468000,30249,,0.0,0,,RPQNMLQLPHNFFAT37CA
屏東巿,房地(土地+建物),屏東縣屏東市機場北路601~630號,17.4,住,,,1070620,土地1建物1車位0,四層,十四層,住宅大樓(11層含以上有電梯),見其他登記事項,鋼筋混凝土造,0881204,122.11,3,1,2,有,無,2920000,23913,,0.0,0,,RPPNMLRLPHNFFAT37CA
九如鄉,土地,三塊厝段511~540地號,4551.0,,一般農業區,農牧用地,1070718,土地2建物0車位0,,,其他,,,,0.0,0,0,0,有,無,4500000,989,,0.0,0,,RPQNMLPLPHNFFAT27CA
屏東巿,房地(土地+建物),屏東縣屏東市莊敬街二段89巷29弄1~30號,122.72,住,,,1070621,土地1建物1車位0,全,三層,透天厝,住家用,鋼筋混凝土造,1060825,221.23,4,2,5,有,無,14000000,63283,,0.0,0,,RPTNMLPLPHNFFAT57CA
屏東巿,土地,勝興段781~810地號,497.0,住,,,1070701,土地1建物0車位0,,,其他,,,,0.0,0,0,0,有,無,17500000,35211,,0.0,0,,RPWNMLPLPHNFFAT87CA
屏東巿,房地(土地+建物),屏東縣屏東市機場北路781~810號,11.86,住,,,1070619,土地1建物1車位0,十三層,十四層,住宅大樓(11層含以上有電梯),見其他登記事項,鋼筋混凝土造,0881204,82.12,2,1,1,有,有,2000000,24355,,0.0,0,,RPOOMLPLPHNFFAT17CA
屏東巿,房地(土地+建物),屏東縣屏東市自立南路121~150號,6.01,住,,,1070710,土地1建物1車位0,四層,八層,華廈(10層含以下有電梯),住家用,鋼筋混凝土造,0850523,37.4,1,0,1,有,有,960000,25668,,0.0,0,,RPRPMLOLPHNFFAT47CA
屏東巿,房地(土地+建物),屏東縣屏東市自由路721~750號,4.44,住,,,1070707,土地1建物1車位0,十二層,十二層,住宅大樓(11層含以上有電梯),住家用,鋼筋混凝土造,0841109,35.26,1,0,1,有,無,460000,13046,,0.0,0,,RPQOMLPLPHNFFAT37CA
萬丹鄉,土地,萬興段301~330地號,654.0,,特定農業區,農牧用地,1070718,土地1建物0車位0,,,其他,,,,0.0,0,0,0,有,無,4158000,6358,,0.0,0,,RPOOMLQLPHNFFAT27CA
屏東巿,房地(土地+建物),屏東縣屏東市復興南路一段66巷16弄1~30號,137.0,住,,,1070707,土地1建物1車位0,全,二層,透天厝,住家用,鋼筋混凝土加強磚造,0650713,84.72,3,2,2,有,無,2800000,33050,,0.0,0,,RPRNMLKMPHNFFAT96CA
屏東巿,土地,建國段331~360地號,0.94,其他,,,1070613,土地1建物0車位0,,,其他,,,,0.0,0,0,0,有,無,34824,0,,0.0,0,(包含)公共設施保留地之交易。;,RPWNMLQLPHNFFAT97CA
萬丹鄉,土地,竹林段811~840地號,2010.63,,特定農業區,農牧用地,1070613,土地1建物0車位0,,,其他,,,,0.0,0,0,0,有,無,7460000,3710,,0.0,0,,RPVNMLRLPHNFFAT97CA
麟洛鄉,土地,麟忠段541~570地號,2039.86,,一般農業區,農牧用地,1070606,土地3建物0車位0,,,其他,,,,0.0,0,0,0,有,無,10000000,4902,,0.0,0,,RPXNMLRLPHNFFAT18CA
屏東巿,房地(土地+建物),屏東縣屏東市莊敬街一段151~180號,20.94,住,,,1070710,土地1建物1車位0,三層,七層,華廈(10層含以下有電梯),住宅,鋼筋混凝土造,0870108,133.44,3,2,2,有,無,3420000,25629,,0.0,0,,RPSOMLQKQHNFFAT67CA
萬丹鄉,房地(土地+建物),屏東縣萬丹鄉保惠街286巷31~60號,74.0,住,,,1070706,土地1建物1車位0,全,二層,透天厝,住家用,加強磚造,0690712,91.2,2,2,2,有,無,2100000,23026,,0.0,0,,RPUOMLRJQHNFFAT87CA
屏東巿,房地(土地+建物),屏東縣屏東市莊敬街一段146巷1~30號,138.0,住,,,1070518,土地2建物1車位0,全,二層,透天厝,住家用,加強磚造,0680108,118.48,4,2,2,有,無,4500000,37981,,0.0,0,,RPVOMLSJQHNFFAT08CA
里港鄉,房地(土地+建物),屏東縣里港鄉載興路91~120號,117.0,,鄉村區,乙種建築用地,1070703,土地1建物1車位0,全,三層,透天厝,店舖、住宅,鋼筋混凝土造,0820109,176.98,4,2,3,有,無,2100000,11866,,0.0,0,,RPPNMLRLPHNFFBT47CA
內埔鄉,房地(土地+建物),屏東縣內埔鄉南山路61~90號,5.54,,鄉村區,乙種建築用地,1070706,土地1建物1車位0,五層,六層,華廈(10層含以下有電梯),見使用執照,鋼筋混凝土造,0930712,19.59,1,0,1,有,有,390000,19908,,0.0,0,,RPVNMLPLPHNFFCT97CA
高樹鄉,土地,原田子段661~690地號,233.18,,鄉村區,乙種建築用地,1070705,土地1建物0車位0,,,其他,,,,0.0,0,0,0,有,無,1390000,5961,,0.0,0,,RPQNMLMJQHNFFBT96CA
高樹鄉,土地,興中段1021~1050地號,5147.0,農,,,1070611,土地1建物0車位0,,,其他,,,,0.0,0,0,0,有,無,3500000,680,,0.0,0,,RPRNMLMJQHNFFBT07CA
內埔鄉,土地,北寧段721~750地號,818.85,住,,,1070503,土地4建物0車位0,,,其他,,,,0.0,0,0,0,有,無,15800000,19295,,0.0,0,,RPOOMLKKQHNFFCT86CA
潮州鎮,房地(土地+建物),屏東縣潮州鎮延平路181~210號,107.58,住,,,1070628,土地1建物1車位0,全,五層,透天厝,住商用,鋼筋混凝土造,0830111,374.2,4,2,3,有,無,16000000,42758,,0.0,0,,RPTOMLKKQHNFFCT37CA
新埤鄉,土地,新力段241~270地號,1000.0,,特定農業區,農牧用地,1070630,土地1建物0車位0,,,其他,,,,0.0,0,0,0,有,無,1060000,1060,,0.0,0,,RPQNMLSJQHNFFCT67CA
內埔鄉,房地(土地+建物),屏東縣內埔鄉學人路241~270號,8.06,,鄉村區,乙種建築用地,1070423,土地1建物1車位0,五層,六層,套房(1房1廳1衛),住家用,鋼筋混凝土造,0840710,28.259999999999998,1,1,1,有,有,350000,12385,,0.0,0,,RPWNMLKMPHNFFCT67CA
竹田鄉,土地,南勢段一小段121~150地號,133.97,,特定農業區,甲種建築用地,1070711,土地1建物0車位0,,,其他,,,,0.0,0,0,0,有,無,283500,2116,,0.0,0,,RPSNMLLJQHNFFCT17CA
潮州鎮,土地,崙潮段151~180地號,290.21,,鄉村區,乙種建築用地,1070614,土地2建物0車位0,,,其他,,,,0.0,0,0,0,有,無,900000,3101,,0.0,0,,RPQNMLMJQHNFFCT07CA
東港鎮,土地,東新段1231~1260地號,291.74,住,,,1070517,土地1建物0車位0,,,其他,,,,0.0,0,0,0,有,無,12800000,43875,,0.0,0,,RPOOMLQLPHNFFDT57CA
萬巒鄉,房地(土地+建物),屏東縣萬巒鄉富興路31~60號,86.24,,鄉村區,乙種建築用地,1070710,土地2建物1車位0,全,三層,透天厝,住家用,鋼筋混凝土造,0850111,111.82,4,1,2,有,無,1850000,16544,,0.0,0,,RPPNMLOLQHNFFCT37CA
琉球鄉,土地,相埔段121~150地號,171.42,農,,,1070625,土地2建物0車位0,,,其他,,,,0.0,0,0,0,有,無,2763000,16118,,0.0,0,,RPVNMLRLPHNFFDT28CA
琉球鄉,土地,白沙段271~300地號,24.2,商,,,1070703,土地1建物0車位0,,,其他,,,,0.0,0,0,0,有,無,515900,21318,,0.0,0,,RPWNMLRLPHNFFDT38CA
東港鎮,土地,大潭新庄段1~30地號,17964.92,,一般農業區,農牧用地,1070703,土地4建物0車位0,,,其他,,,,0.0,0,0,0,有,無,27782000,1546,,0.0,0,,RPXNMLOKQHNFFDT18CA
琉球鄉,土地,相埔段631~660地號,189.18,住,,,1070414,土地1建物0車位0,,,其他,,,,0.0,0,0,0,有,無,2289000,12100,,0.0,0,,RPPNMLLJQHNFFDT96CA
林邊鄉,土地,復興段31~60地號,283.5,,鄉村區,乙種建築用地,1070613,土地1建物0車位0,,,其他,,,,0.0,0,0,0,有,無,1250000,4409,,0.0,0,,RPWNMLMJQHNFFDT77CA
枋寮鄉,房地(土地+建物),屏東縣枋寮鄉隆興路218巷31~60號,131.73,住,,,1070619,土地2建物1車位0,全,二層,透天厝,住家用,鋼筋混凝土造,0990625,149.61,3,2,3,有,無,5000000,33420,,0.0,0,,RPQNMLLJQHNFFFT27CA
屏東巿,房地(土地+建物),屏東縣屏東市自由路7291~7320號,5.26,住,,,1070718,土地1建物1車位0,十層,十二層,套房(1房1廳1衛),住家用,鋼筋混凝土造,0841109,41.870000000000005,1,0,1,有,有,1150000,27466,,0.0,0,,RPXNMLKMPHNFFAT67DA
內埔鄉,土地,龍潭段811~840地號,25.8,住,,,1070706,土地2建物0車位0,,,其他,,,,0.0,0,0,0,有,無,732462,28390,,0.0,0,,RPPOMLQJQHNFFCT57DA
獅子鄉,土地,竹坑段121~150地號,23180.0,,山坡地保育區,林業用地,1070716,土地2建物0車位0,,,其他,,,,0.0,0,0,0,有,無,100000,4,,0.0,0,親友、員工或其他特殊關係間之交易。;,RPSNMLQLPHNFFFT28EA
新園鄉,房地(土地+建物),屏東縣新園鄉鹽埔村聖心路181~210號,120.26,住,,,1070628,土地1建物1車位0,全,三層,透天厝,住宅,見其他登記事項,1070118,165.15,4,2,4,有,無,8750000,52982,,0.0,0,,RPPNMLNJPHNFFDT37CD
內埔鄉,土地,廣濟段661~690地號,751.76,,一般農業區,農牧用地,1070404,土地3建物0車位0,,,其他,,,,0.0,0,0,0,有,無,1000000,1330,,0.0,0,,RPQNMLKMPHNFFCT17DA
枋寮鄉,土地,內寮村段721~750地號,866.06,,,,1070716,土地1建物0車位0,,,其他,,,,0.0,0,0,0,有,無,821470,949,,0.0,0,親友、員工或其他特殊關係間之交易。;,RPRNMLRLPHNFFFT18DA
恆春鎮,土地,山腳段121~150地號,243.0,農,,,1070713,土地2建物0車位0,,,其他,,,,0.0,0,0,0,有,無,1000000,4115,,0.0,0,,RPPNMLRLPHNFFET87DA
枋山鄉,房地(土地+建物),屏東縣枋山鄉加祿91~120號,86.57,,鄉村區,乙種建築用地,1070516,土地1建物1車位0,全,二層,透天厝,住宅,加強磚造,0680804,96.9,3,2,2,有,無,401023,4139,,0.0,0,親友、員工或其他特殊關係間之交易。;,RPTNMLQLPHNFFFT28DA
恆春鎮,土地,龍泉水段31~60地號,408.0,,國家公園區,,1070525,土地1建物0車位0,,,其他,,,,0.0,0,0,0,有,無,14810000,36299,,0.0,0,,RPPNMLRJQHNFFET67CA
恆春鎮,土地,龍泉水段31~60地號,424.0,,國家公園區,,1070525,土地1建物0車位0,,,其他,,,,0.0,0,0,0,有,無,15400000,36321,,0.0,0,,RPQNMLRJQHNFFET77CA
恆春鎮,土地,龍泉水段31~60地號,403.0,,國家公園區,,1070522,土地1建物0車位0,,,其他,,,,0.0,0,0,0,有,無,14620000,36278,,0.0,0,,RPRNMLRJQHNFFET87CA
枋寮鄉,土地,新開村段811~840地號,89.21,,一般農業區,甲種建築用地,1070718,土地1建物0車位0,,,其他,,,,0.0,0,0,0,有,無,500000,5605,,0.0,0,含增建或未登記建物。,RPPNMLKMPHNFFFT27CA
枋寮鄉,房地(土地+建物),屏東縣枋寮鄉太源路31~60號,72.8,,鄉村區,乙種建築用地,1070706,土地1建物1車位0,全,三層,透天厝,住家用,鋼筋混凝土造,0831101,134.8,4,2,2,有,無,2200000,16320,,0.0,0,,RPPNMLLMPHNFFFT37CA
佳冬鄉,房地(土地+建物),屏東縣佳冬鄉啟南路31~60號,90.47,商,,,1070520,土地2建物1車位0,全,三層,透天厝,住家用,鋼筋混凝土造,0891103,197.52,4,2,3,有,無,1200000,6075,,0.0,0,,RPRNMLLMPHNFFFT57CA
崁頂鄉,房地(土地+建物),屏東縣崁頂鄉力社路31~60號,76.25,,鄉村區,乙種建築用地,1070511,土地1建物1車位0,全,四層,透天厝,見其他登記事項,鋼筋混凝土造,0830517,179.76,4,1,3,有,無,3500000,19470,,0.0,0,,RPQNMLKKQHNFFDT07CA
恆春鎮,房地(土地+建物),屏東縣恆春鎮復興路112巷11弄1~30號,24.82,住,,,1070625,土地1建物1車位0,六層,七層,華廈(10層含以下有電梯),住家用,鋼筋混凝土造,0830928,133.07,3,2,2,有,無,3980000,29909,,0.0,0,,RPTNMLRLPHNFFET18CA
林邊鄉,土地,銀放索段61~90地號,2965.55,,一般農業區,養殖用地,1070611,土地1建物0車位0,,,其他,,,,0.0,0,0,0,有,無,1156890,390,,0.0,0,,RPROMLOKQHNFFDT67CA
東港鎮,房地(土地+建物),屏東縣東港鎮沿海五路241~270號,125.56,住,,,1070711,土地4建物1車位0,全,四層,透天厝,住宅,鋼筋混凝土造,0920925,206.12,5,1,3,有,無,9880000,47933,,0.0,0,,RPPNMLRLPHNFFDT67CA
林邊鄉,房地(土地+建物),屏東縣林邊鄉仁和路121~150號,12.24,住,,,1070601,土地1建物1車位0,十四層,十四層,住宅大樓(11層含以上有電梯),住宅,鋼筋混凝土造,0840808,87.01,3,1,2,有,有,1680000,19308,,0.0,0,,RPWNMLLMPHNFFDT87CA
東港鎮,土地,東新段1171~1200地號,228.41,住,,,1070628,土地1建物0車位0,,,其他,,,,0.0,0,0,0,有,無,5527500,24200,,0.0,0,,RPUNMLKMPHNFFDT57CA
內埔鄉,土地,早角段601~630地號,3926.43,,一般農業區,農牧用地,1070511,土地1建物0車位0,,,其他,,,,0.0,0,0,0,有,無,5800000,1477,,0.0,0,,RPTOMLKMPHNFFCT47CA
內埔鄉,房地(土地+建物),屏東縣內埔鄉康寧路211~240號,77.67,住,,,1070612,土地2建物1車位0,全,二層,透天厝,住商用,加強磚造,0670417,108.8,3,2,3,有,無,1850000,17004,,0.0,0,,RPUOMLKMPHNFFCT57CA
內埔鄉,房地(土地+建物),屏東縣內埔鄉南豐路1~30號,75.46,,鄉村區,乙種建築用地,1070617,土地1建物1車位0,全,三層,透天厝,住家用,鋼筋混凝土造,0830713,132.22,5,2,3,有,無,1650000,12479,,0.0,0,,RPUNMLLMPHNFFCT57CA
內埔鄉,土地,頭鏢段1~30地號,4315.0,,一般農業區,農牧用地,1070526,土地4建物0車位0,,,其他,,,,0.0,0,0,0,有,無,7750000,1796,,0.0,0,,RPVNMLLMPHNFFCT67CA
內埔鄉,房地(土地+建物),屏東縣內埔鄉壽比路271~300號,86.44,,鄉村區,乙種建築用地,1070621,土地1建物1車位0,全,二層,透天厝,住商用,加強磚造,0750128,99.72,0,0,2,無,無,3050000,30586,,0.0,0,,RPWNMLLMPHNFFCT77CA
內埔鄉,房地(土地+建物)+車位,屏東縣內埔鄉永光路1~30號,16.88,住,,,1070616,土地1建物1車位1,八層,九層,華廈(10層含以下有電梯),住家用,鋼筋混凝土造,0830207,122.07000000000001,3,2,2,有,有,2280000,18678,坡道平面,0.0,0,,RPUNMLKMPHNFFCT47CA
潮州鎮,房地(土地+建物),屏東縣潮州鎮吉星路102巷1~30號,22.37,住,,,1070625,土地1建物1車位0,七層,七層,華廈(10層含以下有電梯),住家用,鋼筋混凝土造,0821208,110.28999999999999,3,1,2,有,無,2400000,21761,,0.0,0,,RPOOMLNKQHNFFCT17CA
里港鄉,房地(土地+建物),屏東縣里港鄉玉田路1~30號,79.0,住,,,1070715,土地1建物1車位0,全,三層,透天厝,住宅,鋼筋混凝土造,0840621,120.46,4,2,3,有,無,4160000,34534,,0.0,0,,RPSNMLMJQHNFFBT17CA
萬巒鄉,土地,萬金段331~360地號,109.13,,一般農業區,農牧用地,1070709,土地1建物0車位0,,,其他,,,,0.0,0,0,0,有,無,660000,6048,,0.0,0,供通路使用,RPSNMLRLPHNFFCT87CA
潮州鎮,房地(土地+建物),屏東縣潮州鎮海康街241~270號,170.0,住,,,1070706,土地1建物1車位0,全,二層,透天厝,住家用,加強磚造,0780302,191.25,4,2,3,有,無,6800000,35556,,0.0,0,,RPPNMLKMPHNFFCT96CA
高樹鄉,土地,東振新段211~240地號,780.84,,一般農業區,農牧用地,1070713,土地3建物0車位0,,,其他,,,,0.0,0,0,0,有,無,344175,441,,0.0,0,親友、員工或其他特殊關係間之交易。;,RPPNMLMJQHNFFBT86CA
fa72埔鄉,土地,新莊段1021~1050地號,2849.28,,一般農業區,農牧用地,1070419,土地2建物0車位0,,,其他,,,,0.0,0,0,0,有,無,4500000,1579,,0.0,0,,RPSNMLLMPHNFFBT27CA
長治鄉,土地,永興段631~660地號,51.67,農,,,1070703,土地1建物0車位0,,,其他,,,,0.0,0,0,0,有,無,150000,2903,,0.0,0,共用通行使用,RPWNMLSJQHNFFAT08CA
屏東巿,房地(土地+建物),屏東縣屏東市廣東路172巷1~30號,24.5,住,,,1070623,土地1建物1車位0,三層,五層,公寓(5樓含以下無電梯),住家用,鋼筋混凝土造,0711128,55.129999999999995,2,1,1,有,無,2250000,40813,,0.0,0,,RPOOMLRLPHNFFAT37CA
萬丹鄉,土地,甘棠門段一小段61~90地號,3240.83,,特定農業區,農牧用地,1070713,土地2建物0車位0,,,其他,,,,0.0,0,0,0,有,無,6270000,1935,,0.0,0,,RPXNMLQLPHNFFAT08CA
屏東巿,房地(土地+建物),屏東縣屏東市忠孝路241~270號,113.0,住,,,1070604,土地2建物1車位0,全,五層,透天厝,住商用,鋼筋混凝土造,0830810,363.53,11,2,7,有,無,8900000,24482,,0.0,0,,RPVNMLKMPHNFFAT37CA
萬丹鄉,房地(土地+建物),屏東縣萬丹鄉灣內路151巷1~30號,281.0,,鄉村區,乙種建築用地,1070619,土地2建物1車位0,全,二層,透天厝,住家用,加強磚造,0730228,91.56,3,2,2,有,無,1100000,12014,,0.0,0,,RPROMLKMPHNFFAT07CA
長治鄉,土地,崑崙段961~990地號,54.22,住,,,1070709,土地2建物0車位0,,,其他,,,,0.0,0,0,0,有,無,2100000,38731,,0.0,0,,RPTOMLKMPHNFFAT27CA
萬丹鄉,土地,萬安段871~900地號,509.0,住,,,1070627,土地2建物0車位0,,,其他,,,,0.0,0,0,0,有,無,15397000,30250,,0.0,0,,RPRNMLRLPHNFFAT57CA
屏東巿,房地(土地+建物)+車位,屏東縣屏東市機場北路451~480號,8.7,住,,,1070713,土地1建物1車位1,十一層,十四層,住宅大樓(11層含以上有電梯),見其他登記事項,鋼筋混凝土造,0881204,85.55,2,1,1,有,有,2300000,26885,坡道平面,24.0,0,,RPTNMLRLPHNFFAT77CA
屏東巿,房地(土地+建物),屏東縣屏東市民生東路56巷6弄1~30號,21.66,住,,,1070704,土地1建物1車位0,五層,六層,華廈(10層含以下有電梯),住家用,鋼筋混凝土造,0830516,109.39,3,1,2,有,無,3300000,30167,,0.0,0,,RPUNMLRLPHNFFAT87CA
屏東巿,房地(土地+建物)+車位,屏東縣屏東市和生路一段61~90號,13.62,住,,,1070621,土地1建物1車位1,十二層,十三層,住宅大樓(11層含以上有電梯),見其他登記事項,鋼筋混凝土造,0900118,139.54000000000002,3,1,2,有,有,3470000,24867,坡道平面,22.99,0,,RPUOMLLMPHNFFAT47CA
屏東巿,房地(土地+建物),屏東縣屏東市博愛路241~270號,29.76,住,,,1070629,土地6建物1車位0,三層,五層,公寓(5樓含以下無電梯),見其他登記事項,鋼筋混凝土造,0710227,90.84,3,1,2,有,無,3000000,33025,,0.0,0,,RPPOMLLMPHNFFAT96CA
萬丹鄉,房地(土地+建物),屏東縣萬丹鄉西勢尾街160巷1~30號,99.79,,特定農業區,甲種建築用地,1070705,土地3建物1車位0,全,三層,透天厝,住宅,鋼筋混凝土造,0840628,145.35,3,2,3,有,無,1600000,11008,,0.0,0,,RPQNMLLJQHNFFAT76CA
九如鄉,土地,九如段1261~1290地號,315.0,,鄉村區,乙種建築用地,1070528,土地1建物0車位0,,,其他,,,,0.0,0,0,0,有,無,1732500,5500,,0.0,0,親友、員工或其他特殊關係間之交易。;土地增值稅156382元由買受人繳納,RPQOMLLMPHNFFAT07CA
九如鄉,土地,九如段1261~1290地號,315.0,,鄉村區,乙種建築用地,1070528,土地1建物0車位0,,,其他,,,,0.0,0,0,0,有,無,1732500,5500,,0.0,0,親友、員工或其他特殊關係間之交易。;土地增值稅156382元由買受人繳納。該土地上未辦保存登記建物房屋現值238600元未計入土地交易總價中。,RPROMLLMPHNFFAT17CA
萬丹鄉,房地(土地+建物),屏東縣萬丹鄉中興路二段421~450號,147.0,商,,,1070502,土地1建物1車位0,全,三層,透天厝,住商用,鋼筋混凝土造,0820810,275.6,4,3,1,有,無,5100000,18505,,0.0,0,,RPSOMLLMPHNFFAT27CA
長治鄉,土地,進興段691~720地號,977.88,,一般農業區,農牧用地,1070719,土地1建物0車位0,,,其他,,,,0.0,0,0,0,有,無,977883,1000,,0.0,0,,RPPNMLQJQHNFFAT17CA
萬丹鄉,土地,新社皮段241~270地號,912.73,,鄉村區,乙種建築用地,1070717,土地2建物0車位0,,,其他,,,,0.0,0,0,0,有,無,16320000,17880,,0.0,0,,RPRNMLRJQHNFFAT47CA
長治鄉,房地(土地+建物),屏東縣長治鄉新源街85巷1~30號,103.81,住,,,1070505,土地1建物1車位0,全,三層,透天厝,住家用,鋼筋混凝土造,1070212,182.63,5,2,4,有,無,8800000,48185,,0.0,0,,RPXNMLRJQHNFFAT08CA
長治鄉,土地,潭頭段451~480地號,62.08,住,,,1070627,土地1建物0車位0,,,其他,,,,0.0,0,0,0,有,無,2100000,33827,,0.0,0,,RPOOMLRJQHNFFAT27CA
屏東巿,房地(土地+建物)+車位,屏東縣屏東市機場北路421~450號,22.54,住,,,1070621,土地1建物1車位1,十一層,十四層,住宅大樓(11層含以上有電梯),見其他登記事項,鋼筋混凝土造,0881204,181.82,3,2,2,有,有,4500000,24750,坡道平面,0.0,0,,RPPOMLRJQHNFFAT37CA
屏東巿,房地(土地+建物),屏東縣屏東市大同北路211~240號,27.41,住,,,1070627,土地1建物1車位0,一層，二層，三層,九層,華廈(10層含以下有電梯),見其他登記事項,鋼筋混凝土造,0840613,143.7,3,1,2,有,有,3400000,23660,,0.0,0,,RPRNMLLMPHNFFAT07CA
長治鄉,房地(土地+建物),屏東縣長治鄉新生街37巷1弄1~30號,129.0,住,,,1070705,土地1建物1車位0,全,三層,透天厝,住家用,鋼筋混凝土造,0950126,255.15,4,1,4,有,無,9500000,37233,,0.0,0,,RPPNMLKMPHNFFAT76CA
屏東巿,房地(土地+建物),屏東縣屏東市崇明三街31~60號,79.0,住,,,1070710,土地1建物1車位0,全,二層,透天厝,住家用,鋼筋混凝土造,0700220,87.54,3,2,2,有,無,1483300,16944,,0.0,0,,RPPOMLSJQHNFFAT47CA
麟洛鄉,土地,麟孝段811~840地號,100.03,住,,,1070716,土地1建物0車位0,,,其他,,,,0.0,0,0,0,有,無,600000,5998,,0.0,0,,RPTNMLTJQHNFFAT87CA
屏東巿,房地(土地+建物),屏東縣屏東市中華路335巷1~30號,150.0,住,,,1070622,土地1建物1車位0,全,二層,透天厝,住商用,加強磚造,0700120,139.72,4,3,2,有,無,3621000,25916,,0.0,0,,RPWNMLKKQHNFFAT37CA
屏東巿,房地(土地+建物),屏東縣屏東市徐州路154巷1~30號,32.5,住,,,1070706,土地1建物1車位0,全,三層,透天厝,住家用,鋼筋混凝土造,0720530,46.56,4,2,3,有,無,1000000,21478,,0.0,0,,RPXNMLKKQHNFFAT47CA
萬丹鄉,土地,萬全段121~150地號,190.0,住,,,1070713,土地1建物0車位0,,,其他,,,,0.0,0,0,0,有,無,5195680,27346,,0.0,0,,RPPPMLNKQHNFFAT17CA
里港鄉,土地,磚仔地段91~120地號,303.06,,一般農業區,農牧用地,1070629,土地1建物0車位0,,,其他,,,,0.0,0,0,0,有,無,1200000,3960,,0.0,0,親友、員工或其他特殊關係間之交易。;,RPQNMLKMPHNFFBT96CA
內埔鄉,房地(土地+建物),屏東縣內埔鄉福寧路1~30號,80.14,住,,,1070629,土地1建物1車位0,全,三層,透天厝,住家用,鋼筋混凝土造,0820731,150.45,4,2,3,有,無,4200000,27916,,0.0,0,,RPSNMLKMPHNFFCT27CA
潮州鎮,土地,崙新段1081~1110地號,4588.27,,一般農業區,農牧用地,1070608,土地1建物0車位0,,,其他,,,,0.0,0,0,0,有,無,8000000,1744,,0.0,0,,RPUNMLOKQHNFFCT77CA
竹田鄉,房地(土地+建物),屏東縣竹田鄉永豐路61~90號,64.66,,特定農業區,甲種建築用地,1070613,土地1建物1車位0,全,四層,透天厝,住家用,鋼筋混凝土造,0830421,124.96,3,2,3,有,無,2250000,18006,,0.0,0,,RPXNMLLLQHNFFCT87CA
潮州鎮,土地,大同段841~870地號,44.06,,一般農業區,農牧用地,1070719,土地1建物0車位0,,,其他,,,,0.0,0,0,0,有,無,95000,2156,,0.0,0,,RPVNMLKMPHNFFCT57CA
潮州鎮,房地(土地+建物),屏東縣潮州鎮文化路121~150號,84.0,住,,,1070707,土地1建物1車位0,全,四層,透天厝,住商用,鋼筋混凝土造,0810424,225.97,5,2,4,有,無,10010000,44298,,0.0,0,,RPOOMLNJQHNFFCT07CA
潮州鎮,房地(土地+建物),屏東縣潮州鎮光華路91~120號,100.85,住,,,1070620,土地1建物1車位0,全,三層,透天厝,見其他登記事項,見其他登記事項,0960123,183.6,4,2,3,有,無,8500000,46296,,0.0,0,,RPWNMLRJQHNFFCT18CA
潮州鎮,房地(土地+建物),屏東縣潮州鎮太平路24巷1~30號,20.58,商,,,1070713,土地1建物1車位0,全,二層,透天厝,住宅,加強磚造,0580620,38.0,1,1,1,有,無,400000,10526,,0.0,0,,RPRNMLMJQHNFFCT17CA
潮州鎮,房地(土地+建物),屏東縣潮州鎮太平路24巷1~30號,20.49,商,,,1070713,土地1建物1車位0,全,二層,透天厝,住宅,加強磚造,0580530,38.0,1,1,1,有,無,400000,10526,,0.0,0,,SPRNMLMJQHNFFCT27CA
東港鎮,房地(土地+建物),屏東縣東港鎮興東三街31~60號,83.96,住,,,1070713,土地1建物1車位0,全,四層,透天厝,見其他登記事項,鋼筋混凝土造,0881117,204.12,5,1,4,有,無,7300000,35763,,0.0,0,,RPRNMLKMPHNFFDT27CA
新園鄉,土地,鹽埔段871~900地號,5.47,住,,,1070705,土地1建物0車位0,,,其他,,,,0.0,0,0,0,有,無,106829,19530,,0.0,0,,RPRNMLLMPHNFFDT37CA
內埔鄉,房地(土地+建物),屏東縣內埔鄉東寧路451~480號,98.77,住,,,1070707,土地4建物1車位0,全,二層,透天厝,住家用,鋼筋混凝土造,0771202,113.44,3,2,2,有,無,3900000,34379,,0.0,0,,RPOOMLMLQHNFFCT17CA
崁頂鄉,土地,頂愛段421~450地號,1143.9,,一般農業區,農牧用地,1070702,土地1建物0車位0,,,其他,,,,0.0,0,0,0,有,無,4100000,3584,,0.0,0,,RPUNMLNJQHNFFDT67CA
東港鎮,房地(土地+建物)+車位,屏東縣東港鎮明禮路31~60號,19.22,住,,,1070628,土地1建物1車位1,七層,八層,華廈(10層含以下有電梯),住宅,鋼筋混凝土造,0830415,114.09,3,1,2,有,有,3620000,31729,升降機械,0.0,0,,RPQNMLRJQHNFFDT67CA
東港鎮,房地(土地+建物),屏東縣東港鎮興漁街151~180號,62.0,住,,,1070619,土地1建物1車位0,全,二層,透天厝,店舖、住宅,加強磚造,0660811,96.0,5,1,4,有,無,5380000,56042,,0.0,0,,RPUNMLMJQHNFFDT57CA
牡丹鄉,土地,旭海段1~30地號,68.0,,山坡地保育區,丙種建築用地,1070713,土地1建物0車位0,,,其他,,,,0.0,0,0,0,有,無,50000,735,,0.0,0,急買急賣。;瑕疵物件之交易。;承買人負擔相關稅費,RPPNMLKMPHNFFET17CA
牡丹鄉,土地,旭海段1~30地號,141.0,,山坡地保育區,丙種建築用地,1070713,土地1建物0車位0,,,其他,,,,0.0,0,0,0,有,無,420000,2979,,0.0,0,急買急賣。;,RPSNMLKMPHNFFET47CA
恆春鎮,房地(土地+建物),屏東縣恆春鎮?公路961~990號,4.7,住,,,1070713,土地1建物1車位0,十層,十二層,套房(1房1廳1衛),住家用,鋼筋混凝土造,0841116,37.910000000000004,1,1,1,有,無,1050000,27697,,0.0,0,,RPSNMLRLPHNFFET08CA
枋寮鄉,房地(土地+建物),屏東縣枋寮鄉工業六街151~180號,86.0,,工業區,丁種建築用地,1070627,土地1建物1車位0,全,三層,透天厝,住商用,鋼筋混凝土造,0811208,158.76,4,2,3,有,無,1900000,11968,,0.0,0,,RPTNMLNJQHNFFFT77CA
屏東巿,房地(土地+建物)+車位,屏東縣屏東市太原一路61~90號,24.92,住,,,1070605,土地1建物1車位1,六層,七層,華廈(10層含以下有電梯),見其他登記事項,鋼筋混凝土造,0880120,132.35,3,2,2,有,無,3900000,29467,一樓平面,17.25,0,,RPXOMLLMPHNFFAT87DA
屏東巿,房地(土地+建物)+車位,屏東縣屏東市機場北路481~510號,18.72,住,,,1070614,土地1建物1車位1,十層,十六層,住宅大樓(11層含以上有電梯),見其他登記事項,鋼筋混凝土造,0890202,163.48000000000002,2,2,1,有,有,5610000,37774,坡道平面,30.85,600000,,RPSNMLKMPHNFFAT17DA
潮州鎮,房地(土地+建物),屏東縣潮州鎮光華路61~90號,98.65,住,,,1070717,土地1建物1車位0,全,一層,透天厝,住家用,磚造,0500201,77.7,2,1,1,有,無,1624030,20901,,0.0,0,,RPTNMLLMPHNFFCT57DA
長治鄉,土地,長豐段211~240地號,318.08,農,,,1070724,土地1建物0車位0,,,其他,,,,0.0,0,0,0,有,無,763392,2400,,0.0,0,,RPSNMLLJQHNFFAT07DA
長治鄉,土地,新潭段331~360地號,23.11,,一般農業區,交通用地,1070718,土地1建物0車位0,,,其他,,,,0.0,0,0,0,有,無,220932,9560,,0.0,0,,RPQNMLLMPHNFFAT07DA
屏東巿,房地(土地+建物),屏東縣屏東市民富街153巷2弄1~30號,72.0,住,,,1070627,土地1建物1車位0,全,二層,透天厝,住家用,加強磚造,0760428,101.32,3,1,2,有,無,3850000,37998,,0.0,0,,RPSNMLLMPHNFFAT27DA
佳冬鄉,房地(土地+建物),屏東縣佳冬鄉溝渚路8巷1~30號,139.99,住,,,1070415,土地4建物1車位0,全,三層,透天厝,住家用,鋼筋混凝土造,1061110,189.28,4,2,4,有,無,6750000,35661,,0.0,0,,RPPNMLQKQHNFFFT77CA
內埔鄉,房地(土地+建物),屏東縣內埔鄉學人路241~270號,8.06,,鄉村區,乙種建築用地,1070713,土地1建物1車位0,一層,六層,套房(1房1廳1衛),住家用,鋼筋混凝土造,0840710,28.259999999999998,1,1,1,有,有,370000,13093,,0.0,0,,RPVNMLRJQHNFFCT18DA
里港鄉,土地,潮北段481~510地號,239.0,住,,,1070716,土地4建物0車位0,,,其他,,,,0.0,0,0,0,有,無,1160000,4854,,0.0,0,,RPPNMLLMPHNFFBT07DA
高樹鄉,土地,東振新段1861~1890地號,4885.0,,一般農業區,農牧用地,1070625,土地2建物0車位0,,,其他,,,,0.0,0,0,0,有,無,2769800,567,,0.0,0,,RPQNMLLMPHNFFBT17DA
里港鄉,土地,武洛段301~330地號,48.25,,鄉村區,乙種建築用地,1070709,土地2建物0車位0,,,其他,,,,0.0,0,0,0,有,無,197000,4083,,0.0,0,向政府機關承購之案件。;,RPPNMLLJQHNFFBT86DA
琉球鄉,土地,天台段781~810地號,77.3,住,,,1070702,土地2建物0車位0,,,其他,,,,0.0,0,0,0,有,無,2630000,34023,,0.0,0,,RPWNMLRKQHNFFDT38CA
新園鄉,土地,五房段301~330地號,479.83,,一般農業區,農牧用地,1070716,土地6建物0車位0,,,其他,,,,0.0,0,0,0,有,無,830000,1730,,0.0,0,,RPWNMLKMPHNFFDT77CA
東港鎮,土地,建安段961~990地號,117.0,,鄉村區,乙種建築用地,1070705,土地4建物0車位0,,,其他,,,,0.0,0,0,0,有,無,1800000,15385,,0.0,0,,RPPNMLLMPHNFFDT17CA
內埔鄉,土地,佳山段31~60地號,320.22,,山坡地保育區,農牧用地,1070710,土地1建物0車位0,,,其他,,,,0.0,0,0,0,有,無,300000,937,,0.0,0,親友、員工或其他特殊關係間之交易。;約定賣方需處理通行道路3米寬若沒處理則需補償新台幣10萬元給買方,RPPNMLNJQHNFFCT07CA
潮州鎮,土地,五魁寮段一小段181~210地號,563.0,住,,,1070702,土地1建物0車位0,,,其他,,,,0.0,0,0,0,有,無,16170000,28721,,0.0,0,,RPTNMLLJQHNFFCT27CA
內埔鄉,房地(土地+建物),屏東縣內埔鄉瑞華路35巷1~30號,90.89,住,,,1070622,土地3建物1車位0,全,四層,透天厝,住宅,鋼筋混凝土造,0840718,181.06,4,2,4,有,無,3620000,19993,,0.0,0,,RPUNMLLJQHNFFCT37CA
內埔鄉,房地(土地+建物),屏東縣內埔鄉學興路12巷1~30號,92.41,住,,,1070702,土地1建物1車位0,全,四層,透天厝,見其他登記事項,鋼筋混凝土造,0840306,162.48,6,3,3,有,無,3500000,21541,,0.0,0,,RPXNMLLMPHNFFCT87CA
萬巒鄉,土地,德勝段721~750地號,4360.04,,一般農業區,農牧用地,1070626,土地1建物0車位0,,,其他,,,,0.0,0,0,0,有,無,2180020,500,,0.0,0,,RPQNMLLMPHNFFCT17CA
潮州鎮,房地(土地+建物),屏東縣潮州鎮朝昇1巷1~30號,55.29,住,,,1070711,土地2建物1車位0,全,二層,透天厝,住家用,鋼筋混凝土加強磚造,0580731,84.0,2,1,1,有,無,700000,8333,,0.0,0,,RPPNMLSJQHNFFCT57CA
里港鄉,土地,塔樓段151~180地號,151.0,,一般農業區,農牧用地,1070615,土地1建物0車位0,,,其他,,,,0.0,0,0,0,有,無,550000,3642,,0.0,0,,RPQNMLNKQHNFFBT17CA
新埤鄉,土地,南岸段91~120地號,1616.67,,一般農業區,農牧用地,1070711,土地1建物0車位0,,,其他,,,,0.0,0,0,0,有,無,1000000,619,,0.0,0,親友、員工或其他特殊關係間之交易。;無通路,RPXNMLTJQHNFFCT48CA
高樹鄉,土地,原田子段271~300地號,374.76,,一般農業區,農牧用地,1070723,土地1建物0車位0,,,其他,,,,0.0,0,0,0,有,無,2300000,6137,,0.0,0,,RPQNMLLJQHNFFBT86CA
萬丹鄉,土地,萬全段151~180地號,48.0,住,,,1070707,土地1建物0車位0,,,其他,,,,0.0,0,0,0,有,無,2900000,60417,,0.0,0,,RPWNMLKLQHNFFAT47CA
萬丹鄉,房地(土地+建物),屏東縣萬丹鄉中興路一段31~60號,116.0,,鄉村區,乙種建築用地,1070619,土地1建物1車位0,全,二層,透天厝,住家用,加強磚造,0721216,127.41,5,2,2,有,無,3720000,29197,,0.0,0,,RPRNMLPKQHNFFAT37CA
屏東巿,土地,瑞光段961~990地號,35.0,住,,,1070714,土地1建物0車位0,,,其他,,,,0.0,0,0,0,有,無,3000000,85714,,0.0,0,,RPUNMLLMPHNFFAT37CA
屏東巿,房地(土地+建物),屏東縣屏東市和平路451~480號,57.0,住,,,1070713,土地1建物1車位0,全,二層,透天厝,住商用,鋼筋混凝土加強磚造,,109.48,3,2,2,有,無,5660000,51699,,0.0,0,,RPVNMLLMPHNFFAT47CA
長治鄉,土地,繁華段541~570地號,3504.83,,一般農業區,農牧用地,1070313,土地1建物0車位0,,,其他,,,,0.0,0,0,0,有,無,9960726,2842,,0.0,0,含地上物,RPPNMLLMPHNFFAT86CA
屏東巿,房地(土地+建物),屏東縣屏東市崇明四街55巷1~30號,60.0,住,,,1070706,土地2建物1車位0,全,三層,透天厝,住家用,鋼筋混凝土造,0730526,97.72,4,2,2,有,無,4000000,40933,,0.0,0,,RPPOMLKMPHNFFAT86CA
屏東巿,房地(土地+建物)+車位,屏東縣屏東市機場北路601~630號,22.54,住,,,1070703,土地1建物1車位1,五層,十四層,住宅大樓(11層含以上有電梯),見其他登記事項,鋼筋混凝土造,0881204,181.82,3,2,2,有,有,3700000,20350,坡道平面,0.0,0,,RPQOMLRJQHNFFAT47CA
屏東巿,房地(土地+建物),屏東縣屏東市中正路61~90號,128.0,商,,,1070530,土地2建物1車位0,全,三層,透天厝,住商用,鋼筋混凝土加強磚造,,355.56,8,2,3,有,無,18382576,51700,,0.0,0,,RPQPMLNJQHNFFAT17CA
長治鄉,土地,繁興段271~300地號,602.44,,一般農業區,農牧用地,1070709,土地1建物0車位0,,,其他,,,,0.0,0,0,0,有,無,596000,989,,0.0,0,,RPRNMLLJQHNFFAT86CA
屏東巿,房地(土地+建物),屏東縣屏東市民富街151~180號,108.0,住,,,1070630,土地1建物1車位0,全,三層,透天厝,住宅,鋼筋混凝土造,0961226,217.39,4,1,3,有,無,9900000,45540,,0.0,0,,RPSPMLLJQHNFFAT17CA
屏東巿,房地(土地+建物),屏東縣屏東市廣東路409巷61~90號,18.86,住,,,1070718,土地1建物1車位0,三層,五層,公寓(5樓含以下無電梯),見其他登記事項,鋼筋混凝土造,0700420,50.97,2,1,1,有,無,700000,13734,,0.0,0,,RPQPMLLMPHNFFAT17CA
屏東巿,房地(土地+建物),屏東縣屏東市機場北路781~810號,11.86,住,,,1070629,土地1建物1車位0,三層,十四層,住宅大樓(11層含以上有電梯),見其他登記事項,鋼筋混凝土造,0881204,82.4,2,2,1,有,有,2350000,28519,,0.0,0,,RPTPMLLMPHNFFAT47CA
九如鄉,土地,九智段1051~1080地號,1706.7,,特定農業區,農牧用地,1070716,土地1建物0車位0,,,其他,,,,0.0,0,0,0,有,無,3200000,1875,,0.0,0,鄰近公墓,RPPNMLLJQHNFFAT66CA
屏東巿,房地(土地+建物),屏東縣屏東市和生路二段96巷50弄1~30號,77.0,住,,,1070702,土地1建物1車位0,全,四層,透天厝,住家用,鋼筋混凝土造,0811109,163.2,5,2,3,有,無,4100000,25123,,0.0,0,,RPRPMLLMPHNFFAT27CA
屏東巿,車位,屏東縣屏東市機場北路631~660號,0.0,,,,1070706,土地0建物0車位1,,,其他,,,,24.01,0,0,0,有,無,500000,,坡道平面,24.0,500000,,RPSPMLLMPHNFFAT37CA
屏東巿,土地,清溪段1471~1500地號,2929.0,,鄉村區,乙種建築用地,1070421,土地1建物0車位0,,,其他,,,,0.0,0,0,0,有,無,53160000,18150,,0.0,0,,RPPPMLLMPHNFFAT07CA
九如鄉,房地(土地+建物),屏東縣九如鄉黃金路15巷1~30號,119.36,,鄉村區,乙種建築用地,1070615,土地1建物1車位0,全,二層,透天厝,住宅,加強磚造,0740529,120.56,3,2,2,有,無,2480000,20571,,0.0,0,,RPXPMLLJQHNFFAT67CA
屏東巿,房地(土地+建物),屏東縣屏東市徐州路97巷1~30號,71.0,住,,,1070629,土地1建物1車位0,全,二層,透天厝,住宅,鋼筋混凝土加強磚造,0650122,75.24,3,2,1,有,無,2550000,33892,,0.0,0,,RPOQMLLJQHNFFAT86CA
屏東巿,土地,龍華段1081~1110地號,214.78,,鄉村區,乙種建築用地,1070723,土地1建物0車位0,,,其他,,,,0.0,0,0,0,有,無,1800000,8381,,0.0,0,,RPQNMLMJQHNFFAT86CA
麟洛鄉,房地(土地+建物),屏東縣麟洛鄉中正路211~240號,81.23,,鄉村區,乙種建築用地,1070711,土地1建物1車位0,全,三層,透天厝,店舖、住宅,鋼筋混凝土造,0830421,157.12,4,1,3,有,無,4330000,27559,,0.0,0,,RPRNMLMJQHNFFAT96CA
屏東巿,房地(土地+建物),屏東縣屏東市復興南路一段231巷15弄1~30號,66.14,,鄉村區,乙種建築用地,1070701,土地1建物1車位0,全,二層,透天厝,住家用,加強磚造,,99.52,4,2,3,有,無,3980000,39992,,0.0,0,,RPROMLRJQHNFFAT57CA
屏東巿,房地(土地+建物),屏東縣屏東市徐州路151~180號,6.98,住,,,1070709,土地1建物1車位0,三層,五層,套房(1房1廳1衛),住家用,鋼筋混凝土造,0831216,28.47,1,1,1,有,有,1080000,37935,,0.0,0,,RPTOMLRJQHNFFAT77CA
屏東巿,房地(土地+建物)+車位,屏東縣屏東市廣東路1411~1440號,22.71,住,,,1070603,土地1建物1車位1,六層,十四層,住宅大樓(11層含以上有電梯),見其他登記事項,鋼筋混凝土造,1070315,97.85,3,2,2,有,有,4200000,46375,升降機械,15.91,400000,,RPXNMLQJQHNFFAT97CA
九如鄉,土地,九仁段1021~1050地號,283.4,住,,,1070601,土地1建物0車位0,,,其他,,,,0.0,0,0,0,有,無,2380560,8400,,0.0,0,親友、員工或其他特殊關係間之交易。;本交易含土地上未保存登記舊建物房屋現值220600元，未計入土地交易總價中。,RPTNMLNJQHNFFAT27CA
里港鄉,土地,塔樓段151~180地號,89.0,,一般農業區,農牧用地,1070623,土地1建物0車位0,,,其他,,,,0.0,0,0,0,有,無,320000,3596,,0.0,0,,RPPNMLNKQHNFFBT07CA
潮州鎮,土地,八爺段511~540地號,178.19,,鄉村區,乙種建築用地,1070718,土地1建物0車位0,,,其他,,,,0.0,0,0,0,有,無,1000000,5612,,0.0,0,,RPUNMLMLQHNFFCT67CA
內埔鄉,土地,老埤段361~390地號,2739.0,,一般農業區,農牧用地,1070506,土地1建物0車位0,,,其他,,,,0.0,0,0,0,有,無,6550000,2391,,0.0,0,,RPTNMLQJQHNFFCT77CA
內埔鄉,土地,老埤段241~270地號,2812.75,,一般農業區,養殖用地,1070702,土地2建物0車位0,,,其他,,,,0.0,0,0,0,有,無,9900000,3520,,0.0,0,,RPPOMLLMPHNFFCT17CA
潮州鎮,房地(土地+建物),屏東縣潮州鎮朝陽路151~180號,47.83,住,,,1070706,土地1建物1車位0,全,二層,透天厝,店舖、住宅,加強磚造,0570824,86.64,3,1,3,有,無,2600000,30009,,0.0,0,,RPPNMLMJQHNFFCT96CA
琉球鄉,土地,天台段241~270地號,144.39,農,,,1070719,土地1建物0車位0,,,其他,,,,0.0,0,0,0,有,無,300000,2078,,0.0,0,,RPRNMLLJQHNFFDT17CA
東港鎮,土地,新孝段181~210地號,106.38,住,,,1070717,土地1建物0車位0,,,其他,,,,0.0,0,0,0,有,無,4827000,45375,,0.0,0,,RPSNMLLJQHNFFDT27CA
林邊鄉,土地,仁和段751~780地號,133.13,住,,,1070718,土地1建物0車位0,,,其他,,,,0.0,0,0,0,有,無,2400000,18027,,0.0,0,,RPQNMLNJQHNFFDT27CA
東港鎮,房地(土地+建物),屏東縣東港鎮興中南六街18巷1~30號,107.33,住,,,1070712,土地3建物1車位0,全,三層,透天厝,住宅,見其他登記事項,1060607,173.18,5,2,3,有,無,9200000,53124,,0.0,0,,RPUNMLLJQHNFFDT47CA
新園鄉,土地,仙隆段1231~1260地號,1035.45,住,,,1070711,土地1建物0車位0,,,其他,,,,0.0,0,0,0,有,無,21299000,20570,,0.0,0,,RPPNMLMJQHNFFDT07CA
新園鄉,房地(土地+建物),屏東縣新園鄉田南路1~30號,81.0,,鄉村區,乙種建築用地,1070714,土地1建物1車位0,全,三層,透天厝,住宅,鋼筋混凝土造,0820403,144.96,3,2,3,有,無,3000000,20695,,0.0,0,,RPQNMLMJQHNFFDT17CA
林邊鄉,土地,下庄段661~690地號,6000.0,,一般農業區,農牧用地,1070709,土地1建物0車位0,,,其他,,,,0.0,0,0,0,有,無,6495300,1083,,0.0,0,,RPRNMLMJQHNFFDT27CA
琉球鄉,土地,白沙段481~510地號,133.89,商,,,1070608,土地11建物0車位0,,,其他,,,,0.0,0,0,0,有,無,1920000,14340,,0.0,0,,RPRNMLRJQHNFFDT77CA
林邊鄉,土地,鎮林段151~180地號,1971.48,農,,,1070627,土地1建物0車位0,,,其他,,,,0.0,0,0,0,有,無,3600000,1826,,0.0,0,,RPPNMLRKQHNFFDT67CA
東港鎮,土地,東新段1201~1230地號,233.41,住,,,1070716,土地1建物0車位0,,,其他,,,,0.0,0,0,0,有,無,9178000,39321,,0.0,0,,RPUNMLPKQHNFFDT97CA
東港鎮,土地,新和段421~450地號,27.99,住,,,1070709,土地1建物0車位0,,,其他,,,,0.0,0,0,0,有,無,1758892,62840,,0.0,0,,RPPNMLLLQHNFFDT17CA
恆春鎮,土地,五里亭段991~1020地號,4190.39,,一般農業區,農牧用地,1070628,土地1建物0車位0,,,其他,,,,0.0,0,0,0,有,無,9000000,2148,,0.0,0,,RPPNMLLJQHNFFET07CA
牡丹鄉,土地,四林段961~990地號,316.67,,山坡地保育區,丙種建築用地,1070718,土地3建物0車位0,,,其他,,,,0.0,0,0,0,有,無,120000,379,,0.0,0,,RPQNMLLJQHNFFET17CA
枋山鄉,房地(土地+建物),屏東縣枋山鄉德隆151~180號,460.0,,鄉村區,乙種建築用地,1070710,土地1建物1車位0,全,一層,透天厝,住家用,鋼筋混凝土造,1050415,132.08,4,2,2,有,無,7380000,55875,,0.0,0,,RPPNMLQJQHNFFFT67CA
林邊鄉,土地,銀放索段541~570地號,73.56,,鄉村區,乙種建築用地,1070725,土地1建物0車位0,,,其他,,,,0.0,0,0,0,有,無,250000,3399,,0.0,0,,RPSNMLMJQHNFFDT47DA
新園鄉,土地,港西段691~720地號,1008.96,,鄉村區,乙種建築用地,1070626,土地2建物0車位0,,,其他,,,,0.0,0,0,0,有,無,3783600,3750,,0.0,0,,RPSNMLOKQHNFFDT77DA
屏東巿,房地(土地+建物),屏東縣屏東市機場北路481~510號,13.66,住,,,1070522,土地1建物1車位0,三層,十六層,住宅大樓(11層含以上有電梯),見其他登記事項,鋼筋混凝土造,0890202,96.83,1,0,1,有,有,3660000,37798,,0.0,0,,RPOPMLLJQHNFFAT86DA
萬丹鄉,土地,萬興段1561~1590地號,2727.0,,特定農業區,農牧用地,1070705,土地1建物0車位0,,,其他,,,,0.0,0,0,0,有,無,4363200,1600,,0.0,0,,RPQPMLLJQHNFFAT07DA
