﻿編號,車位類別,車位價格,車位面積(平方公尺)
Serial number,berth category,berth price,berth area (square meter)
RPOPMLOLPHNFFAT17CA,坡道平面,0,
RPSOMLNJQHNFFAT27CA,升降機械,400000,15.91
RPTOMLNJQHNFFAT37CA,升降機械,400000,15.91
RPUOMLNJQHNFFAT47CA,坡道平面,1000000,26.75
RPVOMLNJQHNFFAT57CA,升降機械,500000,15.91
RPQNMLLJQHNFFDT07CA,坡道平面,0,
RPWOMLLMPHNFFAT67CA,坡道平面,0,
RPUNMLKMPHNFFCT47CA,坡道平面,0,
RPUOMLLMPHNFFAT47CA,坡道平面,0,22.99
RPTNMLRLPHNFFAT77CA,坡道平面,0,24.00
RPPOMLRJQHNFFAT37CA,坡道平面,0,
RPSNMLKMPHNFFAT17DA,坡道平面,600000,30.85
RPXOMLLMPHNFFAT87DA,一樓平面,0,17.25
RPQNMLRJQHNFFDT67CA,升降機械,0,
RPQOMLRJQHNFFAT47CA,坡道平面,0,
RPSPMLLMPHNFFAT37CA,坡道平面,500000,24.00
RPXNMLQJQHNFFAT97CA,升降機械,400000,15.91
