﻿編號,屋齡,建物移轉面積(平方公尺),主要用途,主要建材,建築完成日期,總層數,建物分層
The serial number,room age,building shifting area (square meter),the main use,main building materials,construction completes the date,total layer,building lamination
RPTOMLRKQHNFFAU97CA,,131.58,住商用,鋼筋混凝土加強磚造,,三層,一層 二層 三層 騎樓
RPPNMLTJQHNFFAU57CA,15,111.42,住家用,鋼筋混凝土造,91年12月2日,十三層,十三層
RPPNMLTJQHNFFAU57CA,15,63.77,共有部份,鋼筋混凝土造,91年12月2日,十三層,
RPUOMLRLPHNFFAU08CA,1,275.33,住家用,鋼筋混凝土造,106年11月6日,四層,一層 二層 三層 四層
UPOOMLLMPHNFFAU27CA,8,234.57,住家用,鋼筋混凝土造,99年6月25日,四層,四層
UPOOMLLMPHNFFAU27CA,8,50.39,共有部份,鋼筋混凝土造,99年6月25日,四層,
RPPNMLKMPHNFFBU96CA,30,94.29,住家用,鋼筋混凝土加強磚造,76年12月24日,二層,一層 二層 騎樓
SPOOMLLMPHNFFAU07CA,8,234.57,見其他登記事項,鋼筋混凝土造,99年6月25日,四層,二層
SPOOMLLMPHNFFAU07CA,8,50.39,共有部份,鋼筋混凝土造,99年6月25日,四層,
RPPNMLLMPHNFFAU96CA,26,63.02,住家用,鋼筋混凝土造,81年1月21日,六層,五層
RPPNMLLMPHNFFAU96CA,26,33.78,共有部份,鋼筋混凝土造,81年1月21日,六層,
TPOOMLLMPHNFFAU17CA,8,234.57,住家用,鋼筋混凝土造,99年6月25日,四層,三層
TPOOMLLMPHNFFAU17CA,8,50.39,共有部份,鋼筋混凝土造,99年6月25日,四層,
RPOOMLLMPHNFFAU96CA,8,232.17,商業用,鋼筋混凝土造,99年6月25日,四層,一層 見其他登記事項
RPOOMLLMPHNFFAU96CA,8,50.39,共有部份,鋼筋混凝土造,99年6月25日,四層,
RPTNMLKMPHNFFAU27CA,38,26.73,住家用,鋼筋混凝土造,69年4月23日,五層,三層
RPTNMLKMPHNFFAU27CA,38,8.84,共有部份,鋼筋混凝土造,69年4月23日,,
RPXNMLOLPHNFFAU97CA,14,184.11,住家用,鋼筋混凝土造,93年10月4日,三層,一層 二層 三層
RPQOMLRLPHNFFAU67CA,4,313.71,農舍,鋼筋混凝土造,103年5月1日,四層,一層 二層 三層 四層 見其他登記事項
RPPOMLOLPHNFFAU27CA,2,294.95,住家用,鋼筋混凝土造,105年1月21日,四層,一層 二層 三層 四層
RPSNMLPLPHNFFAU57CA,20,264.92,住家用,鋼筋混凝土造,87年8月11日,四層,一層 二層 三層 四層 屋頂突出物 停車場
RPVNMLPLPHNFFAU87CA,13,147.36,住家用,鋼筋混凝土造,94年4月12日,三層,一層 二層 三層
RPUNMLPLPHNFFAU77CA,35,145.83,住商用,鋼筋混凝土造,72年3月4日,二層,一層 二層 屋頂突出物 騎樓 地下層
RPWNMLPLPHNFFAU97CA,31,35.33,住家用,鋼筋混凝土造,76年11月17日,七層,五層
RPWNMLPLPHNFFAU97CA,31,8.79,共有部份,鋼筋混凝土造,76年11月17日,七層,
RPPNMLQLPHNFFAU37CA,25,64.82,住家用,鋼筋混凝土造,82年10月29日,十層,五層
RPPNMLQLPHNFFAU37CA,25,20.46,共有部份,鋼筋混凝土造,82年10月29日,十層,
RPSNMLRLPHNFFAU77CA,,96.45,見其他登記事項,鋼筋混凝土造,107年1月29日,十一層,六層
RPSNMLRLPHNFFAU77CA,,36.13,共有部份,鋼筋混凝土造,107年1月29日,十一層,
RPRNMLTJQHNFFAU77CA,37,127.51,住家用,鋼筋混凝土加強磚造,70年12月14日,二層,一層 二層 屋頂突出物
RPOOMLQLPHNFFAU37CA,24,50.73,住家用,鋼筋混凝土造,83年1月10日,九層,八層
RPOOMLQLPHNFFAU37CA,24,23.11,共有部份,鋼筋混凝土造,83年1月10日,九層,
RPRNMLQJQHNFFAU47CA,24,24.21,住家用,鋼筋混凝土造,83年11月15日,十二層,六層
RPRNMLQJQHNFFAU47CA,24,5.84,共有部份,鋼筋混凝土造,83年11月15日,十二層,
RPRNMLQJQHNFFAU47CA,24,6.54,共有部份,鋼筋混凝土造,83年11月15日,十二層,
RPUOMLQLPHNFFAU97CA,7,75.15,見其他登記事項,鋼筋混凝土造,100年1月21日,十二層,十一層
RPUOMLQLPHNFFAU97CA,7,36.90,共有部份,鋼筋混凝土造,100年1月21日,十二層,
RPXNMLTJQHNFFAU38CA,46,96.54,住家用,鋼筋混凝土加強磚造,61年5月19日,二層,一層 二層
RPWNMLRLPHNFFAU18CA,,26.73,見其他登記事項,鋼筋混凝土造,107年3月22日,五層,四層
RPWNMLRLPHNFFAU18CA,,18.62,共有部份,鋼筋混凝土造,107年3月22日,五層,
RPSOMLKMPHNFFAU27CA,21,77.29,住家用,鋼筋混凝土造,86年1月6日,七層,二層
RPSOMLKMPHNFFAU27CA,21,17.70,共有部份,鋼筋混凝土造,86年1月6日,七層,
RPSOMLKMPHNFFAU27CA,21,12.21,共有部份,鋼筋混凝土造,86年1月6日,七層,
RPOPMLLLQHNFFAU07CA,1,232.09,住家用,鋼筋混凝土造,106年2月15日,三層,一層 二層 三層 屋頂突出物 騎樓 見其他登記事項
RPXOMLLLQHNFFAU87CA,1,232.07,住家用,鋼筋混凝土造,106年2月15日,三層,一層 二層 三層 屋頂突出物 騎樓 見其他登記事項
RPSOMLMLQHNFFAU47CA,20,155.10,住家用,鋼筋混凝土造,87年1月22日,三層,二層 三層 一層
RPQNMLTJQHNFFAU67CA,3,395.68,住家用,鋼筋混凝土造,104年5月25日,三層,一層 二層 三層
RPWOMLTJQHNFFAU58EA,25,53.12,住家用,鋼筋混凝土造,82年10月14日,六層,四層
RPWOMLTJQHNFFAU58EA,25,16.12,共有部份,鋼筋混凝土造,82年10月14日,六層,
RPQNMLKMPHNFFCU17CA,,218.89,住家用,鋼筋混凝土造,107年2月6日,三層,一層 二層 三層 屋頂突出物
RPPNMLLJQHNFFCU96CA,25,178.92,住家用,鋼筋混凝土造,82年5月7日,三層,一層 二層 三層
RPRNMLLMPHNFFAU17CA,22,21.38,住家用,鋼筋混凝土造,85年2月2日,十層,六層
RPRNMLLMPHNFFAU17CA,22,3.24,共有部份,鋼筋混凝土造,85年2月2日,十層,
RPRNMLLMPHNFFAU17CA,22,6.70,共有部份,鋼筋混凝土造,85年2月2日,十層,
RPOOMLNJQHNFFAU96CA,12,200.99,住家用,鋼筋混凝土造,95年10月23日,三層,一層 二層 三層
RPXNMLRLPHNFFAU28CA,36,241.99,住家用,鋼筋混凝土造,71年8月17日,三層,三層 騎樓 一層 二層
RPOPMLTJQHNFFAU67CA,13,163.59,住家用,鋼筋混凝土造,94年4月21日,四層,一層 二層 三層 四層
RPOOMLKMPHNFFAU86CA,31,119.66,住商用,鋼筋混凝土造,76年6月8日,二層,一層 二層 屋頂突出物 騎樓
RPPNMLKMPHNFFAU86CA,12,305.61,農舍,鋼骨鋼筋混凝土造,95年6月21日,二層,一層 二層
RPRPMLRLPHNFFAU87CA,22,56.08,住家用,鋼筋混凝土造,85年5月17日,六層,四層
RPRPMLRLPHNFFAU87CA,22,14.33,共有部份,鋼筋混凝土造,85年5月17日,六層,
RPVNMLRLPHNFFAU08CA,26,163.65,住家用,鋼筋混凝土造,81年8月20日,三層,一層 二層 三層 見其他登記事項
RPROMLRLPHNFFAU77CA,40,83.55,住家用,鋼筋混凝土加強磚造,67年2月25日,二層,一層 二層
RPXNMLKMPHNFFAU67CA,24,93.50,住家用,鋼筋混凝土造,83年5月18日,七層,四層
RPXNMLKMPHNFFAU67CA,24,23.91,共有部份,鋼筋混凝土造,83年5月18日,七層,
RPSOMLRLPHNFFAU87CA,24,70.17,住家用,鋼筋混凝土造,83年3月8日,九層,六層
RPSOMLRLPHNFFAU87CA,24,33.06,共有部份,鋼筋混凝土造,83年3月8日,九層,
RPSPMLRLPHNFFAU97CA,20,264.92,住家用,鋼筋混凝土造,87年8月11日,四層,三層 四層 屋頂突出物 停車場 一層 二層
RPWNMLNJQHNFFAU67CA,26,22.29,住家用,鋼筋混凝土造,81年1月28日,四層,四層
RPWNMLNJQHNFFAU67CA,26,1.61,共有部份,鋼筋混凝土造,81年1月28日,四層,
RPSNMLLJQHNFFAU07CA,22,68.01,見其他登記事項,鋼筋混凝土造,85年2月15日,七層,一層 騎樓
RPSNMLLJQHNFFAU07CA,22,74.78,共有部份,鋼筋混凝土造,85年2月15日,七層,
RPUNMLLMPHNFFAU47CA,24,11.37,見其他登記事項,鋼筋混凝土造,83年6月11日,九層,
RPUNMLLMPHNFFAU47CA,24,100.72,住家用,鋼筋混凝土造,83年6月11日,九層,五層
RPUNMLLMPHNFFAU47CA,24,10.57,共有部份,鋼筋混凝土造,83年6月11日,九層,
RPUNMLLMPHNFFAU47CA,24,10.81,共有部份,鋼筋混凝土造,83年6月11日,九層,
RPSOMLLJQHNFFAU17CA,37,143.92,住家用,鋼筋混凝土造,70年4月9日,二層,一層 二層 屋頂突出物 騎樓
RPSOMLLMPHNFFAU37CA,23,30.73,住家用,鋼筋混凝土造,84年3月3日,五層,二層
RPSOMLLMPHNFFAU37CA,23,8.16,共有部份,鋼筋混凝土造,84年3月3日,五層,
RPTPMLTJQHNFFAU18CA,17,190.91,住家用,鋼筋混凝土造,90年1月17日,三層,一層 二層 三層
RPVNMLLMPHNFFAU57CA,22,203.61,住家用,鋼筋混凝土造,85年2月16日,四層,一層 二層 三層 四層 見其他登記事項
RPQNMLLMPHNFFCU27CA,23,117.29,住商用,鋼筋混凝土加強磚造,84年7月24日,二層,一層 二層 屋頂突出物
RPQNMLLJQHNFFBU96CA,34,77.51,住家用,鋼筋混凝土造,73年1月14日,四層,三層
RPQNMLLJQHNFFBU96CA,34,5.56,見其他登記事項,鋼筋混凝土造,73年1月14日,四層,
RPRQMLOKQHNFFAU67CA,37,241.82,住商用,鋼筋混凝土造,70年12月23日,四層,一層 二層 三層 四層 屋頂突出物 騎樓
RPWOMLLMPHNFFAU77CA,19,86.99,住家用,鋼筋混凝土造,88年2月24日,六層,五層
RPWOMLLMPHNFFAU77CA,19,35.11,共有部份,鋼筋混凝土造,88年2月24日,六層,
RPQNMLOJQHNFFAU17CA,40,118.09,住商用,鋼筋混凝土加強磚造,67年12月22日,二層,一層 二層 騎樓
RPSNMLTJQHNFFAU87CA,1,93.90,住家用,鋼筋混凝土造,106年2月2日,七層,六層
RPSNMLTJQHNFFAU87CA,1,43.13,共有部份,鋼筋混凝土造,106年2月2日,七層,
RPSNMLTJQHNFFAU87CA,1,12.75,見其他登記事項,鋼筋混凝土造,106年2月2日,七層,
RPQNMLPKQHNFFAU37CA,72,150.80,住家用,見其他登記事項,,一層,一層 見其他登記事項
RPTNMLLMPHNFFAU57EA,12,223.26,住家用,鋼筋混凝土造,95年8月18日,四層,一層 二層 三層 四層
RPPPMLMLQHNFFAU27CA,23,255.32,住商用,鋼筋混凝土造,84年6月8日,七層,一層 二層 三層 騎樓
RPPPMLMLQHNFFAU27CA,23,45.61,共有部份,鋼筋混凝土造,84年6月8日,七層,
RPPPMLMLQHNFFAU27CA,23,13.97,停車空間,鋼筋混凝土造,84年6月8日,七層,
RPQOMLRJQHNFFAU57CA,21,24.00,住家用,鋼筋混凝土造,86年1月13日,七層,六層
RPQOMLRJQHNFFAU57CA,21,9.92,共有部份,鋼筋混凝土造,86年1月13日,七層,
RPWOMLQJQHNFFAU08CA,31,139.22,住家用,鋼筋混凝土造,76年3月19日,二層,一層 二層 屋頂突出物
RPXOMLQJQHNFFAU28DA,49,66.24,住家用,鋼筋混凝土加強磚造,59年1月16日,二層,一層 二層
RPXOMLLMPHNFFAU87CA,1,415.65,住家用,鋼筋混凝土造,106年11月6日,五層,一層 二層 三層 四層 五層
RPQNMLOLQHNFFAU37CA,18,65.17,住家用,鋼筋混凝土造,89年6月9日,四層,一層 見其他登記事項
RPPQMLOKQHNFFAU47CA,24,54.23,住商用,鋼筋混凝土造,83年5月25日,六層,一層
RPPQMLOKQHNFFAU47CA,24,25.60,共有部份,鋼筋混凝土造,83年5月25日,六層,
RPOOMLLJQHNFFAU76CA,31,177.75,住家用,鋼筋混凝土造,76年12月2日,二層,一層 二層 屋頂突出物 見其他登記事項
RPUNMLOKQHNFFAU67CA,12,203.14,住家用,鋼筋混凝土造,95年1月20日,四層,一層 二層 三層 四層
RPXNMLRLQHNFFAU38CA,1,256.56,住家用,鋼筋混凝土造,106年8月28日,四層,一層 二層 三層 四層
RPVOMLLMPHNFFAU67CA,24,155.34,商業用,鋼筋混凝土造,83年11月21日,十二層,七層
RPVOMLLMPHNFFAU67CA,24,17.71,共有部份,鋼筋混凝土造,83年11月21日,十二層,
RPVOMLLMPHNFFAU67CA,24,45.66,共有部份,鋼筋混凝土造,83年11月21日,十二層,
