﻿編號,土地區段位置,土地移轉面積(平方公尺),使用分區或編定
The serial number,land sector position,land shifting area (square meter),the use zoning or compiles and checks
RPTOMLRKQHNFFAU97CA,主商段,2.00,都市：其他
RPTOMLRKQHNFFAU97CA,主商段,59.00,都市：住
RPPNMLTJQHNFFAU57CA,民孝段,38.54,都市：住
RPPNMLNJQHNFFBU07CA,水廣段,1719.08,非都市：一般農業區 ; 非都市編定：農牧用地
RPPNMLRLPHNFFCU67CA,興南段,273.93,非都市：特定農業區 ; 非都市編定：甲種建築用地
RPPNMLSJQHNFFBU57CA,紅葉段,1550.00,非都市：山坡地保育區 ; 非都市編定：農牧用地
RPPNMLSJQHNFFBU57CA,紅葉段,10230.00,非都市：山坡地保育區 ; 非都市編定：農牧用地
RPXOMLSJQHNFFAU38CA,精鐘段,629.94,非都市：一般農業區 ; 非都市編定：農牧用地
RPXOMLSJQHNFFAU38CA,精鐘段,172.34,非都市：一般農業區 ; 非都市編定：農牧用地
RPXOMLSJQHNFFAU38CA,精鐘段,425.25,非都市：一般農業區 ; 非都市編定：農牧用地
RPXOMLSJQHNFFAU38CA,精鐘段,1755.22,非都市：一般農業區 ; 非都市編定：農牧用地
RPXOMLSJQHNFFAU38CA,精鐘段,1589.44,非都市：一般農業區 ; 非都市編定：農牧用地
RPXNMLOLPHNFFCU18CA,烏漏段,6411.00,非都市：一般農業區 ; 非都市編定：農牧用地
RPXNMLOLPHNFFCU18CA,烏漏段,8942.37,非都市：一般農業區 ; 非都市編定：農牧用地
RPUOMLRLPHNFFAU08CA,林森段,130.00,都市：住
RPRNMLPLPHNFFBU67DA,支亞干段,2399.19,非都市：河川區 ; 非都市編定：農牧用地
UPOOMLLMPHNFFAU27CA,裕民段,101.25,都市：住
RPPNMLKMPHNFFBU96CA,鳳信段,93.09,非都市：特定農業區 ; 非都市編定：甲種建築用地
SPOOMLLMPHNFFAU07CA,裕民段,101.25,都市：住
RPPNMLLMPHNFFAU96CA,莊敬段,16.56,都市：住
TPOOMLLMPHNFFAU17CA,裕民段,101.25,都市：住
RPOOMLLMPHNFFAU96CA,裕民段,101.25,都市：住
RPTNMLKMPHNFFAU27CA,富國段,8.32,都市：商
RPWOMLSJQHNFFAU28CA,精鐘段,278.76,非都市：一般農業區 ; 非都市編定：農牧用地
RPWOMLSJQHNFFAU28CA,精鐘段,1901.01,非都市：一般農業區 ; 非都市編定：農牧用地
RPWOMLSJQHNFFAU28CA,精鐘段,340.56,非都市：一般農業區 ; 非都市編定：農牧用地
RPWOMLSJQHNFFAU28CA,精鐘段,451.23,非都市：一般農業區 ; 非都市編定：農牧用地
RPWOMLSJQHNFFAU28CA,精鐘段,932.10,非都市：一般農業區 ; 非都市編定：農牧用地
RPWOMLSJQHNFFAU28CA,精鐘段,3121.94,非都市：一般農業區 ; 非都市編定：農牧用地
RPWOMLSJQHNFFAU28CA,大湖腳段,1084.57,非都市：山坡地保育區 ; 非都市編定：農牧用地
RPWOMLSJQHNFFAU28CA,大湖腳段,2037.98,非都市：山坡地保育區 ; 非都市編定：農牧用地
RPWOMLSJQHNFFAU28CA,大湖腳段,12982.40,非都市：山坡地保育區 ; 非都市編定：農牧用地
RPWOMLSJQHNFFAU28CA,大湖腳段,423.72,非都市：山坡地保育區 ; 非都市編定：農牧用地
RPWOMLSJQHNFFAU28CA,大湖腳段,214.14,非都市：山坡地保育區 ; 非都市編定：農牧用地
RPWOMLSJQHNFFAU28CA,大湖腳段,1997.13,非都市：山坡地保育區 ; 非都市編定：林業用地
RPWOMLSJQHNFFAU28CA,精鐘段,1018.42,非都市：一般農業區 ; 非都市編定：農牧用地
RPWOMLSJQHNFFAU28CA,精鐘段,857.25,非都市：一般農業區 ; 非都市編定：農牧用地
RPWOMLSJQHNFFAU28CA,精鐘段,1167.98,非都市：一般農業區 ; 非都市編定：農牧用地
RPWOMLSJQHNFFAU28CA,精鐘段,713.38,非都市：一般農業區 ; 非都市編定：農牧用地
RPWOMLSJQHNFFAU28CA,精鐘段,738.32,非都市：一般農業區 ; 非都市編定：農牧用地
RPWOMLSJQHNFFAU28CA,精鐘段,1076.46,非都市：一般農業區 ; 非都市編定：農牧用地
RPWOMLSJQHNFFAU28CA,精鐘段,1120.12,非都市：一般農業區 ; 非都市編定：農牧用地
RPWOMLSJQHNFFAU28CA,精鐘段,541.26,非都市：一般農業區 ; 非都市編定：農牧用地
RPWOMLSJQHNFFAU28CA,精鐘段,177.80,非都市：一般農業區 ; 非都市編定：農牧用地
RPWOMLSJQHNFFAU28CA,精鐘段,1523.58,非都市：一般農業區 ; 非都市編定：農牧用地
RPWOMLSJQHNFFAU28CA,精鐘段,1923.63,非都市：一般農業區 ; 非都市編定：農牧用地
RPWOMLSJQHNFFAU28CA,精鐘段,1705.26,非都市：一般農業區 ; 非都市編定：農牧用地
RPWOMLSJQHNFFAU28CA,精鐘段,422.45,非都市：一般農業區 ; 非都市編定：農牧用地
RPWOMLSJQHNFFAU28CA,精鐘段,190.91,非都市：一般農業區 ; 非都市編定：農牧用地
RPWOMLSJQHNFFAU28CA,精鐘段,293.63,非都市：一般農業區 ; 非都市編定：農牧用地
RPWOMLSJQHNFFAU28CA,精鐘段,345.66,非都市：一般農業區 ; 非都市編定：農牧用地
RPWOMLSJQHNFFAU28CA,精鐘段,1377.94,非都市：一般農業區 ; 非都市編定：農牧用地
RPWOMLSJQHNFFAU28CA,精鐘段,551.48,非都市：一般農業區 ; 非都市編定：農牧用地
RPWOMLSJQHNFFAU28CA,精鐘段,430.35,非都市：一般農業區 ; 非都市編定：農牧用地
RPWOMLSJQHNFFAU28CA,精鐘段,753.28,非都市：一般農業區 ; 非都市編定：農牧用地
RPWOMLSJQHNFFAU28CA,精鐘段,210.74,非都市：一般農業區 ; 非都市編定：農牧用地
RPWOMLSJQHNFFAU28CA,精鐘段,570.02,非都市：一般農業區 ; 非都市編定：農牧用地
RPWOMLSJQHNFFAU28CA,精鐘段,893.20,非都市：一般農業區 ; 非都市編定：農牧用地
RPXNMLOLPHNFFAU97CA,福興段,90.00,都市：住
RPQOMLRLPHNFFAU67CA,慈勝段,825.67,都市：農
RPVNMLQLPHNFFAU97CA,佳民段,3335.00,非都市：山坡地保育區 ; 非都市編定：農牧用地
RPPOMLOLPHNFFAU27CA,碧雲段,144.00,都市：住
RPPOMLOLPHNFFAU27CA,碧雲段,22.75,都市：住
RPSNMLPLPHNFFAU57CA,碧雲段,122.19,都市：住
RPVNMLPLPHNFFAU87CA,南埔段,89.00,非都市：鄉村區 ; 非都市編定：乙種建築用地
RPUNMLPLPHNFFAU77CA,莊敬段,145.00,都市：住
RPUNMLQLPHNFFAU87CA,德布克段,2142.62,都市：農
RPWNMLPLPHNFFAU97CA,主商段,6.25,都市：商
RPWNMLPLPHNFFAU97CA,主商段,.22,都市：其他
RPROMLLMPHNFFAU27CA,主權段,51.00,都市：住
RPPNMLQLPHNFFAU37CA,富國段,11.49,都市：商
RPPNMLQLPHNFFCU57CA,舊田段,88.14,非都市：鄉村區 ; 非都市編定：乙種建築用地
RPUNMLRLQHNFFAU08CA,光學段,649.01,非都市：一般農業區 ; 非都市編定：農牧用地
RPUNMLRLQHNFFAU08CA,光學段,1018.58,非都市：一般農業區 ; 非都市編定：農牧用地
RPUNMLRLQHNFFAU08CA,光學段,691.27,非都市：一般農業區 ; 非都市編定：農牧用地
RPUNMLRLQHNFFAU08CA,光學段,754.38,非都市：一般農業區 ; 非都市編定：農牧用地
RPSNMLRLPHNFFAU77CA,仁禮段,21.27,都市：商
RPRNMLTJQHNFFAU77CA,德安段,83.00,都市：住
RPRNMLTJQHNFFAU77CA,德安段,45.00,都市：住
RPOOMLQLPHNFFAU37CA,富國段,8.03,都市：商
RPRNMLQJQHNFFAU47CA,富國段,4.76,都市：住
RPUOMLQLPHNFFAU97CA,林森段,4.76,都市：住
RPUOMLQLPHNFFAU97CA,林森段,2.55,都市：住
RPUOMLQLPHNFFAU97CA,林森段,9.34,都市：住
RPXNMLTJQHNFFAU38CA,林森段,71.00,都市：住
RPWNMLRLPHNFFAU18CA,福安段,15.32,都市：住
RPSOMLKMPHNFFAU27CA,林森段,19.65,都市：住
RPOPMLLLQHNFFAU07CA,主商段,90.00,都市：商
RPXOMLLLQHNFFAU87CA,主商段,93.00,都市：商
RPPNMLKLQHNFFAU86CA,上崇德段,1139.38,都市：農
RPPNMLKLQHNFFAU86CA,上崇德段,138.17,都市：其他
RPOOMLLLQHNFFAU96CA,佳東段,358.45,非都市：特定農業區 ; 非都市編定：農牧用地
RPSOMLMLQHNFFAU47CA,嘉平段,76.00,都市：住
RPQNMLTJQHNFFAU67CA,功學段,303.11,都市：農
RPWOMLTJQHNFFAU58EA,莊敬段,16.11,都市：住
RPPNMLKMPHNFFCU07CA,玉東段,2605.05,非都市：一般農業區 ; 非都市編定：農牧用地
RPPNMLTLPHNFFCU87CA,哈拉灣段,148.36,非都市：鄉村區 ; 非都市編定：乙種建築用地
RPQNMLKMPHNFFCU17CA,玉璞段,101.00,都市：住
RPPNMLLJQHNFFCU96CA,玉璞段,114.00,都市：住
RPXNMLLMPHNFFAU77CA,豐坪段,3954.00,非都市：一般農業區 ; 非都市編定：農牧用地
RPXNMLLMPHNFFAU77CA,豐坪段,2799.00,非都市：一般農業區 ; 非都市編定：農牧用地
RPXNMLLMPHNFFAU77CA,豐坪段,2799.00,非都市：一般農業區 ; 非都市編定：農牧用地
RPXNMLLMPHNFFAU77CA,豐坪段,2799.00,非都市：一般農業區 ; 非都市編定：農牧用地
RPRNMLLMPHNFFAU17CA,民享段,3.67,都市：商
RPOOMLNJQHNFFAU96CA,民勤段,120.00,都市：住
RPUPMLRLPHNFFAU18CA,功學段,72.95,都市：農
RPTPMLRLPHNFFAU08CA,功學段,411.64,都市：農
RPXNMLRLPHNFFAU28CA,南埔段,254.00,非都市：特定農業區 ; 非都市編定：農牧用地
RPOPMLTJQHNFFAU67CA,民意段,83.00,都市：住
RPOOMLKMPHNFFAU86CA,功學段,67.13,都市：農
RPPNMLKMPHNFFAU86CA,吳全段,1591.39,都市：農
RPRPMLRLPHNFFAU87CA,富國段,17.27,都市：住
RPVNMLRLPHNFFAU08CA,仁恥段,92.00,都市：住
RPROMLRLPHNFFAU77CA,南埔段,87.00,非都市：鄉村區 ; 非都市編定：乙種建築用地
RPXNMLKMPHNFFAU67CA,民德段,23.99,都市：住
RPPNMLQLPHNFFBU47CA,新庄段,7566.10,非都市：特定農業區 ; 非都市編定：農牧用地
RPSOMLRLPHNFFAU87CA,民德段,19.01,都市：住
RPRNMLKMPHNFFAU07CA,佳民段,4970.00,非都市：山坡地保育區 ; 非都市編定：農牧用地
RPSPMLRLPHNFFAU97CA,碧雲段,112.95,都市：住
RPWNMLLMPHNFFAU67CA,光英段,1000.00,非都市：一般農業區 ; 非都市編定：農牧用地
RPWNMLLMPHNFFAU67CA,光英段,269.86,非都市：一般農業區 ; 非都市編定：農牧用地
RPTOMLLMPHNFFAU47CA,德布克段,392.32,都市：農
RPUNMLTJQHNFFAU08CA,南埔段,1656.00,非都市：特定農業區 ; 非都市編定：農牧用地
RPWNMLNJQHNFFAU67CA,富國段,7.95,都市：商
RPSNMLLJQHNFFAU07CA,宜昌段,23.17,都市：商
RPUNMLLMPHNFFAU47CA,樹人段,8.90,都市：住
RPUNMLLMPHNFFAU47CA,樹人段,10.10,都市：住
RPSOMLLJQHNFFAU17CA,仁恥段,111.00,都市：住
RPPPMLRLPHNFFAU87EA,大禮段,7460.00,非都市：國家公園區 ; 非都市編定：
RPSOMLLMPHNFFAU37CA,莊敬段,10.99,都市：住
RPTPMLTJQHNFFAU18CA,嘉南段,111.00,都市：住
RPVNMLLMPHNFFAU57CA,太昌段,90.00,都市：住
RPQNMLLMPHNFFCU27CA,中興段,87.82,都市：住
RPVNMLKMPHNFFAU67EA,光英段,302.34,非都市：一般農業區 ; 非都市編定：農牧用地
RPPNMLLMPHNFFBU17DA,支亞干段,1182.90,非都市：山坡地保育區 ; 非都市編定：農牧用地
RPQNMLLJQHNFFBU96CA,鳳光段,32.89,都市：住
RPPNMLKKQHNFFBU86CA,東富段,66.12,非都市：特定農業區 ; 非都市編定：農牧用地
RPQNMLRLPHNFFCU77CA,富安段,420.54,都市：商
RPRQMLOKQHNFFAU67CA,宜安段,94.90,都市：住
RPWOMLLMPHNFFAU77CA,北濱段,27.40,都市：住
RPPOMLNJQHNFFAU07CA,景美段,2340.00,非都市：山坡地保育區 ; 非都市編定：林業用地
RPPOMLNJQHNFFAU07CA,加灣段,1184.39,非都市：一般農業區 ; 非都市編定：農牧用地
RPPOMLNJQHNFFAU07CA,加灣段,200.00,非都市：一般農業區 ; 非都市編定：農牧用地
RPQNMLOJQHNFFAU17CA,仁義段,132.00,都市：住
RPSNMLTJQHNFFAU87CA,慈惠段,24.47,都市：住
RPSNMLTJQHNFFAU87CA,慈惠段,12.99,都市：住
RPSNMLTJQHNFFAU87CA,慈惠段,4.74,都市：住
RPQNMLPKQHNFFAU37CA,福安段,208.00,都市：商
RPQNMLPKQHNFFAU37CA,福安段,213.00,都市：商
RPPNMLLMPHNFFCU27DA,東豐南段,837.78,非都市：特定農業區 ; 非都市編定：水利用地
RPPNMLLMPHNFFCU27DA,東豐南段,86.54,非都市：特定農業區 ; 非都市編定：水利用地
RPPNMLLMPHNFFCU27DA,東豐南段,321.38,非都市：特定農業區 ; 非都市編定：水利用地
RPPNMLLMPHNFFCU27DA,東豐南段,301.19,非都市：特定農業區 ; 非都市編定：水利用地
RPPOMLLJQHNFFAU86CA,慈勝段,611.89,都市：農
RPPOMLLJQHNFFAU86CA,慈勝段,13.78,都市：農
RPOOMLMJQHNFFAU86CA,光英段,67.03,非都市： ; 非都市編定：
RPSNMLMJQHNFFAU17CA,豐山段,232.96,非都市：鄉村區 ; 非都市編定：乙種建築用地
RPSNMLMJQHNFFAU17CA,豐山段,4.13,非都市：鄉村區 ; 非都市編定：乙種建築用地
RPUNMLMJQHNFFAU37CA,裕民段,232.00,都市：商
RPUNMLMJQHNFFAU37CA,裕民段,231.00,都市：商
RPTNMLLMPHNFFAU57EA,福興段,97.00,都市：住
RPPNMLNKQHNFFBU17CA,林榮段,1371.66,非都市：一般農業區 ; 非都市編定：農牧用地
RPRPMLTJQHNFFAU97CA,國風段,260.00,都市：住
RPPPMLMLQHNFFAU27CA,裕民段,60.89,都市：住
RPQOMLRJQHNFFAU57CA,自強段,6.53,都市：住
RPWOMLQJQHNFFAU08CA,國光段,98.00,都市：住
RPXOMLQJQHNFFAU28DA,福安段,69.00,都市：住
RPXOMLLMPHNFFAU87CA,林森段,196.00,都市：住
RPXOMLLMPHNFFAU87CA,林森段,41.25,都市：住
RPQNMLOLQHNFFAU37CA,國興段,22.89,都市：農
RPQNMLOLQHNFFAU37CA,國興段,3.53,都市：農
RPPQMLOKQHNFFAU47CA,富國段,17.63,都市：住
RPOOMLLJQHNFFAU76CA,莊敬段,202.00,都市：住
RPUNMLOKQHNFFAU67CA,光華段二小段,90.09,非都市：工業區 ; 非都市編定：丁種建築用地
RPXNMLRLQHNFFAU38CA,國風段,116.00,都市：住
RPVOMLLMPHNFFAU67CA,富國段,19.41,都市：商
