﻿編號,屋齡,建物移轉面積(平方公尺),主要用途,主要建材,建築完成日期,總層數,建物分層
The serial number,room age,building shifting area (square meter),the main use,main building materials,construction completes the date,total layer,building lamination
RPPNMLRLPHNFFCV77CA,20,144.18,見其他登記事項,加強磚造,86年9月20日,二層,一層 二層 騎樓
RPWNMLOLPHNFFAV97CA,,58.85,見其他登記事項,見其他登記事項,107年3月23日,九層,五層
RPWNMLOLPHNFFAV97CA,,25.36,見其他登記事項,見其他登記事項,107年3月23日,九層,
RPPNMLPLPHNFFAV37CA,,56.94,見其他登記事項,見其他登記事項,107年3月23日,九層,六層
RPPNMLPLPHNFFAV37CA,,24.37,見其他登記事項,見其他登記事項,107年3月23日,九層,
RPUNMLOLPHNFFAV77CA,,51.84,見其他登記事項,見其他登記事項,107年3月23日,九層,五層
RPUNMLOLPHNFFAV77CA,,22.38,見其他登記事項,見其他登記事項,107年3月23日,九層,
RPSNMLOLPHNFFAV57CA,,58.85,見其他登記事項,見其他登記事項,107年3月23日,九層,四層
RPSNMLOLPHNFFAV57CA,,25.36,見其他登記事項,見其他登記事項,107年3月23日,九層,
RPVNMLOLPHNFFAV87CA,22,88.13,見其他登記事項,鋼筋混凝土造,85年6月28日,九層,七層
RPVNMLOLPHNFFAV87CA,22,9.21,見其他登記事項,鋼筋混凝土造,85年6月28日,九層,
RPVNMLOLPHNFFAV87CA,22,9.85,見其他登記事項,鋼筋混凝土造,85年6月28日,九層,
RPPNMLRLPHNFFAV67DA,14,169.94,住家用,鋼筋混凝土造,93年4月13日,三層,一層 二層 三層
RPWNMLKLQHNFFAV67CA,,114.00,見其他登記事項,見其他登記事項,107年3月23日,九層,六層
RPWNMLKLQHNFFAV67CA,,79.57,見其他登記事項,見其他登記事項,107年3月23日,九層,
RPVNMLKLQHNFFAV57CA,,66.48,見其他登記事項,見其他登記事項,107年3月23日,九層,四層
RPVNMLKLQHNFFAV57CA,,61.92,見其他登記事項,見其他登記事項,107年3月23日,九層,
RPUNMLKLQHNFFAV47CA,,114.00,見其他登記事項,見其他登記事項,107年3月23日,九層,五層
RPUNMLKLQHNFFAV47CA,,79.57,見其他登記事項,見其他登記事項,107年3月23日,九層,
RPQNMLPLPHNFFAV47CA,,55.68,見其他登記事項,見其他登記事項,107年3月23日,九層,六層
RPQNMLPLPHNFFAV47CA,,23.87,見其他登記事項,見其他登記事項,107年3月23日,九層,
RPPNMLQLPHNFFAV47CA,,51.84,見其他登記事項,見其他登記事項,107年3月23日,九層,七層
RPPNMLQLPHNFFAV47CA,,22.38,見其他登記事項,見其他登記事項,107年3月23日,九層,
RPQNMLQLPHNFFAV57CA,,58.85,見其他登記事項,見其他登記事項,107年3月23日,九層,六層
RPQNMLQLPHNFFAV57CA,,25.36,見其他登記事項,見其他登記事項,107年3月23日,九層,
RPPOMLLJQHNFFAV96CA,33,223.60,住家用,加強磚造,74年7月24日,二層,一層 二層 騎樓
RPRNMLQLPHNFFAV67CA,,109.90,見其他登記事項,見其他登記事項,107年5月3日,三層,一層 二層 三層
RPRNMLQLPHNFFAV67CA,,109.90,見其他登記事項,見其他登記事項,107年5月3日,三層,一層 二層 三層
RPTNMLQLPHNFFAV87CA,37,117.67,住家用,加強磚造,70年5月29日,二層,一層 二層 騎樓
RPQNMLKMPHNFFAV07CA,25,24.33,見其他登記事項,鋼筋混凝土造,82年5月22日,十二層,十一層
RPQNMLKMPHNFFAV07CA,25,6.37,見其他登記事項,鋼筋混凝土造,82年5月22日,十二層,
RPQNMLKMPHNFFAV07CA,25,3.03,共有部分,鋼筋混凝土造,82年5月22日,十二層,
RPRNMLKMPHNFFAV17CA,39,86.58,住家用,加強磚造,67年11月9日,二層,一層 二層
RPPNMLTLPHNFFAV77CA,,28.47,見其他登記事項,見其他登記事項,107年3月23日,九層,七層
RPPNMLTLPHNFFAV77CA,,12.18,見其他登記事項,見其他登記事項,107年3月23日,九層,
RPPNMLTLPHNFFAV77CA,,28.47,見其他登記事項,見其他登記事項,107年3月23日,九層,七層
RPPNMLTLPHNFFAV77CA,,12.18,見其他登記事項,見其他登記事項,107年3月23日,九層,
RPQNMLTLPHNFFAV87CA,,58.85,見其他登記事項,見其他登記事項,107年3月23日,九層,七層
RPQNMLTLPHNFFAV87CA,,25.36,見其他登記事項,見其他登記事項,107年3月23日,九層,
RPOOMLKLQHNFFAV96CA,,61.04,見其他登記事項,見其他登記事項,107年3月23日,九層,七層
RPOOMLKLQHNFFAV96CA,,26.11,見其他登記事項,見其他登記事項,107年3月23日,九層,
RPXNMLKLQHNFFAV77CA,,66.48,見其他登記事項,見其他登記事項,107年3月23日,九層,七層
RPXNMLKLQHNFFAV77CA,,61.92,見其他登記事項,見其他登記事項,107年3月23日,九層,
RPOOMLQLPHNFFAV47CA,,55.68,見其他登記事項,見其他登記事項,107年3月23日,九層,七層
RPOOMLQLPHNFFAV47CA,,23.87,見其他登記事項,見其他登記事項,107年3月23日,九層,
RPXNMLNLQHNFFAV08CA,,61.04,見其他登記事項,見其他登記事項,107年3月23日,九層,六層
RPXNMLNLQHNFFAV08CA,,26.11,見其他登記事項,見其他登記事項,107年3月23日,九層,
RPWNMLKMPHNFFAV67CA,24,23.83,見其他登記事項,鋼筋混凝土造,83年1月26日,七層,三層
RPWNMLKMPHNFFAV67CA,24,.57,共有部分,鋼筋混凝土造,83年1月26日,七層,
RPWNMLKMPHNFFAV67CA,24,.57,共有部分,鋼筋混凝土造,83年1月26日,七層,
RPWNMLKMPHNFFAV67CA,24,.57,共有部分,鋼筋混凝土造,83年1月26日,七層,
RPWNMLKMPHNFFAV67CA,24,.57,共有部分,鋼筋混凝土造,83年1月26日,七層,
RPWNMLKMPHNFFAV67CA,24,.57,共有部分,鋼筋混凝土造,83年1月26日,七層,
RPWNMLKMPHNFFAV67CA,24,.57,共有部分,鋼筋混凝土造,83年1月26日,七層,
RPWNMLKMPHNFFAV67CA,24,.58,共有部分,鋼筋混凝土造,83年1月26日,七層,
RPWNMLKMPHNFFAV67CA,24,4.33,共有部分,鋼筋混凝土造,83年1月26日,七層,
RPRNMLTLPHNFFAV97CA,,51.84,見其他登記事項,見其他登記事項,107年3月23日,九層,八層
RPRNMLTLPHNFFAV97CA,,22.38,見其他登記事項,見其他登記事項,107年3月23日,九層,
RPROMLOKQHNFFAV57CA,,64.14,住家用,見其他登記事項,,一層,一層
RPSNMLKMPHNFFAV27CA,7,203.87,見其他登記事項,見其他登記事項,100年5月13日,三層,一層 二層 三層 屋頂突出物
RPVNMLKMPHNFFAV57CA,24,6.90,見其他登記事項,鋼筋混凝土造,83年2月25日,十二層,
RPVNMLKMPHNFFAV57CA,24,48.17,見其他登記事項,鋼筋混凝土造,83年2月25日,十二層,五層
RPVNMLKMPHNFFAV57CA,24,6.48,見其他登記事項,鋼筋混凝土造,83年2月25日,十二層,
RPVNMLKMPHNFFAV57CA,24,48.17,見其他登記事項,鋼筋混凝土造,83年2月25日,十二層,五層
RPVNMLKMPHNFFAV57CA,24,6.90,見其他登記事項,鋼筋混凝土造,83年2月25日,十二層,
RPVNMLKMPHNFFAV57CA,24,6.48,見其他登記事項,鋼筋混凝土造,83年2月25日,十二層,
RPVNMLQLPHNFFAV08CA,39,59.90,住家用,加強磚造,68年7月6日,二層,一層 二層 騎樓
RPVNMLQLPHNFFAV08CA,39,59.90,住家用,加強磚造,68年7月6日,二層,一層 二層 騎樓
RPPOMLKLQHNFFAV07CA,,64.37,見其他登記事項,見其他登記事項,107年3月23日,九層,八層
RPPOMLKLQHNFFAV07CA,,57.94,見其他登記事項,見其他登記事項,107年3月23日,九層,
RPQOMLKLQHNFFAV17CA,,114.00,見其他登記事項,見其他登記事項,107年3月23日,九層,三層
RPQOMLKLQHNFFAV17CA,,79.57,見其他登記事項,見其他登記事項,107年3月23日,九層,
RPQNMLLJQHNFFAV96CA,36,152.70,住家用,加強磚造,71年2月20日,二層,一層 二層
RPPNMLLMPHNFFAV07CA,,51.84,見其他登記事項,見其他登記事項,107年3月23日,九層,三層
RPPNMLLMPHNFFAV07CA,,22.38,見其他登記事項,見其他登記事項,107年3月23日,九層,
RPPNMLLJQHNFFAV86CA,,237.32,見其他登記事項,見其他登記事項,107年3月23日,三層,一層 二層 三層 見其他登記事項
RPPNMLLKQHNFFAV96CA,38,131.46,住家用,加強磚造,69年7月5日,二層,一層 二層 騎樓
RPQOMLKMPHNFFAV17CA,6,201.80,見其他登記事項,見其他登記事項,101年3月13日,三層,一層 二層 三層
RPQOMLLJQHNFFAV07CA,,56.94,見其他登記事項,見其他登記事項,107年3月23日,九層,五層
RPQOMLLJQHNFFAV07CA,,24.37,見其他登記事項,見其他登記事項,107年3月23日,九層,
RPUNMLLJQHNFFAV37CA,25,27.19,見其他登記事項,鋼筋混凝土造,82年5月22日,十二層,十一層
RPUNMLLJQHNFFAV37CA,25,7.26,見其他登記事項,鋼筋混凝土造,82年5月22日,十二層,
RPUNMLLJQHNFFAV37CA,25,3.45,共有部分,鋼筋混凝土造,82年5月22日,十二層,
RPSNMLLJQHNFFAV17CA,,55.68,見其他登記事項,見其他登記事項,107年3月23日,九層,四層
RPSNMLLJQHNFFAV17CA,,23.87,見其他登記事項,見其他登記事項,107年3月23日,九層,
RPOOMLSJQHNFFAV57CA,22,165.18,住家用,鋼筋混凝土造,85年1月13日,四層,一層 二層 三層 四層
RPWNMLLJQHNFFAV57CA,13,422.40,見其他登記事項,見其他登記事項,94年9月5日,一層,一層
RPVNMLLJQHNFFAV47CA,,50.25,住家用,見其他登記事項,,一層,一層
RPUNMLLLQHNFFAV57CA,,104.32,見其他登記事項,見其他登記事項,107年3月23日,九層,九層
RPUNMLLLQHNFFAV57CA,,75.10,見其他登記事項,見其他登記事項,107年3月23日,九層,
RPOOMLLJQHNFFAV86CA,,230.56,見其他登記事項,見其他登記事項,107年3月22日,三層,一層 二層 三層 見其他登記事項
RPXNMLLJQHNFFAV67CA,,237.32,見其他登記事項,見其他登記事項,107年3月23日,三層,一層 二層 三層 見其他登記事項
RPXNMLMJQHNFFAV77CA,7,219.87,見其他登記事項,見其他登記事項,100年6月17日,三層,一層 二層 三層
RPTNMLMJQHNFFAV37CA,,250.00,見其他登記事項,見其他登記事項,107年5月8日,三層,一層 二層 三層 騎樓 見其他登記事項
RPUNMLRJQHNFFAV97CA,38,193.20,住家用,見其他登記事項,69年2月4日,三層,一層 二層 三層 騎樓 地下層
RPTNMLMLQHNFFAV57CA,35,103.44,住家用,加強磚造,72年12月21日,二層,一層 二層 騎樓
