﻿編號,土地區段位置,土地移轉面積(平方公尺),使用分區或編定
The serial number,land sector position,land shifting area (square meter),the use zoning or compiles and checks
RPPNMLQLPHNFFCV67CA,加拿段,542.86,非都市：山坡地保育區 ; 非都市編定：農牧用地
RPPNMLQLPHNFFCV67CA,加拿段,535.71,非都市：山坡地保育區 ; 非都市編定：農牧用地
RPQNMLRLPHNFFBV77CA,烏石鼻段,1284.51,非都市：風景區 ; 非都市編定：農牧用地
RPQNMLRLPHNFFBV77CA,玉長段,225.81,非都市：風景區 ; 非都市編定：農牧用地
RPPNMLRLPHNFFBV67CA,烏石鼻段,1284.51,非都市：風景區 ; 非都市編定：農牧用地
RPPNMLRLPHNFFBV67CA,玉長段,225.81,非都市：風景區 ; 非都市編定：農牧用地
RPPNMLSJQHNFFCV77CA,豐泉段,465.47,都市：住
RPPNMLRLPHNFFCV77CA,慶福段,82.21,都市：商
RPPNMLRLPHNFFCV77CA,慶福段,13.55,都市：商
RPWNMLOLPHNFFAV97CA,常德段,16.52,都市：商
RPPNMLPLPHNFFAV37CA,常德段,15.88,都市：商
RPUNMLOLPHNFFAV77CA,常德段,14.47,都市：商
RPSNMLOLPHNFFAV57CA,常德段,16.52,都市：商
RPPNMLKLQHNFFAV96CA,豐里段,3116.66,非都市：特定農業區 ; 非都市編定：農牧用地
RPVNMLOLPHNFFAV87CA,豐年段,18.00,都市：住
RPPNMLRLPHNFFAV67DA,下賓朗段,89.86,非都市：一般農業區 ; 非都市編定：甲種建築用地
RPWNMLKLQHNFFAV67CA,常德段,35.86,都市：商
RPVNMLKLQHNFFAV57CA,常德段,22.41,都市：商
RPUNMLKLQHNFFAV47CA,常德段,35.86,都市：商
RPQNMLPLPHNFFAV47CA,常德段,15.63,都市：商
RPPNMLQLPHNFFAV47CA,常德段,14.47,都市：商
RPQNMLQLPHNFFAV57CA,常德段,16.52,都市：商
RPPOMLLJQHNFFAV96CA,台東段,149.00,都市：住
RPRNMLQLPHNFFAV67CA,豐康段,68.89,都市：住
RPRNMLQLPHNFFAV67CA,豐康段,68.89,都市：住
RPTNMLQLPHNFFAV87CA,旭川段,96.77,非都市：鄉村區 ; 非都市編定：乙種建築用地
RPQNMLKMPHNFFAV07CA,台東段,3.28,都市：住
RPRNMLKMPHNFFAV17CA,台東段,70.00,都市：住
RPPNMLTLPHNFFAV77CA,常德段,7.94,都市：商
RPPNMLTLPHNFFAV77CA,常德段,7.94,都市：商
RPPNMLPLPHNFFBV47CA,高原段,4347.50,非都市：森林區 ; 非都市編定：農牧用地
RPPNMLPLPHNFFBV47CA,高原段,4347.50,非都市：森林區 ; 非都市編定：農牧用地
RPQNMLTLPHNFFAV87CA,常德段,16.52,都市：商
RPOOMLKLQHNFFAV96CA,常德段,16.91,都市：商
RPXNMLKLQHNFFAV77CA,常德段,22.41,都市：商
RPOOMLQLPHNFFAV47CA,常德段,15.63,都市：商
RPPOMLKMPHNFFAV07CA,興安段,132.92,都市：住
RPXNMLNLQHNFFAV08CA,常德段,16.91,都市：商
RPRNMLRLPHNFFAV77CA,石壁段,1276.51,都市：農
RPWNMLKMPHNFFAV67CA,馬蘭段,2.46,都市：住
RPWNMLKMPHNFFAV67CA,馬蘭段,2.89,都市：住
RPRNMLTLPHNFFAV97CA,常德段,14.47,都市：商
RPSNMLKMPHNFFAV27CA,台東段,108.00,都市：住
RPVNMLKMPHNFFAV57CA,台東段,7.69,都市：住
RPVNMLKMPHNFFAV57CA,台東段,7.69,都市：住
RPVNMLQLPHNFFAV08CA,自強段,52.00,都市：住
RPVNMLQLPHNFFAV08CA,自強段,52.00,都市：住
RPPOMLKLQHNFFAV07CA,常德段,21.90,都市：商
RPPNMLKMPHNFFAV07DA,建華段,310.80,非都市：特定農業區 ; 非都市編定：農牧用地
RPQOMLKLQHNFFAV17CA,常德段,35.86,都市：商
RPRNMLMJQHNFFAV27DA,北南王段,1584.23,都市：其他
SPRNMLMJQHNFFAV37DA,北南王段,161.45,都市：其他
RPPNMLLMPHNFFBV17CA,南佳里段,5556.83,非都市：風景區 ; 非都市編定：農牧用地
RPQNMLLJQHNFFAV96CA,下賓朗段,327.47,非都市：一般農業區 ; 非都市編定：甲種建築用地
RPPNMLLMPHNFFAV07CA,常德段,14.47,都市：商
RPVNMLMJQHNFFAV67DA,北南王段,793.72,都市：其他
RPTNMLRJQHNFFAV87CA,旭川段,91.19,都市：農
RPPNMLLJQHNFFAV86CA,建成段,115.98,都市：住
RPOOMLOKQHNFFAV27CA,常德段,477.73,都市：住
RPPNMLLKQHNFFAV96CA,豐榮段,111.00,都市：住
RPWNMLMJQHNFFAV77DA,北南王段,793.72,都市：其他
RPSNMLRJQHNFFAV77CA,旭川段,105.70,都市：農
RPQOMLKMPHNFFAV17CA,東海段,130.37,都市：住
RPQOMLLJQHNFFAV07CA,常德段,15.88,都市：商
RPUNMLLJQHNFFAV37CA,台東段,3.68,都市：住
RPTNMLNJQHNFFAV47CA,龍過脈段,2551.73,非都市：山坡地保育區 ; 非都市編定：農牧用地
RPSNMLLJQHNFFAV17CA,常德段,15.63,都市：商
RPOOMLSJQHNFFAV57CA,豐年段,22.92,都市：住
RPOOMLSJQHNFFAV57CA,豐年段,61.04,都市：住
RPWNMLLJQHNFFAV57CA,豐工段,1000.01,都市：工
RPVNMLLJQHNFFAV47CA,台東段,53.00,都市：住
RPUNMLLLQHNFFAV57CA,常德段,32.92,都市：商
RPUNMLMJQHNFFAV57DA,北南王段,1584.23,都市：其他
RPOOMLLJQHNFFAV86CA,建成段,108.50,都市：住
RPQNMLMJQHNFFAV17DA,知本段,5000.00,非都市：特定農業區 ; 非都市編定：農牧用地
RPVOMLMLQHNFFAV97DA,台東段,29.00,都市：住
SPUNMLMJQHNFFAV67DA,北南王段,161.45,都市：其他
RPXNMLLJQHNFFAV67CA,建成段,114.82,都市：住
RPPNMLMJQHNFFCV17CA,電光段,79.84,非都市：鄉村區 ; 非都市編定：交通用地
RPPNMLMJQHNFFCV17CA,電光段,224.48,非都市：鄉村區 ; 非都市編定：乙種建築用地
RPPNMLMJQHNFFCV17CA,電光段,102.72,非都市：鄉村區 ; 非都市編定：乙種建築用地
RPPNMLRJQHNFFBV57CA,東河段,28.05,都市：住
RPPNMLRJQHNFFBV57CA,東河段,7.57,都市：住
RPXNMLMJQHNFFAV77CA,光明段,121.00,都市：住
RPTNMLMJQHNFFAV37CA,台東段,105.00,都市：住
RPUNMLRJQHNFFAV97CA,豐谷段,87.00,都市：住
RPTNMLMLQHNFFAV57CA,台東段,86.00,都市：住
RPPNMLNJQHNFFDV37CA,金富段,101.78,非都市：鄉村區 ; 非都市編定：乙種建築用地
RPQNMLLJQHNFFDV27CA,德其段,106.12,都市：住
RPRNMLLJQHNFFDV37CA,德其段,106.13,都市：住
