﻿編號,屋齡,建物移轉面積(平方公尺),主要用途,主要建材,建築完成日期,總層數,建物分層
The serial number,room age,building shifting area (square meter),the main use,main building materials,construction completes the date,total layer,building lamination
RPVNMLPLPHNFFAW08CA,2,79.79,見其他登記事項,鋼筋混凝土造,105年4月21日,八層,六層
RPVNMLPLPHNFFAW08CA,2,22.76,見其他登記事項,鋼筋混凝土造,105年4月21日,八層,
RPWNMLKLQHNFFAW77CA,,76.83,見其他登記事項,鋼筋混凝土造,107年5月14日,三層,
RPWNMLKLQHNFFAW77CA,,192.76,見其他登記事項,鋼筋混凝土造,107年5月14日,三層,一層 二層 三層
RPVNMLKLQHNFFAW67CA,,188.05,見其他登記事項,鋼筋混凝土造,107年5月14日,三層,一層 二層 三層
RPVNMLKLQHNFFAW67CA,,76.00,見其他登記事項,鋼筋混凝土造,107年5月14日,三層,
RPPOMLKLQHNFFAW17CA,,74.35,見其他登記事項,鋼筋混凝土造,107年5月14日,三層,
RPPOMLKLQHNFFAW17CA,,180.48,見其他登記事項,鋼筋混凝土造,107年5月14日,三層,一層 二層 三層
RPQOMLKLQHNFFAW27CA,,74.27,見其他登記事項,鋼筋混凝土造,107年5月14日,三層,
RPQOMLKLQHNFFAW27CA,,179.77,見其他登記事項,鋼筋混凝土造,107年5月14日,三層,一層 二層 三層
RPROMLKLQHNFFAW37CA,,74.27,見其他登記事項,鋼筋混凝土造,107年5月14日,三層,
RPROMLKLQHNFFAW37CA,,179.65,見其他登記事項,鋼筋混凝土造,107年5月14日,三層,一層 二層 三層
RPQNMLQJQHNFFAW57CA,5,27.20,見其他登記事項,鋼筋混凝土造,102年11月20日,三層,一層
RPQNMLQJQHNFFAW57CA,5,2.83,見其他登記事項,鋼筋混凝土造,102年11月20日,三層,
RPQNMLQJQHNFFAW57CA,5,12.33,見其他登記事項,鋼筋混凝土造,102年11月20日,三層,
RPSNMLKKQHNFFAW27CA,1,89.05,見其他登記事項,鋼筋混凝土造,106年12月13日,七層,四層
RPSNMLKKQHNFFAW27CA,1,26.45,見其他登記事項,鋼筋混凝土造,106年12月13日,七層,
RPPPMLKLQHNFFAW27CA,,76.42,見其他登記事項,鋼筋混凝土造,107年5月14日,三層,
RPPPMLKLQHNFFAW27CA,,190.65,見其他登記事項,鋼筋混凝土造,107年5月14日,三層,一層 二層 三層
RPUOMLKLQHNFFAW67CA,,74.27,見其他登記事項,鋼筋混凝土造,107年5月14日,三層,
RPUOMLKLQHNFFAW67CA,,179.65,見其他登記事項,鋼筋混凝土造,107年5月14日,三層,一層 二層 三層
RPSOMLKLQHNFFAW47CA,,74.27,見其他登記事項,鋼筋混凝土造,107年5月14日,三層,
RPSOMLKLQHNFFAW47CA,,179.65,見其他登記事項,鋼筋混凝土造,107年5月14日,三層,一層 二層 三層
RPWOMLKLQHNFFAW87CA,,74.77,見其他登記事項,鋼筋混凝土造,107年5月14日,三層,
RPWOMLKLQHNFFAW87CA,,182.41,見其他登記事項,鋼筋混凝土造,107年5月14日,三層,一層 二層 三層
RPTOMLKLQHNFFAW57CA,,74.27,見其他登記事項,鋼筋混凝土造,107年5月14日,三層,
RPTOMLKLQHNFFAW57CA,,179.65,見其他登記事項,鋼筋混凝土造,107年5月14日,三層,一層 二層 三層
RPXOMLKLQHNFFAW97CA,,76.75,見其他登記事項,鋼筋混凝土造,107年5月14日,三層,
RPXOMLKLQHNFFAW97CA,,192.62,見其他登記事項,鋼筋混凝土造,107年5月14日,三層,一層 二層 三層
RPPNMLNLQHNFFAW37CA,16,73.72,住家用,鋼筋混凝土造,90年12月21日,三層,二層
RPPNMLNLQHNFFAW37CA,16,8.62,見其他登記事項,鋼筋混凝土造,90年12月21日,三層,
RPRNMLKLQHNFFAW27CA,,176.17,見其他登記事項,鋼筋混凝土造,107年5月14日,三層,一層 二層 三層
RPRNMLKLQHNFFAW27CA,,73.61,見其他登記事項,鋼筋混凝土造,107年5月14日,三層,
RPQNMLLJQHNFFAW07CA,,76.58,見其他登記事項,鋼筋混凝土造,107年5月14日,三層,
RPQNMLLJQHNFFAW07CA,,96.00,見其他登記事項,鋼筋混凝土造,107年5月14日,三層,一層 二層 三層
RPQNMLLJQHNFFAW07CA,,96.00,見其他登記事項,鋼筋混凝土造,107年5月14日,三層,一層 二層 三層
RPRNMLQJQHNFFAW67CA,,71.51,見其他登記事項,鋼筋混凝土造,107年2月2日,五層,五層
RPRNMLQJQHNFFAW67CA,,10.21,見其他登記事項,鋼筋混凝土造,107年2月2日,五層,
RPRNMLQJQHNFFAW67CA,,35.99,見其他登記事項,鋼筋混凝土造,107年2月2日,五層,
RPRNMLLJQHNFFAW17CA,2,57.21,見其他登記事項,鋼筋混凝土造,105年5月9日,三層,三層
RPRNMLLJQHNFFAW17CA,2,5.30,見其他登記事項,鋼筋混凝土造,105年5月9日,三層,
