﻿編號,土地區段位置,土地移轉面積(平方公尺),使用分區或編定
The serial number,land sector position,land shifting area (square meter),the use zoning or compiles and checks
RPPNMLPLPHNFFAW57DA,湖前段,110.76,都市：其他
RPRNMLKKQHNFFAW17CA,市港段,25.95,都市：住
RPVNMLPLPHNFFAW08CA,市港段,19.95,都市：住
RPWNMLKLQHNFFAW77CA,湖前段,119.35,都市：其他
RPVNMLKLQHNFFAW67CA,湖前段,116.52,都市：其他
RPTNMLPLPHNFFAW87CA,東珩段,124.02,都市：其他
RPTNMLPLPHNFFAW87CA,東珩段,340.11,都市：其他
RPTNMLPLPHNFFAW87CA,東店段,65.01,都市：其他
RPTNMLPLPHNFFAW87CA,東店段,231.39,都市：其他
RPTNMLPLPHNFFAW87CA,東店段,362.68,都市：其他
RPTNMLPLPHNFFAW87CA,東店段,383.89,都市：其他
RPTNMLPLPHNFFAW87CA,東店段,191.77,都市：其他
RPTNMLPLPHNFFAW87CA,東店段,261.51,都市：其他
RPSNMLPLPHNFFAW77CA,多年段,150.68,都市：農
RPRNMLPLPHNFFAW67CA,沙宅劃段,250.00,都市：農
RPRNMLPLPHNFFAW67CA,沙宅劃段,250.00,都市：農
RPRNMLPLPHNFFAW67CA,沙宅劃段,250.00,都市：農
RPRNMLPLPHNFFAW67CA,沙宅劃段,250.00,都市：農
RPQNMLPLPHNFFAW57CA,塔后段,421.55,都市：其他
RPPOMLKLQHNFFAW17CA,湖前段,111.67,都市：其他
RPQOMLKLQHNFFAW27CA,湖前段,111.32,都市：其他
RPROMLKLQHNFFAW37CA,湖前段,111.32,都市：其他
RPPNMLKMPHNFFAW07CA,新頭段,277.12,都市：其他
RPQOMLOKQHNFFAW57CA,斗門劃測段,1000.00,都市：農
RPPNMLRLPHNFFAW67CA,沙東劃段,1000.08,都市：農
RPQNMLQJQHNFFAW57CA,北二三劃測段,15.03,都市：住
RPXNMLOKQHNFFAW18CA,北九十劃段,495.82,都市：農
RPXNMLOKQHNFFAW18CA,西園測段,433.41,都市：農
RPSNMLKKQHNFFAW27CA,市港段,25.95,都市：住
RPTNMLKMPHNFFAW47CA,安西劃段,1364.39,都市：農
RPPNMLRLQHNFFAW77CA,寧劃段,491.53,都市：農
RPPNMLRLQHNFFAW77CA,寧劃段,491.52,都市：農
RPTNMLTJQHNFFAW18CA,烈濱劃測段,370.50,都市：農
RPPPMLKLQHNFFAW27CA,湖前段,118.20,都市：其他
RPUOMLKLQHNFFAW67CA,湖前段,111.32,都市：其他
RPSOMLKLQHNFFAW47CA,湖前段,111.32,都市：其他
RPWOMLKLQHNFFAW87CA,湖前段,112.94,都市：其他
RPTOMLKLQHNFFAW57CA,湖前段,111.32,都市：其他
RPXOMLKLQHNFFAW97CA,湖前段,119.34,都市：其他
RPPNMLNLQHNFFAW37CA,漁村段,44.13,都市：住
RPRNMLKLQHNFFAW27CA,湖前段,109.14,都市：其他
RPPNMLMJQHNFFAW07CA,湖尾村段,63.00,都市：住
RPQNMLLJQHNFFAW07CA,湖前段,59.42,都市：住
RPQNMLLJQHNFFAW07CA,湖前段,59.42,都市：住
RPRNMLQJQHNFFAW67CA,湖尾村段,38.56,都市：其他
RPRNMLLJQHNFFAW17CA,金門城段,37.60,都市：住
