﻿鄉鎮市區,交易標的,土地區段位置/建物區段門牌,土地移轉總面積(平方公尺),都市土地使用分區,非都市土地使用分區,非都市土地使用編定,交易年月日,交易筆棟數,移轉層次,總樓層數,建物型態,主要用途,主要建材,建築完成年月,建物移轉總面積(平方公尺),建物現況格局-房,建物現況格局-廳,建物現況格局-衛,建物現況格局-隔間,有無管理組織,總價(元),單價(元/平方公尺),車位類別,車位移轉總面積(平方公尺),車位總價(元),備註,編號
The villages and towns urban district,transaction sign,land sector position/building sector house number plate,land shifting total area (square meter),the use zoning or compiles and checks,the non-metropolis land use district,non-metropolis land use,transaction year, month and day,transaction pen number,shifting level,total floor number,building state,main use,main building materials,construction to complete the years,building shifting total area,Building present situation pattern - room,building present situation pattern - hall,building present situation pattern - health,building present situation pattern - compartmented,Whether there is manages the organization,total price (Yuan),the unit price (a Yuan/square meter),the berth category,berth shifting total area (square meter),the berth total price (Yuan),the note,serial number
金沙鎮,土地,東珩段781~810地號,1960.38,其他,,,1070629,土地8建物0車位0,,,其他,,,,0.0,0,0,0,有,無,7060000,3601,,0.0,0,,RPTNMLPLPHNFFAW87CA
金湖鎮,土地,市港段31~60地號,25.95,住,,,1070620,土地1建物0車位0,,,其他,,,,0.0,0,0,0,有,無,3575000,137765,,0.0,0,,RPRNMLKKQHNFFAW17CA
金湖鎮,房地(土地+建物),金門縣金湖鎮市港三路241~270號,25.95,住,,,1070620,土地1建物1車位0,四層,七層,華廈(10層含以下有電梯),見其他登記事項,鋼筋混凝土造,1061213,115.5,3,2,2,有,無,6500000,56277,,0.0,0,,RPSNMLKKQHNFFAW27CA
金沙鎮,土地,斗門劃測段151~180地號,1000.0,農,,,1070711,土地1建物0車位0,,,其他,,,,0.0,0,0,0,有,無,3990000,3990,,0.0,0,,RPQOMLOKQHNFFAW57CA
金沙鎮,土地,北九十劃段301~330地號,929.23,農,,,1070706,土地2建物0車位0,,,其他,,,,0.0,0,0,0,有,無,2000000,2152,,0.0,0,,RPXNMLOKQHNFFAW18CA
金湖鎮,土地,多年段991~1020地號,150.68,農,,,1070705,土地1建物0車位0,,,其他,,,,0.0,0,0,0,有,無,250000,1659,,0.0,0,,RPSNMLPLPHNFFAW77CA
金湖鎮,房地(土地+建物),金門縣金湖鎮市港三路211~240號,19.95,住,,,1070607,土地1建物1車位0,六層,八層,華廈(10層含以下有電梯),見其他登記事項,鋼筋混凝土造,1050421,102.55000000000001,3,2,2,有,無,7500000,73135,,0.0,0,,RPVNMLPLPHNFFAW08CA
金湖鎮,房地(土地+建物)+車位,金門縣金湖鎮環島南路五段165巷3弄1~30號,116.52,其他,,,1070713,土地1建物1車位1,全,三層,透天厝,見其他登記事項,鋼筋混凝土造,1070514,264.05,5,2,4,有,有,11000000,41659,坡道平面,39.24,0,,RPVNMLKLQHNFFAW67CA
金湖鎮,土地,湖前段421~450地號,110.76,其他,,,1070716,土地1建物0車位0,,,其他,,,,0.0,0,0,0,有,無,2004756,18100,,0.0,0,,RPPNMLPLPHNFFAW57DA
金湖鎮,房地(土地+建物)+車位,金門縣金湖鎮環島南路五段165巷3弄1~30號,119.35,其他,,,1070713,土地1建物1車位1,全,三層,透天厝,見其他登記事項,鋼筋混凝土造,1070514,269.59,5,2,4,有,有,9500000,35239,坡道平面,39.24,0,,RPWNMLKLQHNFFAW77CA
金湖鎮,房地(土地+建物)+車位,金門縣金湖鎮環島南路五段165巷5弄1~30號,111.67,其他,,,1070713,土地1建物1車位1,全,三層,透天厝,見其他登記事項,鋼筋混凝土造,1070514,254.82999999999998,5,2,4,有,有,10500000,41204,坡道平面,39.24,0,,RPPOMLKLQHNFFAW17CA
金湖鎮,房地(土地+建物)+車位,金門縣金湖鎮環島南路五段165巷5弄1~30號,111.32,其他,,,1070713,土地1建物1車位1,全,三層,透天厝,見其他登記事項,鋼筋混凝土造,1070514,254.04000000000002,5,2,4,有,有,10950000,43103,坡道平面,39.24,0,,RPQOMLKLQHNFFAW27CA
金湖鎮,房地(土地+建物)+車位,金門縣金湖鎮環島南路五段165巷5弄1~30號,111.32,其他,,,1070713,土地1建物1車位1,全,三層,透天厝,見其他登記事項,鋼筋混凝土造,1070514,253.92000000000002,5,2,4,有,有,8500000,33475,坡道平面,39.24,0,,RPROMLKLQHNFFAW37CA
金湖鎮,土地,塔后段241~270地號,421.55,其他,,,1070710,土地1建物0車位0,,,其他,,,,0.0,0,0,0,有,無,3100000,7354,,0.0,0,,RPQNMLPLPHNFFAW57CA
金沙鎮,土地,沙宅劃段271~300地號,1000.0,農,,,1070704,土地2建物0車位0,,,其他,,,,0.0,0,0,0,有,無,3050000,3050,,0.0,0,,RPRNMLPLPHNFFAW67CA
金湖鎮,土地,新頭段451~480地號,277.12,其他,,,1070715,土地1建物0車位0,,,其他,,,,0.0,0,0,0,有,無,800000,2887,,0.0,0,,RPPNMLKMPHNFFAW07CA
金寧鄉,房地(土地+建物)+車位,金門縣金寧鄉下堡91~120號,15.03,住,,,1070709,土地1建物1車位1,一層,三層,公寓(5樓含以下無電梯),見其他登記事項,鋼筋混凝土造,1021120,42.36,4,1,4,有,無,1800000,42493,坡道平面,0.0,0,,RPQNMLQJQHNFFAW57CA
金沙鎮,土地,沙東劃段331~360地號,1000.08,農,,,1070717,土地1建物0車位0,,,其他,,,,0.0,0,0,0,有,無,2500000,2500,,0.0,0,,RPPNMLRLPHNFFAW67CA
金湖鎮,房地(土地+建物)+車位,金門縣金湖鎮環島南路五段165巷5弄1~30號,111.32,其他,,,1070713,土地1建物1車位1,全,三層,透天厝,見其他登記事項,鋼筋混凝土造,1070514,253.92000000000002,5,2,4,有,有,11000000,43321,坡道平面,39.24,0,,RPSOMLKLQHNFFAW47CA
金湖鎮,房地(土地+建物)+車位,金門縣金湖鎮環島南路五段165巷5弄1~30號,111.32,其他,,,1070713,土地1建物1車位1,全,三層,透天厝,見其他登記事項,鋼筋混凝土造,1070514,253.92000000000002,5,2,4,有,有,11000000,43321,坡道平面,39.24,0,,RPTOMLKLQHNFFAW57CA
金湖鎮,房地(土地+建物)+車位,金門縣金湖鎮環島南路五段165巷5弄1~30號,111.32,其他,,,1070713,土地1建物1車位1,全,三層,透天厝,見其他登記事項,鋼筋混凝土造,1070514,253.92000000000002,5,2,4,有,有,10500000,41352,坡道平面,39.24,0,,RPUOMLKLQHNFFAW67CA
金湖鎮,房地(土地+建物),金門縣金湖鎮漁村121~150號,44.13,住,,,1070620,土地1建物1車位0,二層,三層,公寓(5樓含以下無電梯),住家用,鋼筋混凝土造,0901221,82.34,3,2,2,有,無,3600000,43721,,0.0,0,,RPPNMLNLQHNFFAW37CA
金寧鄉,土地,寧劃段1351~1380地號,983.05,農,,,1070716,土地2建物0車位0,,,其他,,,,0.0,0,0,0,有,無,1200000,1221,,0.0,0,,RPPNMLRLQHNFFAW77CA
金湖鎮,房地(土地+建物)+車位,金門縣金湖鎮環島南路五段165巷5弄1~30號,112.94,其他,,,1070713,土地1建物1車位1,全,三層,透天厝,見其他登記事項,鋼筋混凝土造,1070514,257.18,5,2,4,有,有,9000000,34995,坡道平面,39.24,0,,RPWOMLKLQHNFFAW87CA
金湖鎮,房地(土地+建物)+車位,金門縣金湖鎮環島南路五段165巷6弄1~30號,119.34,其他,,,1070713,土地1建物1車位1,全,三層,透天厝,見其他登記事項,鋼筋混凝土造,1070514,269.37,5,2,4,有,有,9660000,35861,坡道平面,39.24,0,,RPXOMLKLQHNFFAW97CA
金湖鎮,房地(土地+建物)+車位,金門縣金湖鎮環島南路五段165巷6弄1~30號,118.2,其他,,,1070713,土地1建物1車位1,全,三層,透天厝,見其他登記事項,鋼筋混凝土造,1070514,267.07,5,2,4,有,有,11500000,43060,坡道平面,39.24,0,,RPPPMLKLQHNFFAW27CA
金寧鄉,土地,安西劃段1021~1050地號,1364.39,農,,,1070706,土地1建物0車位0,,,其他,,,,0.0,0,0,0,有,無,6000000,4398,,0.0,0,,RPTNMLKMPHNFFAW47CA
金湖鎮,房地(土地+建物)+車位,金門縣金湖鎮環島南路五段165巷5弄1~30號,109.14,其他,,,1070719,土地1建物1車位1,全,三層,透天厝,見其他登記事項,鋼筋混凝土造,1070514,249.77999999999997,5,2,4,有,有,10000000,40035,坡道平面,39.24,0,,RPRNMLKLQHNFFAW27CA
烈嶼鄉,土地,烈濱劃測段1261~1290地號,370.5,農,,,1070720,土地1建物0車位0,,,其他,,,,0.0,0,0,0,有,無,1500000,4049,,0.0,0,,RPTNMLTJQHNFFAW18CA
金湖鎮,房地(土地+建物)+車位,金門縣金湖鎮環島南路五段165巷1弄31~60號,118.84,住,,,1070710,土地1建物1車位1,全,三層,透天厝,見其他登記事項,鋼筋混凝土造,1070514,268.57,5,1,5,有,無,10000000,37234,坡道平面,39.24,0,,RPQNMLLJQHNFFAW07CA
金城鎮,房地(土地+建物),金門縣金城鎮金門城61~90號,37.6,住,,,1070709,土地1建物1車位0,三層,三層,公寓(5樓含以下無電梯),見其他登記事項,鋼筋混凝土造,1050509,62.51,2,1,2,有,無,3720000,59510,,0.0,0,,RPRNMLLJQHNFFAW17CA
金寧鄉,土地,湖尾村段151~180地號,63.0,住,,,1070730,土地1建物0車位0,,,其他,,,,0.0,0,0,0,有,無,1000000,15873,,0.0,0,"增值稅由買方負擔金額187,020",RPPNMLMJQHNFFAW07CA
金寧鄉,房地(土地+建物)+車位,金門縣金寧鄉中堡1~30號,38.56,其他,,,1070713,土地1建物1車位1,五層,五層,華廈(10層含以下有電梯),見其他登記事項,鋼筋混凝土造,1070202,117.71000000000001,3,2,2,有,無,5100000,52928,坡道平面,28.91,400000,,RPRNMLQJQHNFFAW67CA
