﻿編號,車位類別,車位價格,車位面積(平方公尺)
Serial number,berth category,berth price,berth area (square meter)
RPWNMLKLQHNFFAW77CA,坡道平面,0,39.24
RPVNMLKLQHNFFAW67CA,坡道平面,0,39.24
RPPOMLKLQHNFFAW17CA,坡道平面,0,39.24
RPQOMLKLQHNFFAW27CA,坡道平面,0,39.24
RPROMLKLQHNFFAW37CA,坡道平面,0,39.24
RPQNMLQJQHNFFAW57CA,坡道平面,0,
RPPPMLKLQHNFFAW27CA,坡道平面,0,39.24
RPUOMLKLQHNFFAW67CA,坡道平面,0,39.24
RPSOMLKLQHNFFAW47CA,坡道平面,0,39.24
RPWOMLKLQHNFFAW87CA,坡道平面,0,39.24
RPTOMLKLQHNFFAW57CA,坡道平面,0,39.24
RPXOMLKLQHNFFAW97CA,坡道平面,0,39.24
RPRNMLKLQHNFFAW27CA,坡道平面,0,39.24
RPQNMLLJQHNFFAW07CA,坡道平面,0,39.24
RPRNMLQJQHNFFAW67CA,坡道平面,400000,28.91
