﻿編號,屋齡,建物移轉面積(平方公尺),主要用途,主要建材,建築完成日期,總層數,建物分層
The serial number,room age,building shifting area (square meter),the main use,main building materials,construction completes the date,total layer,building lamination
RPQNMLRLPHNFFAX97DA,,282.63,住家用,鋼筋混凝土造,107年5月15日,四層,一層 二層 三層 四層
RPRNMLRLPHNFFAX08DA,,280.44,住家用,鋼筋混凝土造,107年5月15日,四層,一層 二層 三層 四層
RPSNMLQJQHNFFAX97DA,91,53.72,住家用,見其他登記事項,17年1月1日,一層,一層
RPRNMLLMPHNFFAX47CA,81,63.82,住家用,見其他登記事項,27年1月1日,一層,一層
RPSNMLLMPHNFFAX67DA,27,174.01,住家用,見其他登記事項,80年2月22日,三層,一層 二層 三層 夾層
RPPOMLKMPHNFFAX27CA,101,104.13,住家用,見其他登記事項,7年1月1日,一層,一層
RPQNMLTLQHNFFAX28DA,1,273.40,住家用,鋼筋混凝土造,106年5月8日,四層,一層 二層 三層 四層 見其他登記事項
