﻿鄉鎮市區,交易標的,土地區段位置/建物區段門牌,土地移轉總面積(平方公尺),都市土地使用分區,非都市土地使用分區,非都市土地使用編定,交易年月日,交易筆棟數,移轉層次,總樓層數,建物型態,主要用途,主要建材,建築完成年月,建物移轉總面積(平方公尺),建物現況格局-房,建物現況格局-廳,建物現況格局-衛,建物現況格局-隔間,有無管理組織,總價(元),單價(元/平方公尺),車位類別,車位移轉總面積(平方公尺),車位總價(元),備註,編號
The villages and towns urban district,transaction sign,land sector position/building sector house number plate,land shifting total area (square meter),the use zoning or compiles and checks,the non-metropolis land use district,non-metropolis land use,transaction year, month and day,transaction pen number,shifting level,total floor number,building state,main use,main building materials,construction to complete the years,building shifting total area,Building present situation pattern - room,building present situation pattern - hall,building present situation pattern - health,building present situation pattern - compartmented,Whether there is manages the organization,total price (Yuan),the unit price (a Yuan/square meter),the berth category,berth shifting total area (square meter),the berth total price (Yuan),the note,serial number
西嶼鄉,土地,赤馬二段391~420地號,548.12,,一般農業區,農牧用地,1070705,土地1建物0車位0,,,其他,,,,0.0,0,0,0,有,無,660000,1204,,0.0,0,親友、員工或其他特殊關係間之交易。;,RPSNMLPLPHNFFAX87CA
馬公市,房地(土地+建物),澎湖縣馬公市石泉1~30號,115.96,,一般農業區,甲種建築用地,1070626,土地1建物1車位0,全,四層,透天厝,住家用,鋼筋混凝土造,1070515,282.63,6,2,7,有,無,13000000,45997,,0.0,0,,RPQNMLRLPHNFFAX97DA
馬公市,房地(土地+建物),澎湖縣馬公市石泉1~30號,115.73,,一般農業區,甲種建築用地,1070626,土地1建物1車位0,全,四層,透天厝,住家用,鋼筋混凝土造,1070515,280.44,7,2,7,有,無,13000000,46356,,0.0,0,,RPRNMLRLPHNFFAX08DA
七美鄉,土地,大嶼段3841~3870地號,156.0,,鄉村區,乙種建築用地,1070708,土地1建物0車位0,,,其他,,,,0.0,0,0,0,有,無,760000,4872,,0.0,0,"親友、員工或其他特殊關係間之交易。;買賣價款含未保存建物一棟,門牌:澎湖縣七美鄉三塊厝28之1號",RPPNMLTJQHNFFAX87CA
白沙鄉,房地(土地+建物),澎湖縣白沙鄉岐頭1~30號,99.5,,鄉村區,乙種建築用地,1070715,土地1建物1車位0,全,一層,透天厝,住家用,見其他登記事項,0170101,53.72,1,1,1,有,無,500000,9308,,0.0,0,親友、員工或其他特殊關係間之交易。;,RPSNMLQJQHNFFAX97DA
馬公市,土地,埕東段181~210地號,62.16,其他,,,1070720,土地1建物0車位0,,,其他,,,,0.0,0,0,0,有,無,3232320,52000,,0.0,0,協議價購(都市計畫道路用地),RPRNMLQLPHNFFAX87CA
西嶼鄉,土地,池西段2341~2370地號,1123.17,,一般農業區,農牧用地,1070717,土地3建物0車位0,,,其他,,,,0.0,0,0,0,有,無,850000,757,,0.0,0,,RPSNMLQLPHNFFAX97CA
白沙鄉,土地,中屯新段361~390地號,221.54,,一般農業區,農牧用地,1070611,土地2建物0車位0,,,其他,,,,0.0,0,0,0,有,無,600000,2708,,0.0,0,親友、員工或其他特殊關係間之交易。;,RPPNMLKMPHNFFAX17CA
湖西鄉,土地,成功南段391~420地號,531.04,,一般農業區,農牧用地,1070504,土地1建物0車位0,,,其他,,,,0.0,0,0,0,有,無,5130000,9660,,0.0,0,,RPSNMLKMPHNFFAX47CA
白沙鄉,土地,鎮海新段661~690地號,661.07,,一般農業區,農牧用地,1070615,土地2建物0車位0,,,其他,,,,0.0,0,0,0,有,無,3700000,5597,,0.0,0,,RPVNMLKMPHNFFAX77CA
馬公市,土地,鎖港南段511~540地號,130.73,住,,,1070713,土地1建物0車位0,,,其他,,,,0.0,0,0,0,有,無,1900000,14534,,0.0,0,,RPOOMLKMPHNFFAX27DA
望安鄉,土地,花宅段2101~2130地號,132.0,,鄉村區,乙種建築用地,1070521,土地2建物0車位0,,,其他,,,,0.0,0,0,0,有,無,211200,1600,,0.0,0,,RPPNMLPKQHNFFAX57CA
白沙鄉,房地(土地+建物),澎湖縣白沙鄉瓦硐村61~90號,334.12,,鄉村區,乙種建築用地,1070712,土地2建物1車位0,全,一層,透天厝,住家用,見其他登記事項,0070101,104.13,0,0,0,無,無,910000,8739,,0.0,0,,RPPOMLKMPHNFFAX27CA
馬公市,土地,文寮段1321~1350地號,6.38,,鄉村區,水利用地,1070613,土地1建物0車位0,,,其他,,,,0.0,0,0,0,有,無,124219,19470,,0.0,0,向政府機關承購之案件。;,RPQNMLKMPHNFFAX27CA
馬公市,土地,文東段481~510地號,490.0,,一般農業區,農牧用地,1061024,土地1建物0車位0,,,其他,,,,0.0,0,0,0,有,無,8500000,17347,,0.0,0,,RPRNMLKMPHNFFAX37CA
西嶼鄉,房地(土地+建物),澎湖縣西嶼鄉竹篙灣121~150號,157.34,,鄉村區,乙種建築用地,1070723,土地2建物1車位0,全,一層,透天厝,住家用,見其他登記事項,0270101,63.82,2,1,1,有,無,376000,5892,,0.0,0,親友、員工或其他特殊關係間之交易。;,RPRNMLLMPHNFFAX47CA
湖西鄉,土地,成功南段1231~1260地號,1470.1,,一般農業區,農牧用地,1070713,土地3建物0車位0,,,其他,,,,0.0,0,0,0,有,無,1778000,1209,,0.0,0,,RPTNMLLMPHNFFAX67CA
馬公市,土地,光榮段241~270地號,0.46,住,,,1070719,土地1建物0車位0,,,其他,,,,0.0,0,0,0,有,無,29072,0,,0.0,0,向政府機關承購之案件。;,RPPNMLTKQHNFFAX97CA
馬公市,土地,四維段571~600地號,1374.55,,一般農業區,農牧用地,1070723,土地1建物0車位0,,,其他,,,,0.0,0,0,0,有,無,19550000,14223,,0.0,0,,RPTNMLLLQHNFFAX67CA
馬公市,土地,光榮段241~270地號,22.6,住,,,1070716,土地1建物0車位0,,,其他,,,,0.0,0,0,0,有,無,1339954,59290,,0.0,0,畸零地或有合併使用之交易。;向政府機關承購之案件。;,RPPNMLQLQHNFFAX77CA
馬公市,房地(土地+建物),澎湖縣馬公市四維路361~390號,88.71,住,,,1070704,土地1建物1車位0,全,三層,透天厝,住家用,見其他登記事項,0800222,174.01,4,2,3,有,無,5160000,29653,,0.0,0,親友、員工或其他特殊關係間之交易。;,RPSNMLLMPHNFFAX67DA
馬公市,土地,六合段691~720地號,1472.44,農,,,1070705,土地1建物0車位0,,,其他,,,,0.0,0,0,0,有,無,22400000,15213,,0.0,0,,RPPNMLRJQHNFFAX67CA
馬公市,房地(土地+建物),澎湖縣馬公市鎖管港781~810號,115.86,住,,,1070624,土地1建物1車位0,全,四層,透天厝,住家用,鋼筋混凝土造,1060508,273.4,5,2,6,有,無,9800000,35845,,0.0,0,土地建物分次登記案件,RPQNMLTLQHNFFAX28DA
湖西鄉,土地,太武新段91~120地號,386.74,,一般農業區,農牧用地,1070725,土地3建物0車位0,,,其他,,,,0.0,0,0,0,有,無,680000,1758,,0.0,0,,RPTNMLNKQHNFFAX77CA
