﻿編號,土地區段位置,土地移轉面積(平方公尺),使用分區或編定
The serial number,land sector position,land shifting area (square meter),the use zoning or compiles and checks
RPQNMLRLPHNFFAX97DA,文石段,115.96,非都市：一般農業區 ; 非都市編定：甲種建築用地
RPVNMLKMPHNFFAX77CA,鎮海新段,612.81,非都市：一般農業區 ; 非都市編定：農牧用地
RPVNMLKMPHNFFAX77CA,鎮海新段,48.26,非都市：一般農業區 ; 非都市編定：交通用地
RPPNMLTJQHNFFAX87CA,大嶼段,156.00,非都市：鄉村區 ; 非都市編定：乙種建築用地
RPRNMLQLPHNFFAX87CA,埕東段,62.16,都市：其他
RPSNMLPLPHNFFAX87CA,赤馬二段,548.12,非都市：一般農業區 ; 非都市編定：農牧用地
RPSNMLKMPHNFFAX47CA,成功南段,531.04,非都市：一般農業區 ; 非都市編定：農牧用地
RPSNMLQLPHNFFAX97CA,池西段,121.72,非都市：鄉村區 ; 非都市編定：乙種建築用地
RPSNMLQLPHNFFAX97CA,池東段,526.30,非都市：一般農業區 ; 非都市編定：農牧用地
RPSNMLQLPHNFFAX97CA,池東段,475.15,非都市：一般農業區 ; 非都市編定：農牧用地
RPPNMLKMPHNFFAX17CA,中屯新段,10.89,非都市：一般農業區 ; 非都市編定：交通用地
RPPNMLKMPHNFFAX17CA,中屯新段,210.64,非都市：一般農業區 ; 非都市編定：農牧用地
RPRNMLRLPHNFFAX08DA,文石段,115.73,非都市：一般農業區 ; 非都市編定：甲種建築用地
RPOOMLKMPHNFFAX27DA,鎖港南段,130.73,都市：住
RPSNMLQJQHNFFAX97DA,岐頭段,99.50,非都市：鄉村區 ; 非都市編定：乙種建築用地
RPQNMLKMPHNFFAX27CA,文寮段,6.38,非都市：鄉村區 ; 非都市編定：水利用地
RPPNMLPKQHNFFAX57CA,花宅段,23.00,非都市：鄉村區 ; 非都市編定：乙種建築用地
RPPNMLPKQHNFFAX57CA,花宅段,109.00,非都市：鄉村區 ; 非都市編定：乙種建築用地
RPTNMLLMPHNFFAX67CA,成功南段,814.38,非都市：一般農業區 ; 非都市編定：農牧用地
RPTNMLLMPHNFFAX67CA,成功南段,402.26,非都市：一般農業區 ; 非都市編定：農牧用地
RPTNMLLMPHNFFAX67CA,成功南段,253.46,非都市：一般農業區 ; 非都市編定：農牧用地
RPRNMLLMPHNFFAX47CA,竹灣段,78.20,非都市：鄉村區 ; 非都市編定：乙種建築用地
RPRNMLLMPHNFFAX47CA,竹灣段,79.14,非都市：鄉村區 ; 非都市編定：乙種建築用地
RPPNMLQLQHNFFAX77CA,光榮段,22.60,都市：住
RPPNMLRJQHNFFAX67CA,六合段,736.22,都市：農
RPPNMLRJQHNFFAX67CA,六合段,368.11,都市：農
RPPNMLRJQHNFFAX67CA,六合段,368.11,都市：農
RPSNMLLMPHNFFAX67DA,埕東段,88.71,都市：住
RPTNMLLLQHNFFAX67CA,四維段,208.94,非都市：一般農業區 ; 非都市編定：農牧用地
RPTNMLLLQHNFFAX67CA,四維段,219.35,非都市：一般農業區 ; 非都市編定：農牧用地
RPTNMLLLQHNFFAX67CA,四維段,226.74,非都市：一般農業區 ; 非都市編定：農牧用地
RPTNMLLLQHNFFAX67CA,四維段,220.50,非都市：一般農業區 ; 非都市編定：農牧用地
RPTNMLLLQHNFFAX67CA,四維段,217.73,非都市：一般農業區 ; 非都市編定：農牧用地
RPTNMLLLQHNFFAX67CA,四維段,281.29,非都市：一般農業區 ; 非都市編定：農牧用地
RPRNMLKMPHNFFAX37CA,文東段,490.00,非都市：一般農業區 ; 非都市編定：農牧用地
RPPOMLKMPHNFFAX27CA,下瓦硐段,189.02,非都市：鄉村區 ; 非都市編定：乙種建築用地
RPPOMLKMPHNFFAX27CA,下瓦硐段,145.10,非都市：鄉村區 ; 非都市編定：乙種建築用地
RPPNMLTKQHNFFAX97CA,光榮段,.46,都市：住
RPTNMLNKQHNFFAX77CA,太武新段,274.92,非都市：一般農業區 ; 非都市編定：農牧用地
RPTNMLNKQHNFFAX77CA,太武新段,88.06,非都市：一般農業區 ; 非都市編定：甲種建築用地
RPTNMLNKQHNFFAX77CA,太武新段,23.76,非都市：一般農業區 ; 非都市編定：交通用地
RPQNMLTLQHNFFAX28DA,國宅段,115.86,都市：住
